id,createdAt,expiresAt,status,channel,direction,horizon,tickers,instruments,score,grade,conviction,verifiedPct,quarantined,gapMetric,gapDeltaPct,gapSigma,extractor,claim,invalidation,conflicts
SIG-MF79EGW0-008,2025-09-05T20:00:00.000Z,2025-09-10T20:00:00.000Z,superseded,earnings-gap,short,days,HLXN,native-equity rtoken,80.3,A,60,75,no,EPS,-17.01,,rules,"HLXN EPS 1.61 vs 1.94 consensus (-17.0% surprise, very large) guidance lower - the expectation gap, not the headline, is what reprices the name.","HLXN reclaims the pre-print close within two sessions and holds, showing the miss was already discounted.",0
SIG-MF79EGW0-024,2025-09-05T20:00:00.000Z,2025-09-10T20:00:00.000Z,superseded,earnings-gap,short,days,HLXN,native-equity rtoken,80.3,A,60,75,no,EPS,-17.01,,rules,"HLXN EPS 1.61 vs 1.94 consensus (-17.0% surprise, very large) guidance lower - the expectation gap, not the headline, is what reprices the name.","HLXN reclaims the pre-print close within two sessions and holds, showing the miss was already discounted.",0
SIG-MFB3NBK0-093,2025-09-08T12:30:00.000Z,2025-09-13T12:30:00.000Z,superseded,earnings-gap,short,days,HLXN,native-equity rtoken,80.3,A,60,75,no,EPS,-17.01,,rules,"HLXN EPS 1.61 vs 1.94 consensus (-17.0% surprise, very large) guidance lower - the expectation gap, not the headline, is what reprices the name.","HLXN reclaims the pre-print close within two sessions and holds, showing the miss was already discounted.",0
SIG-MFB3NBK0-109,2025-09-08T12:30:00.000Z,2025-09-13T12:30:00.000Z,superseded,earnings-gap,short,days,HLXN,native-equity rtoken,80.3,A,60,75,no,EPS,-17.01,,rules,"HLXN EPS 1.61 vs 1.94 consensus (-17.0% surprise, very large) guidance lower - the expectation gap, not the headline, is what reprices the name.","HLXN reclaims the pre-print close within two sessions and holds, showing the miss was already discounted.",0
SIG-MFEELQ80-178,2025-09-10T20:00:00.000Z,2025-09-15T20:00:00.000Z,superseded,earnings-gap,short,days,HLXN,native-equity rtoken,80,A,60,75,no,EPS,-17.01,,rules,"HLXN EPS 1.61 vs 1.94 consensus (-17.0% surprise, very large) guidance lower - the expectation gap, not the headline, is what reprices the name.","HLXN reclaims the pre-print close within two sessions and holds, showing the miss was already discounted.",0
SIG-MFEELQ80-194,2025-09-10T20:00:00.000Z,2025-09-15T20:00:00.000Z,superseded,earnings-gap,short,days,HLXN,native-equity rtoken,80,A,60,75,no,EPS,-17.01,,rules,"HLXN EPS 1.61 vs 1.94 consensus (-17.0% surprise, very large) guidance lower - the expectation gap, not the headline, is what reprices the name.","HLXN reclaims the pre-print close within two sessions and holds, showing the miss was already discounted.",0
SIG-MFH9HFK0-263,2025-09-12T20:00:00.000Z,2025-09-17T20:00:00.000Z,superseded,earnings-gap,short,days,HLXN,native-equity rtoken,78.7,A,60,75,no,EPS,-17.01,,rules,"HLXN EPS 1.61 vs 1.94 consensus (-17.0% surprise, very large) guidance lower - the expectation gap, not the headline, is what reprices the name.","HLXN reclaims the pre-print close within two sessions and holds, showing the miss was already discounted.",0
SIG-MFH9HFK0-279,2025-09-12T20:00:00.000Z,2025-09-17T20:00:00.000Z,superseded,earnings-gap,short,days,HLXN,native-equity rtoken,78.7,A,60,75,no,EPS,-17.01,,rules,"HLXN EPS 1.61 vs 1.94 consensus (-17.0% surprise, very large) guidance lower - the expectation gap, not the headline, is what reprices the name.","HLXN reclaims the pre-print close within two sessions and holds, showing the miss was already discounted.",0
SIG-MFIE7HC0-348,2025-09-13T15:00:00.000Z,2025-09-18T15:00:00.000Z,superseded,earnings-gap,short,days,HLXN,native-equity rtoken,78.3,A,60,75,no,EPS,-17.01,,rules,"HLXN EPS 1.61 vs 1.94 consensus (-17.0% surprise, very large) guidance lower - the expectation gap, not the headline, is what reprices the name.","HLXN reclaims the pre-print close within two sessions and holds, showing the miss was already discounted.",0
SIG-MFIE7HC0-367,2025-09-13T15:00:00.000Z,2025-09-18T15:00:00.000Z,superseded,earnings-gap,short,days,HLXN,native-equity rtoken,78.3,A,60,75,no,EPS,-17.01,,rules,"HLXN EPS 1.61 vs 1.94 consensus (-17.0% surprise, very large) guidance lower - the expectation gap, not the headline, is what reprices the name.","HLXN reclaims the pre-print close within two sessions and holds, showing the miss was already discounted.",0
SIG-MFMJ64W0-451,2025-09-16T12:30:00.000Z,2025-09-21T12:30:00.000Z,superseded,earnings-gap,short,days,HLXN,native-equity rtoken,76.8,A,60,75,no,EPS,-17.01,,rules,"HLXN EPS 1.61 vs 1.94 consensus (-17.0% surprise, very large) guidance lower - the expectation gap, not the headline, is what reprices the name.","HLXN reclaims the pre-print close within two sessions and holds, showing the miss was already discounted.",0
SIG-MFMJ64W0-467,2025-09-16T12:30:00.000Z,2025-09-21T12:30:00.000Z,superseded,earnings-gap,short,days,HLXN,native-equity rtoken,76.8,A,60,75,no,EPS,-17.01,,rules,"HLXN EPS 1.61 vs 1.94 consensus (-17.0% surprise, very large) guidance lower - the expectation gap, not the headline, is what reprices the name.","HLXN reclaims the pre-print close within two sessions and holds, showing the miss was already discounted.",0
SIG-MFOAEDC0-536,2025-09-17T18:00:00.000Z,2025-09-22T18:00:00.000Z,superseded,earnings-gap,short,days,HLXN,native-equity rtoken,76.3,A,60,75,no,EPS,-17.01,,rules,"HLXN EPS 1.61 vs 1.94 consensus (-17.0% surprise, very large) guidance lower - the expectation gap, not the headline, is what reprices the name.","HLXN reclaims the pre-print close within two sessions and holds, showing the miss was already discounted.",0
SIG-MFOAEDC0-552,2025-09-17T18:00:00.000Z,2025-09-22T18:00:00.000Z,superseded,earnings-gap,short,days,HLXN,native-equity rtoken,76.3,A,60,75,no,EPS,-17.01,,rules,"HLXN EPS 1.61 vs 1.94 consensus (-17.0% surprise, very large) guidance lower - the expectation gap, not the headline, is what reprices the name.","HLXN reclaims the pre-print close within two sessions and holds, showing the miss was already discounted.",0
SIG-MF79EGW0-010,2025-09-05T20:00:00.000Z,2025-09-10T20:00:00.000Z,superseded,earnings-gap,long,days,CRVS,native-equity rtoken,75.6,A,84,75,no,EPS,14.52,,rules,"CRVS EPS 1.42 vs 1.24 consensus (+14.5% surprise, large) guidance raise - the expectation gap, not the headline, is what reprices the name.","Post-print follow-through fails: CRVS gives back the gap and closes below the prior close, or management walks back the guide on the next appearance.",0
SIG-MF79EGW0-026,2025-09-05T20:00:00.000Z,2025-09-10T20:00:00.000Z,superseded,earnings-gap,long,days,CRVS,native-equity rtoken,75.6,A,84,75,no,EPS,14.52,,rules,"CRVS EPS 1.42 vs 1.24 consensus (+14.5% surprise, large) guidance raise - the expectation gap, not the headline, is what reprices the name.","Post-print follow-through fails: CRVS gives back the gap and closes below the prior close, or management walks back the guide on the next appearance.",0
SIG-MFB3NBK0-095,2025-09-08T12:30:00.000Z,2025-09-13T12:30:00.000Z,superseded,earnings-gap,long,days,CRVS,native-equity rtoken,75.6,A,84,75,no,EPS,14.52,,rules,"CRVS EPS 1.42 vs 1.24 consensus (+14.5% surprise, large) guidance raise - the expectation gap, not the headline, is what reprices the name.","Post-print follow-through fails: CRVS gives back the gap and closes below the prior close, or management walks back the guide on the next appearance.",0
SIG-MFB3NBK0-111,2025-09-08T12:30:00.000Z,2025-09-13T12:30:00.000Z,superseded,earnings-gap,long,days,CRVS,native-equity rtoken,75.6,A,84,75,no,EPS,14.52,,rules,"CRVS EPS 1.42 vs 1.24 consensus (+14.5% surprise, large) guidance raise - the expectation gap, not the headline, is what reprices the name.","Post-print follow-through fails: CRVS gives back the gap and closes below the prior close, or management walks back the guide on the next appearance.",0
SIG-MFR9KE80-621,2025-09-19T20:00:00.000Z,2025-09-24T20:00:00.000Z,superseded,earnings-gap,short,days,HLXN,native-equity rtoken,75.5,A,60,75,no,EPS,-17.01,,rules,"HLXN EPS 1.61 vs 1.94 consensus (-17.0% surprise, very large) guidance lower - the expectation gap, not the headline, is what reprices the name.","HLXN reclaims the pre-print close within two sessions and holds, showing the miss was already discounted.",0
SIG-MFR9KE80-637,2025-09-19T20:00:00.000Z,2025-09-24T20:00:00.000Z,superseded,earnings-gap,short,days,HLXN,native-equity rtoken,75.5,A,60,75,no,EPS,-17.01,,rules,"HLXN EPS 1.61 vs 1.94 consensus (-17.0% surprise, very large) guidance lower - the expectation gap, not the headline, is what reprices the name.","HLXN reclaims the pre-print close within two sessions and holds, showing the miss was already discounted.",0
SIG-MFEELQ80-180,2025-09-10T20:00:00.000Z,2025-09-15T20:00:00.000Z,superseded,earnings-gap,long,days,CRVS,native-equity rtoken,74.9,B,84,75,no,EPS,14.52,,rules,"CRVS EPS 1.42 vs 1.24 consensus (+14.5% surprise, large) guidance raise - the expectation gap, not the headline, is what reprices the name.","Post-print follow-through fails: CRVS gives back the gap and closes below the prior close, or management walks back the guide on the next appearance.",0
SIG-MFEELQ80-196,2025-09-10T20:00:00.000Z,2025-09-15T20:00:00.000Z,superseded,earnings-gap,long,days,CRVS,native-equity rtoken,74.9,B,84,75,no,EPS,14.52,,rules,"CRVS EPS 1.42 vs 1.24 consensus (+14.5% surprise, large) guidance raise - the expectation gap, not the headline, is what reprices the name.","Post-print follow-through fails: CRVS gives back the gap and closes below the prior close, or management walks back the guide on the next appearance.",0
SIG-MF79EGW0-003,2025-09-05T20:00:00.000Z,2025-09-10T20:00:00.000Z,superseded,macro-transmission,pair,days,AMD TSLA COIN PFE XOM WMT,native-equity etf rtoken,74.8,B,60,100,no,CPI y/y (Aug 2025),-6.45,-1.33,rules,"CPI y/y (Aug 2025) printed 2.9 vs 3.1 consensus (-1.33 sigma). Cooler inflation pulls the terminal policy rate lower, cutting the discount rate and re-rating long-dated cash flows. Measured exposure ranking puts AMD, TSLA, COIN most exposed and PFE, XOM, WMT best positioned.","The transmission does not show up cross-sectionally: within two sessions the least-exposed basket does not underperform the benchmark, meaning the print was already priced or the channel is inactive in this regime.",0
SIG-MF79EGW0-032,2025-09-05T20:00:00.000Z,2025-09-10T20:00:00.000Z,superseded,macro-transmission,pair,days,AMD TSLA COIN PFE XOM WMT,native-equity etf rtoken,74.8,B,60,100,no,CPI y/y (Aug 2025),-6.45,-1.33,rules,"CPI y/y (Aug 2025) printed 2.9 vs 3.1 consensus (-1.33 sigma). Cooler inflation pulls the terminal policy rate lower, cutting the discount rate and re-rating long-dated cash flows. Measured exposure ranking puts AMD, TSLA, COIN most exposed and PFE, XOM, WMT best positioned.","The transmission does not show up cross-sectionally: within two sessions the least-exposed basket does not underperform the benchmark, meaning the print was already priced or the channel is inactive in this regime.",0
SIG-MFB3NBK0-088,2025-09-08T12:30:00.000Z,2025-09-13T12:30:00.000Z,superseded,macro-transmission,pair,days,AMD TSLA COIN PFE XOM WMT,native-equity etf rtoken,74.8,B,60,100,no,CPI y/y (Aug 2025),-6.45,-1.33,rules,"CPI y/y (Aug 2025) printed 2.9 vs 3.1 consensus (-1.33 sigma). Cooler inflation pulls the terminal policy rate lower, cutting the discount rate and re-rating long-dated cash flows. Measured exposure ranking puts AMD, TSLA, COIN most exposed and PFE, XOM, WMT best positioned.","The transmission does not show up cross-sectionally: within two sessions the least-exposed basket does not underperform the benchmark, meaning the print was already priced or the channel is inactive in this regime.",0
SIG-MFB3NBK0-117,2025-09-08T12:30:00.000Z,2025-09-13T12:30:00.000Z,superseded,macro-transmission,pair,days,AMD TSLA COIN PFE XOM WMT,native-equity etf rtoken,74.8,B,60,100,no,CPI y/y (Aug 2025),-6.45,-1.33,rules,"CPI y/y (Aug 2025) printed 2.9 vs 3.1 consensus (-1.33 sigma). Cooler inflation pulls the terminal policy rate lower, cutting the discount rate and re-rating long-dated cash flows. Measured exposure ranking puts AMD, TSLA, COIN most exposed and PFE, XOM, WMT best positioned.","The transmission does not show up cross-sectionally: within two sessions the least-exposed basket does not underperform the benchmark, meaning the print was already priced or the channel is inactive in this regime.",0
SIG-MFEELQ80-173,2025-09-10T20:00:00.000Z,2025-09-15T20:00:00.000Z,superseded,macro-transmission,pair,days,AMD TSLA COIN PFE XOM WMT,native-equity etf rtoken,74.8,B,60,100,no,CPI y/y (Aug 2025),-6.45,-1.33,rules,"CPI y/y (Aug 2025) printed 2.9 vs 3.1 consensus (-1.33 sigma). Cooler inflation pulls the terminal policy rate lower, cutting the discount rate and re-rating long-dated cash flows. Measured exposure ranking puts AMD, TSLA, COIN most exposed and PFE, XOM, WMT best positioned.","The transmission does not show up cross-sectionally: within two sessions the least-exposed basket does not underperform the benchmark, meaning the print was already priced or the channel is inactive in this regime.",0
SIG-MFEELQ80-202,2025-09-10T20:00:00.000Z,2025-09-15T20:00:00.000Z,superseded,macro-transmission,pair,days,AMD TSLA COIN PFE XOM WMT,native-equity etf rtoken,74.8,B,60,100,no,CPI y/y (Aug 2025),-6.45,-1.33,rules,"CPI y/y (Aug 2025) printed 2.9 vs 3.1 consensus (-1.33 sigma). Cooler inflation pulls the terminal policy rate lower, cutting the discount rate and re-rating long-dated cash flows. Measured exposure ranking puts AMD, TSLA, COIN most exposed and PFE, XOM, WMT best positioned.","The transmission does not show up cross-sectionally: within two sessions the least-exposed basket does not underperform the benchmark, meaning the print was already priced or the channel is inactive in this regime.",0
SIG-MFWZBSW0-706,2025-09-23T20:00:00.000Z,2025-09-28T20:00:00.000Z,superseded,earnings-gap,short,days,HLXN,native-equity rtoken,74.2,B,60,75,no,EPS,-17.01,,rules,"HLXN EPS 1.61 vs 1.94 consensus (-17.0% surprise, very large) guidance lower - the expectation gap, not the headline, is what reprices the name.","HLXN reclaims the pre-print close within two sessions and holds, showing the miss was already discounted.",0
SIG-MFWZBSW0-722,2025-09-23T20:00:00.000Z,2025-09-28T20:00:00.000Z,superseded,earnings-gap,short,days,HLXN,native-equity rtoken,74.2,B,60,75,no,EPS,-17.01,,rules,"HLXN EPS 1.61 vs 1.94 consensus (-17.0% surprise, very large) guidance lower - the expectation gap, not the headline, is what reprices the name.","HLXN reclaims the pre-print close within two sessions and holds, showing the miss was already discounted.",0
SIG-MFH9HFK0-265,2025-09-12T20:00:00.000Z,2025-09-17T20:00:00.000Z,superseded,earnings-gap,long,days,CRVS,native-equity rtoken,73.7,B,84,75,no,EPS,14.52,,rules,"CRVS EPS 1.42 vs 1.24 consensus (+14.5% surprise, large) guidance raise - the expectation gap, not the headline, is what reprices the name.","Post-print follow-through fails: CRVS gives back the gap and closes below the prior close, or management walks back the guide on the next appearance.",0
SIG-MFH9HFK0-281,2025-09-12T20:00:00.000Z,2025-09-17T20:00:00.000Z,superseded,earnings-gap,long,days,CRVS,native-equity rtoken,73.7,B,84,75,no,EPS,14.52,,rules,"CRVS EPS 1.42 vs 1.24 consensus (+14.5% surprise, large) guidance raise - the expectation gap, not the headline, is what reprices the name.","Post-print follow-through fails: CRVS gives back the gap and closes below the prior close, or management walks back the guide on the next appearance.",0
SIG-MG19NCW0-791,2025-09-26T20:00:00.000Z,2025-10-01T20:00:00.000Z,superseded,earnings-gap,short,days,HLXN,native-equity rtoken,73.5,B,60,75,no,EPS,-17.01,,rules,"HLXN EPS 1.61 vs 1.94 consensus (-17.0% surprise, very large) guidance lower - the expectation gap, not the headline, is what reprices the name.","HLXN reclaims the pre-print close within two sessions and holds, showing the miss was already discounted.",0
SIG-MG19NCW0-807,2025-09-26T20:00:00.000Z,2025-10-01T20:00:00.000Z,superseded,earnings-gap,short,days,HLXN,native-equity rtoken,73.5,B,60,75,no,EPS,-17.01,,rules,"HLXN EPS 1.61 vs 1.94 consensus (-17.0% surprise, very large) guidance lower - the expectation gap, not the headline, is what reprices the name.","HLXN reclaims the pre-print close within two sessions and holds, showing the miss was already discounted.",0
SIG-MFIE7HC0-350,2025-09-13T15:00:00.000Z,2025-09-18T15:00:00.000Z,superseded,earnings-gap,long,days,CRVS,native-equity rtoken,73.3,B,84,75,no,EPS,14.52,,rules,"CRVS EPS 1.42 vs 1.24 consensus (+14.5% surprise, large) guidance raise - the expectation gap, not the headline, is what reprices the name.","Post-print follow-through fails: CRVS gives back the gap and closes below the prior close, or management walks back the guide on the next appearance.",0
SIG-MFIE7HC0-369,2025-09-13T15:00:00.000Z,2025-09-18T15:00:00.000Z,superseded,earnings-gap,long,days,CRVS,native-equity rtoken,73.3,B,84,75,no,EPS,14.52,,rules,"CRVS EPS 1.42 vs 1.24 consensus (+14.5% surprise, large) guidance raise - the expectation gap, not the headline, is what reprices the name.","Post-print follow-through fails: CRVS gives back the gap and closes below the prior close, or management walks back the guide on the next appearance.",0
SIG-MFH9HFK0-258,2025-09-12T20:00:00.000Z,2025-09-17T20:00:00.000Z,superseded,macro-transmission,pair,days,AMD TSLA COIN PFE XOM WMT,native-equity etf rtoken,73.2,B,60,100,no,CPI y/y (Aug 2025),-6.45,-1.33,rules,"CPI y/y (Aug 2025) printed 2.9 vs 3.1 consensus (-1.33 sigma). Cooler inflation pulls the terminal policy rate lower, cutting the discount rate and re-rating long-dated cash flows. Measured exposure ranking puts AMD, TSLA, COIN most exposed and PFE, XOM, WMT best positioned.","The transmission does not show up cross-sectionally: within two sessions the least-exposed basket does not underperform the benchmark, meaning the print was already priced or the channel is inactive in this regime.",0
SIG-MFH9HFK0-287,2025-09-12T20:00:00.000Z,2025-09-17T20:00:00.000Z,superseded,macro-transmission,pair,days,AMD TSLA COIN PFE XOM WMT,native-equity etf rtoken,73.2,B,60,100,no,CPI y/y (Aug 2025),-6.45,-1.33,rules,"CPI y/y (Aug 2025) printed 2.9 vs 3.1 consensus (-1.33 sigma). Cooler inflation pulls the terminal policy rate lower, cutting the discount rate and re-rating long-dated cash flows. Measured exposure ranking puts AMD, TSLA, COIN most exposed and PFE, XOM, WMT best positioned.","The transmission does not show up cross-sectionally: within two sessions the least-exposed basket does not underperform the benchmark, meaning the print was already priced or the channel is inactive in this regime.",0
SIG-MG6ZERK0-876,2025-09-30T20:00:00.000Z,2025-10-05T20:00:00.000Z,superseded,earnings-gap,short,days,HLXN,native-equity rtoken,72.7,B,60,75,no,EPS,-17.01,,rules,"HLXN EPS 1.61 vs 1.94 consensus (-17.0% surprise, very large) guidance lower - the expectation gap, not the headline, is what reprices the name.","HLXN reclaims the pre-print close within two sessions and holds, showing the miss was already discounted.",0
SIG-MG6ZERK0-892,2025-09-30T20:00:00.000Z,2025-10-05T20:00:00.000Z,active,earnings-gap,short,days,HLXN,native-equity rtoken,72.7,B,60,75,no,EPS,-17.01,,rules,"HLXN EPS 1.61 vs 1.94 consensus (-17.0% surprise, very large) guidance lower - the expectation gap, not the headline, is what reprices the name.","HLXN reclaims the pre-print close within two sessions and holds, showing the miss was already discounted.",0
SIG-MFIE7HC0-343,2025-09-13T15:00:00.000Z,2025-09-18T15:00:00.000Z,superseded,macro-transmission,pair,days,AMD TSLA COIN PFE XOM WMT,native-equity etf rtoken,72.3,B,60,100,no,CPI y/y (Aug 2025),-6.45,-1.33,rules,"CPI y/y (Aug 2025) printed 2.9 vs 3.1 consensus (-1.33 sigma). Cooler inflation pulls the terminal policy rate lower, cutting the discount rate and re-rating long-dated cash flows. Measured exposure ranking puts AMD, TSLA, COIN most exposed and PFE, XOM, WMT best positioned.","The transmission does not show up cross-sectionally: within two sessions the least-exposed basket does not underperform the benchmark, meaning the print was already priced or the channel is inactive in this regime.",0
SIG-MFIE7HC0-378,2025-09-13T15:00:00.000Z,2025-09-18T15:00:00.000Z,superseded,macro-transmission,pair,days,AMD TSLA COIN PFE XOM WMT,native-equity etf rtoken,72.3,B,60,100,no,CPI y/y (Aug 2025),-6.45,-1.33,rules,"CPI y/y (Aug 2025) printed 2.9 vs 3.1 consensus (-1.33 sigma). Cooler inflation pulls the terminal policy rate lower, cutting the discount rate and re-rating long-dated cash flows. Measured exposure ranking puts AMD, TSLA, COIN most exposed and PFE, XOM, WMT best positioned.","The transmission does not show up cross-sectionally: within two sessions the least-exposed basket does not underperform the benchmark, meaning the print was already priced or the channel is inactive in this regime.",0
SIG-MFMJ64W0-453,2025-09-16T12:30:00.000Z,2025-09-21T12:30:00.000Z,superseded,earnings-gap,long,days,CRVS,native-equity rtoken,71.9,B,84,75,no,EPS,14.52,,rules,"CRVS EPS 1.42 vs 1.24 consensus (+14.5% surprise, large) guidance raise - the expectation gap, not the headline, is what reprices the name.","Post-print follow-through fails: CRVS gives back the gap and closes below the prior close, or management walks back the guide on the next appearance.",0
SIG-MFMJ64W0-469,2025-09-16T12:30:00.000Z,2025-09-21T12:30:00.000Z,superseded,earnings-gap,long,days,CRVS,native-equity rtoken,71.9,B,84,75,no,EPS,14.52,,rules,"CRVS EPS 1.42 vs 1.24 consensus (+14.5% surprise, large) guidance raise - the expectation gap, not the headline, is what reprices the name.","Post-print follow-through fails: CRVS gives back the gap and closes below the prior close, or management walks back the guide on the next appearance.",0
SIG-MF79EGW0-002,2025-09-05T20:00:00.000Z,2025-09-06T04:00:00.000Z,superseded,earnings-gap,short,intraday,ASTR,native-equity rtoken,71.7,B,36,100,no,EPS,-4.92,,rules,"ASTR EPS 0.58 vs 0.61 consensus (-4.9% surprise, meaningful) guidance withdraw - the expectation gap, not the headline, is what reprices the name.","ASTR reclaims the pre-print close within two sessions and holds, showing the miss was already discounted.",0
SIG-MFB3NBK0-087,2025-09-08T12:30:00.000Z,2025-09-08T20:30:00.000Z,superseded,earnings-gap,short,intraday,ASTR,native-equity rtoken,71.7,B,36,100,no,EPS,-4.92,,rules,"ASTR EPS 0.58 vs 0.61 consensus (-4.9% surprise, meaningful) guidance withdraw - the expectation gap, not the headline, is what reprices the name.","ASTR reclaims the pre-print close within two sessions and holds, showing the miss was already discounted.",0
SIG-MFEELQ80-172,2025-09-10T20:00:00.000Z,2025-09-11T04:00:00.000Z,superseded,earnings-gap,short,intraday,ASTR,native-equity rtoken,71.7,B,36,100,no,EPS,-4.92,,rules,"ASTR EPS 0.58 vs 0.61 consensus (-4.9% surprise, meaningful) guidance withdraw - the expectation gap, not the headline, is what reprices the name.","ASTR reclaims the pre-print close within two sessions and holds, showing the miss was already discounted.",0
SIG-MFH9HFK0-257,2025-09-12T20:00:00.000Z,2025-09-13T04:00:00.000Z,superseded,earnings-gap,short,intraday,ASTR,native-equity rtoken,71.7,B,36,100,no,EPS,-4.92,,rules,"ASTR EPS 0.58 vs 0.61 consensus (-4.9% surprise, meaningful) guidance withdraw - the expectation gap, not the headline, is what reprices the name.","ASTR reclaims the pre-print close within two sessions and holds, showing the miss was already discounted.",0
SIG-MFOAEDC0-538,2025-09-17T18:00:00.000Z,2025-09-22T18:00:00.000Z,superseded,earnings-gap,long,days,CRVS,native-equity rtoken,71.4,B,84,75,no,EPS,14.52,,rules,"CRVS EPS 1.42 vs 1.24 consensus (+14.5% surprise, large) guidance raise - the expectation gap, not the headline, is what reprices the name.","Post-print follow-through fails: CRVS gives back the gap and closes below the prior close, or management walks back the guide on the next appearance.",0
SIG-MFOAEDC0-554,2025-09-17T18:00:00.000Z,2025-09-22T18:00:00.000Z,superseded,earnings-gap,long,days,CRVS,native-equity rtoken,71.4,B,84,75,no,EPS,14.52,,rules,"CRVS EPS 1.42 vs 1.24 consensus (+14.5% surprise, large) guidance raise - the expectation gap, not the headline, is what reprices the name.","Post-print follow-through fails: CRVS gives back the gap and closes below the prior close, or management walks back the guide on the next appearance.",0
SIG-MFIE7HC0-342,2025-09-13T15:00:00.000Z,2025-09-13T23:00:00.000Z,superseded,earnings-gap,short,intraday,ASTR,native-equity rtoken,71.2,B,36,100,no,EPS,-4.92,,rules,"ASTR EPS 0.58 vs 0.61 consensus (-4.9% surprise, meaningful) guidance withdraw - the expectation gap, not the headline, is what reprices the name.","ASTR reclaims the pre-print close within two sessions and holds, showing the miss was already discounted.",0
SIG-MFR9KE80-623,2025-09-19T20:00:00.000Z,2025-09-24T20:00:00.000Z,superseded,earnings-gap,long,days,CRVS,native-equity rtoken,70.6,B,84,75,no,EPS,14.52,,rules,"CRVS EPS 1.42 vs 1.24 consensus (+14.5% surprise, large) guidance raise - the expectation gap, not the headline, is what reprices the name.","Post-print follow-through fails: CRVS gives back the gap and closes below the prior close, or management walks back the guide on the next appearance.",0
SIG-MFR9KE80-639,2025-09-19T20:00:00.000Z,2025-09-24T20:00:00.000Z,superseded,earnings-gap,long,days,CRVS,native-equity rtoken,70.6,B,84,75,no,EPS,14.52,,rules,"CRVS EPS 1.42 vs 1.24 consensus (+14.5% surprise, large) guidance raise - the expectation gap, not the headline, is what reprices the name.","Post-print follow-through fails: CRVS gives back the gap and closes below the prior close, or management walks back the guide on the next appearance.",0
SIG-MFMJ64W0-446,2025-09-16T12:30:00.000Z,2025-09-21T12:30:00.000Z,superseded,macro-transmission,pair,days,AMD TSLA COIN PFE XOM WMT,native-equity etf rtoken,69.8,B,60,100,no,CPI y/y (Aug 2025),-6.45,-1.33,rules,"CPI y/y (Aug 2025) printed 2.9 vs 3.1 consensus (-1.33 sigma). Cooler inflation pulls the terminal policy rate lower, cutting the discount rate and re-rating long-dated cash flows. Measured exposure ranking puts AMD, TSLA, COIN most exposed and PFE, XOM, WMT best positioned.","The transmission does not show up cross-sectionally: within two sessions the least-exposed basket does not underperform the benchmark, meaning the print was already priced or the channel is inactive in this regime.",0
SIG-MFMJ64W0-475,2025-09-16T12:30:00.000Z,2025-09-21T12:30:00.000Z,superseded,macro-transmission,pair,days,AMD TSLA COIN PFE XOM WMT,native-equity etf rtoken,69.8,B,60,100,no,CPI y/y (Aug 2025),-6.45,-1.33,rules,"CPI y/y (Aug 2025) printed 2.9 vs 3.1 consensus (-1.33 sigma). Cooler inflation pulls the terminal policy rate lower, cutting the discount rate and re-rating long-dated cash flows. Measured exposure ranking puts AMD, TSLA, COIN most exposed and PFE, XOM, WMT best positioned.","The transmission does not show up cross-sectionally: within two sessions the least-exposed basket does not underperform the benchmark, meaning the print was already priced or the channel is inactive in this regime.",0
SIG-MF79EGW0-012,2025-09-05T20:00:00.000Z,2025-09-10T20:00:00.000Z,superseded,macro-transmission,pair,days,COIN TSLA PLTR PFE XOM WMT,native-equity etf rtoken,69.5,B,55,100,no,Nonfarm payrolls (Aug 2025),-70.67,-0.88,rules,"Nonfarm payrolls (Aug 2025) printed 22 vs 75 consensus (-0.88 sigma). A cooling labor market raises easing odds but also recession risk - a two-sided shock. Measured exposure ranking puts COIN, TSLA, PLTR most exposed and PFE, XOM, WMT best positioned.","The transmission does not show up cross-sectionally: within two sessions the least-exposed basket does not underperform the benchmark, meaning the print was already priced or the channel is inactive in this regime.",0
SIG-MF79EGW0-041,2025-09-05T20:00:00.000Z,2025-09-10T20:00:00.000Z,superseded,macro-transmission,pair,days,COIN TSLA PLTR PFE XOM WMT,native-equity etf rtoken,69.5,B,55,100,no,Nonfarm payrolls (Aug 2025),-70.67,-0.88,rules,"Nonfarm payrolls (Aug 2025) printed 22 vs 75 consensus (-0.88 sigma). A cooling labor market raises easing odds but also recession risk - a two-sided shock. Measured exposure ranking puts COIN, TSLA, PLTR most exposed and PFE, XOM, WMT best positioned.","The transmission does not show up cross-sectionally: within two sessions the least-exposed basket does not underperform the benchmark, meaning the print was already priced or the channel is inactive in this regime.",0
SIG-MFMJ64W0-445,2025-09-16T12:30:00.000Z,2025-09-16T20:30:00.000Z,superseded,earnings-gap,short,intraday,ASTR,native-equity rtoken,69.5,B,36,100,no,EPS,-4.92,,rules,"ASTR EPS 0.58 vs 0.61 consensus (-4.9% surprise, meaningful) guidance withdraw - the expectation gap, not the headline, is what reprices the name.","ASTR reclaims the pre-print close within two sessions and holds, showing the miss was already discounted.",0
SIG-MFWZBSW0-708,2025-09-23T20:00:00.000Z,2025-09-28T20:00:00.000Z,superseded,earnings-gap,long,days,CRVS,native-equity rtoken,69.4,B,84,75,no,EPS,14.52,,rules,"CRVS EPS 1.42 vs 1.24 consensus (+14.5% surprise, large) guidance raise - the expectation gap, not the headline, is what reprices the name.","Post-print follow-through fails: CRVS gives back the gap and closes below the prior close, or management walks back the guide on the next appearance.",0
SIG-MFWZBSW0-724,2025-09-23T20:00:00.000Z,2025-09-28T20:00:00.000Z,superseded,earnings-gap,long,days,CRVS,native-equity rtoken,69.4,B,84,75,no,EPS,14.52,,rules,"CRVS EPS 1.42 vs 1.24 consensus (+14.5% surprise, large) guidance raise - the expectation gap, not the headline, is what reprices the name.","Post-print follow-through fails: CRVS gives back the gap and closes below the prior close, or management walks back the guide on the next appearance.",0
SIG-MFOAEDC0-531,2025-09-17T18:00:00.000Z,2025-09-22T18:00:00.000Z,superseded,macro-transmission,pair,days,AMD TSLA COIN PFE XOM WMT,native-equity etf rtoken,69.1,B,60,100,no,CPI y/y (Aug 2025),-6.45,-1.33,rules,"CPI y/y (Aug 2025) printed 2.9 vs 3.1 consensus (-1.33 sigma). Cooler inflation pulls the terminal policy rate lower, cutting the discount rate and re-rating long-dated cash flows. Measured exposure ranking puts AMD, TSLA, COIN most exposed and PFE, XOM, WMT best positioned.","The transmission does not show up cross-sectionally: within two sessions the least-exposed basket does not underperform the benchmark, meaning the print was already priced or the channel is inactive in this regime.",0
SIG-MFOAEDC0-560,2025-09-17T18:00:00.000Z,2025-09-22T18:00:00.000Z,superseded,macro-transmission,pair,days,AMD TSLA COIN PFE XOM WMT,native-equity etf rtoken,69.1,B,60,100,no,CPI y/y (Aug 2025),-6.45,-1.33,rules,"CPI y/y (Aug 2025) printed 2.9 vs 3.1 consensus (-1.33 sigma). Cooler inflation pulls the terminal policy rate lower, cutting the discount rate and re-rating long-dated cash flows. Measured exposure ranking puts AMD, TSLA, COIN most exposed and PFE, XOM, WMT best positioned.","The transmission does not show up cross-sectionally: within two sessions the least-exposed basket does not underperform the benchmark, meaning the print was already priced or the channel is inactive in this regime.",0
SIG-MFOAEDC0-530,2025-09-17T18:00:00.000Z,2025-09-18T02:00:00.000Z,superseded,earnings-gap,short,intraday,ASTR,native-equity rtoken,68.8,B,36,100,no,EPS,-4.92,,rules,"ASTR EPS 0.58 vs 0.61 consensus (-4.9% surprise, meaningful) guidance withdraw - the expectation gap, not the headline, is what reprices the name.","ASTR reclaims the pre-print close within two sessions and holds, showing the miss was already discounted.",0
SIG-MG19NCW0-793,2025-09-26T20:00:00.000Z,2025-10-01T20:00:00.000Z,superseded,earnings-gap,long,days,CRVS,native-equity rtoken,68.7,B,84,75,no,EPS,14.52,,rules,"CRVS EPS 1.42 vs 1.24 consensus (+14.5% surprise, large) guidance raise - the expectation gap, not the headline, is what reprices the name.","Post-print follow-through fails: CRVS gives back the gap and closes below the prior close, or management walks back the guide on the next appearance.",0
SIG-MG19NCW0-809,2025-09-26T20:00:00.000Z,2025-10-01T20:00:00.000Z,superseded,earnings-gap,long,days,CRVS,native-equity rtoken,68.7,B,84,75,no,EPS,14.52,,rules,"CRVS EPS 1.42 vs 1.24 consensus (+14.5% surprise, large) guidance raise - the expectation gap, not the headline, is what reprices the name.","Post-print follow-through fails: CRVS gives back the gap and closes below the prior close, or management walks back the guide on the next appearance.",0
SIG-MFR9KE80-616,2025-09-19T20:00:00.000Z,2025-09-24T20:00:00.000Z,superseded,macro-transmission,pair,days,AMD TSLA COIN PFE XOM WMT,native-equity etf rtoken,68,B,60,100,no,CPI y/y (Aug 2025),-6.45,-1.33,rules,"CPI y/y (Aug 2025) printed 2.9 vs 3.1 consensus (-1.33 sigma). Cooler inflation pulls the terminal policy rate lower, cutting the discount rate and re-rating long-dated cash flows. Measured exposure ranking puts AMD, TSLA, COIN most exposed and PFE, XOM, WMT best positioned.","The transmission does not show up cross-sectionally: within two sessions the least-exposed basket does not underperform the benchmark, meaning the print was already priced or the channel is inactive in this regime.",0
SIG-MFR9KE80-645,2025-09-19T20:00:00.000Z,2025-09-24T20:00:00.000Z,superseded,macro-transmission,pair,days,AMD TSLA COIN PFE XOM WMT,native-equity etf rtoken,68,B,60,100,no,CPI y/y (Aug 2025),-6.45,-1.33,rules,"CPI y/y (Aug 2025) printed 2.9 vs 3.1 consensus (-1.33 sigma). Cooler inflation pulls the terminal policy rate lower, cutting the discount rate and re-rating long-dated cash flows. Measured exposure ranking puts AMD, TSLA, COIN most exposed and PFE, XOM, WMT best positioned.","The transmission does not show up cross-sectionally: within two sessions the least-exposed basket does not underperform the benchmark, meaning the print was already priced or the channel is inactive in this regime.",0
SIG-MFR9KE80-615,2025-09-19T20:00:00.000Z,2025-09-20T04:00:00.000Z,superseded,earnings-gap,short,intraday,ASTR,native-equity rtoken,67.9,B,36,100,no,EPS,-4.92,,rules,"ASTR EPS 0.58 vs 0.61 consensus (-4.9% surprise, meaningful) guidance withdraw - the expectation gap, not the headline, is what reprices the name.","ASTR reclaims the pre-print close within two sessions and holds, showing the miss was already discounted.",0
SIG-MG6ZERK0-878,2025-09-30T20:00:00.000Z,2025-10-05T20:00:00.000Z,superseded,earnings-gap,long,days,CRVS,native-equity rtoken,67.9,B,84,75,no,EPS,14.52,,rules,"CRVS EPS 1.42 vs 1.24 consensus (+14.5% surprise, large) guidance raise - the expectation gap, not the headline, is what reprices the name.","Post-print follow-through fails: CRVS gives back the gap and closes below the prior close, or management walks back the guide on the next appearance.",0
SIG-MG6ZERK0-894,2025-09-30T20:00:00.000Z,2025-10-05T20:00:00.000Z,active,earnings-gap,long,days,CRVS,native-equity rtoken,67.9,B,84,75,no,EPS,14.52,,rules,"CRVS EPS 1.42 vs 1.24 consensus (+14.5% surprise, large) guidance raise - the expectation gap, not the headline, is what reprices the name.","Post-print follow-through fails: CRVS gives back the gap and closes below the prior close, or management walks back the guide on the next appearance.",0
SIG-MF79EGW0-018,2025-09-05T20:00:00.000Z,2025-09-06T04:00:00.000Z,superseded,earnings-gap,short,intraday,ASTR,native-equity rtoken,67.2,B,36,75,no,EPS,-4.92,,rules,"ASTR EPS 0.58 vs 0.61 consensus (-4.9% surprise, meaningful) guidance withdraw - the expectation gap, not the headline, is what reprices the name.","ASTR reclaims the pre-print close within two sessions and holds, showing the miss was already discounted.",0
SIG-MFB3NBK0-103,2025-09-08T12:30:00.000Z,2025-09-08T20:30:00.000Z,superseded,earnings-gap,short,intraday,ASTR,native-equity rtoken,67.2,B,36,75,no,EPS,-4.92,,rules,"ASTR EPS 0.58 vs 0.61 consensus (-4.9% surprise, meaningful) guidance withdraw - the expectation gap, not the headline, is what reprices the name.","ASTR reclaims the pre-print close within two sessions and holds, showing the miss was already discounted.",0
SIG-MFEELQ80-188,2025-09-10T20:00:00.000Z,2025-09-11T04:00:00.000Z,superseded,earnings-gap,short,intraday,ASTR,native-equity rtoken,67.2,B,36,75,no,EPS,-4.92,,rules,"ASTR EPS 0.58 vs 0.61 consensus (-4.9% surprise, meaningful) guidance withdraw - the expectation gap, not the headline, is what reprices the name.","ASTR reclaims the pre-print close within two sessions and holds, showing the miss was already discounted.",0
SIG-MFH9HFK0-273,2025-09-12T20:00:00.000Z,2025-09-13T04:00:00.000Z,superseded,earnings-gap,short,intraday,ASTR,native-equity rtoken,67.2,B,36,75,no,EPS,-4.92,,rules,"ASTR EPS 0.58 vs 0.61 consensus (-4.9% surprise, meaningful) guidance withdraw - the expectation gap, not the headline, is what reprices the name.","ASTR reclaims the pre-print close within two sessions and holds, showing the miss was already discounted.",0
SIG-MFIE7HC0-361,2025-09-13T15:00:00.000Z,2025-09-13T23:00:00.000Z,superseded,earnings-gap,short,intraday,ASTR,native-equity rtoken,66.7,B,36,75,no,EPS,-4.92,,rules,"ASTR EPS 0.58 vs 0.61 consensus (-4.9% surprise, meaningful) guidance withdraw - the expectation gap, not the headline, is what reprices the name.","ASTR reclaims the pre-print close within two sessions and holds, showing the miss was already discounted.",0
SIG-MFWZBSW0-701,2025-09-23T20:00:00.000Z,2025-09-28T20:00:00.000Z,superseded,macro-transmission,pair,days,AMD TSLA COIN PFE XOM WMT,native-equity etf rtoken,66.7,B,60,100,no,CPI y/y (Aug 2025),-6.45,-1.33,rules,"CPI y/y (Aug 2025) printed 2.9 vs 3.1 consensus (-1.33 sigma). Cooler inflation pulls the terminal policy rate lower, cutting the discount rate and re-rating long-dated cash flows. Measured exposure ranking puts AMD, TSLA, COIN most exposed and PFE, XOM, WMT best positioned.","The transmission does not show up cross-sectionally: within two sessions the least-exposed basket does not underperform the benchmark, meaning the print was already priced or the channel is inactive in this regime.",0
SIG-MFWZBSW0-730,2025-09-23T20:00:00.000Z,2025-09-28T20:00:00.000Z,superseded,macro-transmission,pair,days,AMD TSLA COIN PFE XOM WMT,native-equity etf rtoken,66.7,B,60,100,no,CPI y/y (Aug 2025),-6.45,-1.33,rules,"CPI y/y (Aug 2025) printed 2.9 vs 3.1 consensus (-1.33 sigma). Cooler inflation pulls the terminal policy rate lower, cutting the discount rate and re-rating long-dated cash flows. Measured exposure ranking puts AMD, TSLA, COIN most exposed and PFE, XOM, WMT best positioned.","The transmission does not show up cross-sectionally: within two sessions the least-exposed basket does not underperform the benchmark, meaning the print was already priced or the channel is inactive in this regime.",0
SIG-MFB3NBK0-097,2025-09-08T12:30:00.000Z,2025-09-13T12:30:00.000Z,superseded,macro-transmission,pair,days,COIN TSLA PLTR PFE XOM WMT,native-equity etf rtoken,66.6,B,55,100,no,Nonfarm payrolls (Aug 2025),-70.67,-0.88,rules,"Nonfarm payrolls (Aug 2025) printed 22 vs 75 consensus (-0.88 sigma). A cooling labor market raises easing odds but also recession risk - a two-sided shock. Measured exposure ranking puts COIN, TSLA, PLTR most exposed and PFE, XOM, WMT best positioned.","The transmission does not show up cross-sectionally: within two sessions the least-exposed basket does not underperform the benchmark, meaning the print was already priced or the channel is inactive in this regime.",0
SIG-MFB3NBK0-126,2025-09-08T12:30:00.000Z,2025-09-13T12:30:00.000Z,superseded,macro-transmission,pair,days,COIN TSLA PLTR PFE XOM WMT,native-equity etf rtoken,66.6,B,55,100,no,Nonfarm payrolls (Aug 2025),-70.67,-0.88,rules,"Nonfarm payrolls (Aug 2025) printed 22 vs 75 consensus (-0.88 sigma). A cooling labor market raises easing odds but also recession risk - a two-sided shock. Measured exposure ranking puts COIN, TSLA, PLTR most exposed and PFE, XOM, WMT best positioned.","The transmission does not show up cross-sectionally: within two sessions the least-exposed basket does not underperform the benchmark, meaning the print was already priced or the channel is inactive in this regime.",0
SIG-MFWZBSW0-700,2025-09-23T20:00:00.000Z,2025-09-24T04:00:00.000Z,superseded,earnings-gap,short,intraday,ASTR,native-equity rtoken,66.4,B,36,100,no,EPS,-4.92,,rules,"ASTR EPS 0.58 vs 0.61 consensus (-4.9% surprise, meaningful) guidance withdraw - the expectation gap, not the headline, is what reprices the name.","ASTR reclaims the pre-print close within two sessions and holds, showing the miss was already discounted.",0
SIG-MG19NCW0-786,2025-09-26T20:00:00.000Z,2025-10-01T20:00:00.000Z,superseded,macro-transmission,pair,days,AMD TSLA COIN PFE XOM WMT,native-equity etf rtoken,66,B,60,100,no,CPI y/y (Aug 2025),-6.45,-1.33,rules,"CPI y/y (Aug 2025) printed 2.9 vs 3.1 consensus (-1.33 sigma). Cooler inflation pulls the terminal policy rate lower, cutting the discount rate and re-rating long-dated cash flows. Measured exposure ranking puts AMD, TSLA, COIN most exposed and PFE, XOM, WMT best positioned.","The transmission does not show up cross-sectionally: within two sessions the least-exposed basket does not underperform the benchmark, meaning the print was already priced or the channel is inactive in this regime.",0
SIG-MG19NCW0-815,2025-09-26T20:00:00.000Z,2025-10-01T20:00:00.000Z,superseded,macro-transmission,pair,days,AMD TSLA COIN PFE XOM WMT,native-equity etf rtoken,66,B,60,100,no,CPI y/y (Aug 2025),-6.45,-1.33,rules,"CPI y/y (Aug 2025) printed 2.9 vs 3.1 consensus (-1.33 sigma). Cooler inflation pulls the terminal policy rate lower, cutting the discount rate and re-rating long-dated cash flows. Measured exposure ranking puts AMD, TSLA, COIN most exposed and PFE, XOM, WMT best positioned.","The transmission does not show up cross-sectionally: within two sessions the least-exposed basket does not underperform the benchmark, meaning the print was already priced or the channel is inactive in this regime.",0
SIG-MG19NCW0-785,2025-09-26T20:00:00.000Z,2025-09-27T04:00:00.000Z,superseded,earnings-gap,short,intraday,ASTR,native-equity rtoken,65.5,B,36,100,no,EPS,-4.92,,rules,"ASTR EPS 0.58 vs 0.61 consensus (-4.9% surprise, meaningful) guidance withdraw - the expectation gap, not the headline, is what reprices the name.","ASTR reclaims the pre-print close within two sessions and holds, showing the miss was already discounted.",0
SIG-MG6ZERK0-871,2025-09-30T20:00:00.000Z,2025-10-05T20:00:00.000Z,superseded,macro-transmission,pair,days,AMD TSLA COIN PFE XOM WMT,native-equity etf rtoken,65.5,B,60,100,no,CPI y/y (Aug 2025),-6.45,-1.33,rules,"CPI y/y (Aug 2025) printed 2.9 vs 3.1 consensus (-1.33 sigma). Cooler inflation pulls the terminal policy rate lower, cutting the discount rate and re-rating long-dated cash flows. Measured exposure ranking puts AMD, TSLA, COIN most exposed and PFE, XOM, WMT best positioned.","The transmission does not show up cross-sectionally: within two sessions the least-exposed basket does not underperform the benchmark, meaning the print was already priced or the channel is inactive in this regime.",0
SIG-MG6ZERK0-900,2025-09-30T20:00:00.000Z,2025-10-05T20:00:00.000Z,active,macro-transmission,pair,days,AMD TSLA COIN PFE XOM WMT,native-equity etf rtoken,65.5,B,60,100,no,CPI y/y (Aug 2025),-6.45,-1.33,rules,"CPI y/y (Aug 2025) printed 2.9 vs 3.1 consensus (-1.33 sigma). Cooler inflation pulls the terminal policy rate lower, cutting the discount rate and re-rating long-dated cash flows. Measured exposure ranking puts AMD, TSLA, COIN most exposed and PFE, XOM, WMT best positioned.","The transmission does not show up cross-sectionally: within two sessions the least-exposed basket does not underperform the benchmark, meaning the print was already priced or the channel is inactive in this regime.",0
SIG-MFMJ64W0-461,2025-09-16T12:30:00.000Z,2025-09-16T20:30:00.000Z,superseded,earnings-gap,short,intraday,ASTR,native-equity rtoken,65,B,36,75,no,EPS,-4.92,,rules,"ASTR EPS 0.58 vs 0.61 consensus (-4.9% surprise, meaningful) guidance withdraw - the expectation gap, not the headline, is what reprices the name.","ASTR reclaims the pre-print close within two sessions and holds, showing the miss was already discounted.",0
SIG-MFEELQ80-182,2025-09-10T20:00:00.000Z,2025-09-15T20:00:00.000Z,superseded,macro-transmission,pair,days,COIN TSLA PLTR PFE XOM WMT,native-equity etf rtoken,64.8,B,55,100,no,Nonfarm payrolls (Aug 2025),-70.67,-0.88,rules,"Nonfarm payrolls (Aug 2025) printed 22 vs 75 consensus (-0.88 sigma). A cooling labor market raises easing odds but also recession risk - a two-sided shock. Measured exposure ranking puts COIN, TSLA, PLTR most exposed and PFE, XOM, WMT best positioned.","The transmission does not show up cross-sectionally: within two sessions the least-exposed basket does not underperform the benchmark, meaning the print was already priced or the channel is inactive in this regime.",0
SIG-MFEELQ80-211,2025-09-10T20:00:00.000Z,2025-09-15T20:00:00.000Z,superseded,macro-transmission,pair,days,COIN TSLA PLTR PFE XOM WMT,native-equity etf rtoken,64.8,B,55,100,no,Nonfarm payrolls (Aug 2025),-70.67,-0.88,rules,"Nonfarm payrolls (Aug 2025) printed 22 vs 75 consensus (-0.88 sigma). A cooling labor market raises easing odds but also recession risk - a two-sided shock. Measured exposure ranking puts COIN, TSLA, PLTR most exposed and PFE, XOM, WMT best positioned.","The transmission does not show up cross-sectionally: within two sessions the least-exposed basket does not underperform the benchmark, meaning the print was already priced or the channel is inactive in this regime.",0
SIG-MG6ZERK0-870,2025-09-30T20:00:00.000Z,2025-10-01T04:00:00.000Z,superseded,earnings-gap,short,intraday,ASTR,native-equity rtoken,64.6,B,36,100,no,EPS,-4.92,,rules,"ASTR EPS 0.58 vs 0.61 consensus (-4.9% surprise, meaningful) guidance withdraw - the expectation gap, not the headline, is what reprices the name.","ASTR reclaims the pre-print close within two sessions and holds, showing the miss was already discounted.",0
SIG-MFOAEDC0-546,2025-09-17T18:00:00.000Z,2025-09-18T02:00:00.000Z,superseded,earnings-gap,short,intraday,ASTR,native-equity rtoken,64.3,B,36,75,no,EPS,-4.92,,rules,"ASTR EPS 0.58 vs 0.61 consensus (-4.9% surprise, meaningful) guidance withdraw - the expectation gap, not the headline, is what reprices the name.","ASTR reclaims the pre-print close within two sessions and holds, showing the miss was already discounted.",0
SIG-MFH9HFK0-267,2025-09-12T20:00:00.000Z,2025-09-17T20:00:00.000Z,superseded,macro-transmission,pair,days,COIN TSLA PLTR PFE XOM WMT,native-equity etf rtoken,63.6,B,55,100,no,Nonfarm payrolls (Aug 2025),-70.67,-0.88,rules,"Nonfarm payrolls (Aug 2025) printed 22 vs 75 consensus (-0.88 sigma). A cooling labor market raises easing odds but also recession risk - a two-sided shock. Measured exposure ranking puts COIN, TSLA, PLTR most exposed and PFE, XOM, WMT best positioned.","The transmission does not show up cross-sectionally: within two sessions the least-exposed basket does not underperform the benchmark, meaning the print was already priced or the channel is inactive in this regime.",0
SIG-MFH9HFK0-296,2025-09-12T20:00:00.000Z,2025-09-17T20:00:00.000Z,superseded,macro-transmission,pair,days,COIN TSLA PLTR PFE XOM WMT,native-equity etf rtoken,63.6,B,55,100,no,Nonfarm payrolls (Aug 2025),-70.67,-0.88,rules,"Nonfarm payrolls (Aug 2025) printed 22 vs 75 consensus (-0.88 sigma). A cooling labor market raises easing odds but also recession risk - a two-sided shock. Measured exposure ranking puts COIN, TSLA, PLTR most exposed and PFE, XOM, WMT best positioned.","The transmission does not show up cross-sectionally: within two sessions the least-exposed basket does not underperform the benchmark, meaning the print was already priced or the channel is inactive in this regime.",0
SIG-MFR9KE80-631,2025-09-19T20:00:00.000Z,2025-09-20T04:00:00.000Z,superseded,earnings-gap,short,intraday,ASTR,native-equity rtoken,63.4,B,36,75,no,EPS,-4.92,,rules,"ASTR EPS 0.58 vs 0.61 consensus (-4.9% surprise, meaningful) guidance withdraw - the expectation gap, not the headline, is what reprices the name.","ASTR reclaims the pre-print close within two sessions and holds, showing the miss was already discounted.",0
SIG-MFIE7HC0-352,2025-09-13T15:00:00.000Z,2025-09-18T15:00:00.000Z,superseded,macro-transmission,pair,days,COIN TSLA PLTR PFE XOM WMT,native-equity etf rtoken,63.2,B,55,100,no,Nonfarm payrolls (Aug 2025),-70.67,-0.88,rules,"Nonfarm payrolls (Aug 2025) printed 22 vs 75 consensus (-0.88 sigma). A cooling labor market raises easing odds but also recession risk - a two-sided shock. Measured exposure ranking puts COIN, TSLA, PLTR most exposed and PFE, XOM, WMT best positioned.","The transmission does not show up cross-sectionally: within two sessions the least-exposed basket does not underperform the benchmark, meaning the print was already priced or the channel is inactive in this regime.",0
SIG-MFIE7HC0-387,2025-09-13T15:00:00.000Z,2025-09-18T15:00:00.000Z,superseded,macro-transmission,pair,days,COIN TSLA PLTR PFE XOM WMT,native-equity etf rtoken,63.2,B,55,100,no,Nonfarm payrolls (Aug 2025),-70.67,-0.88,rules,"Nonfarm payrolls (Aug 2025) printed 22 vs 75 consensus (-0.88 sigma). A cooling labor market raises easing odds but also recession risk - a two-sided shock. Measured exposure ranking puts COIN, TSLA, PLTR most exposed and PFE, XOM, WMT best positioned.","The transmission does not show up cross-sectionally: within two sessions the least-exposed basket does not underperform the benchmark, meaning the print was already priced or the channel is inactive in this regime.",0
SIG-MF79EGW0-011,2025-09-05T20:00:00.000Z,2025-09-26T20:00:00.000Z,superseded,risk-flag,avoid,weeks,BLWF,native-equity,62.5,B,75,100,no,,,,rules,"BLWF carries 11 adverse-language flag(s) (material weakness, restatement, delayed filing, investigation) and 3 accounting-ratio flag(s). This is a do-not-own / hedge signal, not a short recommendation on its own.","The flagged item is explicitly resolved by the company (restatement cleared, weakness remediated, provision released) and the ratio normalises for two consecutive quarters.",0
SIG-MF79EGW0-027,2025-09-05T20:00:00.000Z,2025-09-26T20:00:00.000Z,superseded,risk-flag,avoid,weeks,BLWF,native-equity,62.5,B,75,100,no,,,,rules,"BLWF carries 11 adverse-language flag(s) (material weakness, restatement, delayed filing, investigation) and 3 accounting-ratio flag(s). This is a do-not-own / hedge signal, not a short recommendation on its own.","The flagged item is explicitly resolved by the company (restatement cleared, weakness remediated, provision released) and the ratio normalises for two consecutive quarters.",0
SIG-MF79EGW0-082,2025-09-05T20:00:00.000Z,2025-09-26T20:00:00.000Z,superseded,risk-flag,avoid,weeks,BLWF,native-equity,62.5,B,75,100,no,,,,rules,"BLWF carries 11 adverse-language flag(s) (material weakness, restatement, delayed filing, investigation) and 3 accounting-ratio flag(s). This is a do-not-own / hedge signal, not a short recommendation on its own.","The flagged item is explicitly resolved by the company (restatement cleared, weakness remediated, provision released) and the ratio normalises for two consecutive quarters.",0
SIG-MFB3NBK0-096,2025-09-08T12:30:00.000Z,2025-09-29T12:30:00.000Z,superseded,risk-flag,avoid,weeks,BLWF,native-equity,62.5,B,75,100,no,,,,rules,"BLWF carries 11 adverse-language flag(s) (material weakness, restatement, delayed filing, investigation) and 3 accounting-ratio flag(s). This is a do-not-own / hedge signal, not a short recommendation on its own.","The flagged item is explicitly resolved by the company (restatement cleared, weakness remediated, provision released) and the ratio normalises for two consecutive quarters.",0
SIG-MFB3NBK0-112,2025-09-08T12:30:00.000Z,2025-09-29T12:30:00.000Z,superseded,risk-flag,avoid,weeks,BLWF,native-equity,62.5,B,75,100,no,,,,rules,"BLWF carries 11 adverse-language flag(s) (material weakness, restatement, delayed filing, investigation) and 3 accounting-ratio flag(s). This is a do-not-own / hedge signal, not a short recommendation on its own.","The flagged item is explicitly resolved by the company (restatement cleared, weakness remediated, provision released) and the ratio normalises for two consecutive quarters.",0
SIG-MFB3NBK0-167,2025-09-08T12:30:00.000Z,2025-09-29T12:30:00.000Z,superseded,risk-flag,avoid,weeks,BLWF,native-equity,62.5,B,75,100,no,,,,rules,"BLWF carries 11 adverse-language flag(s) (material weakness, restatement, delayed filing, investigation) and 3 accounting-ratio flag(s). This is a do-not-own / hedge signal, not a short recommendation on its own.","The flagged item is explicitly resolved by the company (restatement cleared, weakness remediated, provision released) and the ratio normalises for two consecutive quarters.",0
SIG-MFMJ64W0-455,2025-09-16T12:30:00.000Z,2025-09-21T12:30:00.000Z,superseded,macro-transmission,pair,days,COIN TSLA PLTR PFE XOM WMT,native-equity etf rtoken,62.1,B,55,100,no,Nonfarm payrolls (Aug 2025),-70.67,-0.88,rules,"Nonfarm payrolls (Aug 2025) printed 22 vs 75 consensus (-0.88 sigma). A cooling labor market raises easing odds but also recession risk - a two-sided shock. Measured exposure ranking puts COIN, TSLA, PLTR most exposed and PFE, XOM, WMT best positioned.","The transmission does not show up cross-sectionally: within two sessions the least-exposed basket does not underperform the benchmark, meaning the print was already priced or the channel is inactive in this regime.",0
SIG-MFMJ64W0-484,2025-09-16T12:30:00.000Z,2025-09-21T12:30:00.000Z,superseded,macro-transmission,pair,days,COIN TSLA PLTR PFE XOM WMT,native-equity etf rtoken,62.1,B,55,100,no,Nonfarm payrolls (Aug 2025),-70.67,-0.88,rules,"Nonfarm payrolls (Aug 2025) printed 22 vs 75 consensus (-0.88 sigma). A cooling labor market raises easing odds but also recession risk - a two-sided shock. Measured exposure ranking puts COIN, TSLA, PLTR most exposed and PFE, XOM, WMT best positioned.","The transmission does not show up cross-sectionally: within two sessions the least-exposed basket does not underperform the benchmark, meaning the print was already priced or the channel is inactive in this regime.",0
SIG-MFWZBSW0-716,2025-09-23T20:00:00.000Z,2025-09-24T04:00:00.000Z,superseded,earnings-gap,short,intraday,ASTR,native-equity rtoken,61.9,C,36,75,no,EPS,-4.92,,rules,"ASTR EPS 0.58 vs 0.61 consensus (-4.9% surprise, meaningful) guidance withdraw - the expectation gap, not the headline, is what reprices the name.","ASTR reclaims the pre-print close within two sessions and holds, showing the miss was already discounted.",0
SIG-MFEELQ80-181,2025-09-10T20:00:00.000Z,2025-10-01T20:00:00.000Z,superseded,risk-flag,avoid,weeks,BLWF,native-equity,61.8,C,75,100,no,,,,rules,"BLWF carries 11 adverse-language flag(s) (material weakness, restatement, delayed filing, investigation) and 3 accounting-ratio flag(s). This is a do-not-own / hedge signal, not a short recommendation on its own.","The flagged item is explicitly resolved by the company (restatement cleared, weakness remediated, provision released) and the ratio normalises for two consecutive quarters.",0
SIG-MFEELQ80-197,2025-09-10T20:00:00.000Z,2025-10-01T20:00:00.000Z,superseded,risk-flag,avoid,weeks,BLWF,native-equity,61.8,C,75,100,no,,,,rules,"BLWF carries 11 adverse-language flag(s) (material weakness, restatement, delayed filing, investigation) and 3 accounting-ratio flag(s). This is a do-not-own / hedge signal, not a short recommendation on its own.","The flagged item is explicitly resolved by the company (restatement cleared, weakness remediated, provision released) and the ratio normalises for two consecutive quarters.",0
SIG-MFEELQ80-252,2025-09-10T20:00:00.000Z,2025-10-01T20:00:00.000Z,superseded,risk-flag,avoid,weeks,BLWF,native-equity,61.8,C,75,100,no,,,,rules,"BLWF carries 11 adverse-language flag(s) (material weakness, restatement, delayed filing, investigation) and 3 accounting-ratio flag(s). This is a do-not-own / hedge signal, not a short recommendation on its own.","The flagged item is explicitly resolved by the company (restatement cleared, weakness remediated, provision released) and the ratio normalises for two consecutive quarters.",0
SIG-MFOAEDC0-540,2025-09-17T18:00:00.000Z,2025-09-22T18:00:00.000Z,superseded,macro-transmission,pair,days,COIN TSLA PLTR PFE XOM WMT,native-equity etf rtoken,61.8,C,55,100,no,Nonfarm payrolls (Aug 2025),-70.67,-0.88,rules,"Nonfarm payrolls (Aug 2025) printed 22 vs 75 consensus (-0.88 sigma). A cooling labor market raises easing odds but also recession risk - a two-sided shock. Measured exposure ranking puts COIN, TSLA, PLTR most exposed and PFE, XOM, WMT best positioned.","The transmission does not show up cross-sectionally: within two sessions the least-exposed basket does not underperform the benchmark, meaning the print was already priced or the channel is inactive in this regime.",0
SIG-MFOAEDC0-569,2025-09-17T18:00:00.000Z,2025-09-22T18:00:00.000Z,superseded,macro-transmission,pair,days,COIN TSLA PLTR PFE XOM WMT,native-equity etf rtoken,61.8,C,55,100,no,Nonfarm payrolls (Aug 2025),-70.67,-0.88,rules,"Nonfarm payrolls (Aug 2025) printed 22 vs 75 consensus (-0.88 sigma). A cooling labor market raises easing odds but also recession risk - a two-sided shock. Measured exposure ranking puts COIN, TSLA, PLTR most exposed and PFE, XOM, WMT best positioned.","The transmission does not show up cross-sectionally: within two sessions the least-exposed basket does not underperform the benchmark, meaning the print was already priced or the channel is inactive in this regime.",0
SIG-MFR9KE80-625,2025-09-19T20:00:00.000Z,2025-09-24T20:00:00.000Z,superseded,macro-transmission,pair,days,COIN TSLA PLTR PFE XOM WMT,native-equity etf rtoken,61.3,C,55,100,no,Nonfarm payrolls (Aug 2025),-70.67,-0.88,rules,"Nonfarm payrolls (Aug 2025) printed 22 vs 75 consensus (-0.88 sigma). A cooling labor market raises easing odds but also recession risk - a two-sided shock. Measured exposure ranking puts COIN, TSLA, PLTR most exposed and PFE, XOM, WMT best positioned.","The transmission does not show up cross-sectionally: within two sessions the least-exposed basket does not underperform the benchmark, meaning the print was already priced or the channel is inactive in this regime.",0
SIG-MFR9KE80-654,2025-09-19T20:00:00.000Z,2025-09-24T20:00:00.000Z,superseded,macro-transmission,pair,days,COIN TSLA PLTR PFE XOM WMT,native-equity etf rtoken,61.3,C,55,100,no,Nonfarm payrolls (Aug 2025),-70.67,-0.88,rules,"Nonfarm payrolls (Aug 2025) printed 22 vs 75 consensus (-0.88 sigma). A cooling labor market raises easing odds but also recession risk - a two-sided shock. Measured exposure ranking puts COIN, TSLA, PLTR most exposed and PFE, XOM, WMT best positioned.","The transmission does not show up cross-sectionally: within two sessions the least-exposed basket does not underperform the benchmark, meaning the print was already priced or the channel is inactive in this regime.",0
SIG-MFH9HFK0-266,2025-09-12T20:00:00.000Z,2025-10-03T20:00:00.000Z,superseded,risk-flag,avoid,weeks,BLWF,native-equity,61.2,C,75,100,no,,,,rules,"BLWF carries 11 adverse-language flag(s) (material weakness, restatement, delayed filing, investigation) and 3 accounting-ratio flag(s). This is a do-not-own / hedge signal, not a short recommendation on its own.","The flagged item is explicitly resolved by the company (restatement cleared, weakness remediated, provision released) and the ratio normalises for two consecutive quarters.",0
SIG-MFH9HFK0-282,2025-09-12T20:00:00.000Z,2025-10-03T20:00:00.000Z,superseded,risk-flag,avoid,weeks,BLWF,native-equity,61.2,C,75,100,no,,,,rules,"BLWF carries 11 adverse-language flag(s) (material weakness, restatement, delayed filing, investigation) and 3 accounting-ratio flag(s). This is a do-not-own / hedge signal, not a short recommendation on its own.","The flagged item is explicitly resolved by the company (restatement cleared, weakness remediated, provision released) and the ratio normalises for two consecutive quarters.",0
SIG-MFH9HFK0-337,2025-09-12T20:00:00.000Z,2025-10-03T20:00:00.000Z,superseded,risk-flag,avoid,weeks,BLWF,native-equity,61.2,C,75,100,no,,,,rules,"BLWF carries 11 adverse-language flag(s) (material weakness, restatement, delayed filing, investigation) and 3 accounting-ratio flag(s). This is a do-not-own / hedge signal, not a short recommendation on its own.","The flagged item is explicitly resolved by the company (restatement cleared, weakness remediated, provision released) and the ratio normalises for two consecutive quarters.",0
SIG-MFIE7HC0-351,2025-09-13T15:00:00.000Z,2025-10-04T15:00:00.000Z,superseded,risk-flag,avoid,weeks,BLWF,native-equity,61,C,75,100,no,,,,rules,"BLWF carries 11 adverse-language flag(s) (material weakness, restatement, delayed filing, investigation) and 3 accounting-ratio flag(s). This is a do-not-own / hedge signal, not a short recommendation on its own.","The flagged item is explicitly resolved by the company (restatement cleared, weakness remediated, provision released) and the ratio normalises for two consecutive quarters.",0
SIG-MFIE7HC0-370,2025-09-13T15:00:00.000Z,2025-10-04T15:00:00.000Z,superseded,risk-flag,avoid,weeks,BLWF,native-equity,61,C,75,100,no,,,,rules,"BLWF carries 11 adverse-language flag(s) (material weakness, restatement, delayed filing, investigation) and 3 accounting-ratio flag(s). This is a do-not-own / hedge signal, not a short recommendation on its own.","The flagged item is explicitly resolved by the company (restatement cleared, weakness remediated, provision released) and the ratio normalises for two consecutive quarters.",0
SIG-MFIE7HC0-437,2025-09-13T15:00:00.000Z,2025-10-04T15:00:00.000Z,superseded,risk-flag,avoid,weeks,BLWF,native-equity,61,C,75,100,no,,,,rules,"BLWF carries 11 adverse-language flag(s) (material weakness, restatement, delayed filing, investigation) and 3 accounting-ratio flag(s). This is a do-not-own / hedge signal, not a short recommendation on its own.","The flagged item is explicitly resolved by the company (restatement cleared, weakness remediated, provision released) and the ratio normalises for two consecutive quarters.",0
SIG-MG19NCW0-801,2025-09-26T20:00:00.000Z,2025-09-27T04:00:00.000Z,superseded,earnings-gap,short,intraday,ASTR,native-equity rtoken,61,C,36,75,no,EPS,-4.92,,rules,"ASTR EPS 0.58 vs 0.61 consensus (-4.9% surprise, meaningful) guidance withdraw - the expectation gap, not the headline, is what reprices the name.","ASTR reclaims the pre-print close within two sessions and holds, showing the miss was already discounted.",0
SIG-MFWZBSW0-710,2025-09-23T20:00:00.000Z,2025-09-28T20:00:00.000Z,superseded,macro-transmission,pair,days,COIN TSLA PLTR PFE XOM WMT,native-equity etf rtoken,60.8,C,55,100,no,Nonfarm payrolls (Aug 2025),-70.67,-0.88,rules,"Nonfarm payrolls (Aug 2025) printed 22 vs 75 consensus (-0.88 sigma). A cooling labor market raises easing odds but also recession risk - a two-sided shock. Measured exposure ranking puts COIN, TSLA, PLTR most exposed and PFE, XOM, WMT best positioned.","The transmission does not show up cross-sectionally: within two sessions the least-exposed basket does not underperform the benchmark, meaning the print was already priced or the channel is inactive in this regime.",0
SIG-MFWZBSW0-739,2025-09-23T20:00:00.000Z,2025-09-28T20:00:00.000Z,superseded,macro-transmission,pair,days,COIN TSLA PLTR PFE XOM WMT,native-equity etf rtoken,60.8,C,55,100,no,Nonfarm payrolls (Aug 2025),-70.67,-0.88,rules,"Nonfarm payrolls (Aug 2025) printed 22 vs 75 consensus (-0.88 sigma). A cooling labor market raises easing odds but also recession risk - a two-sided shock. Measured exposure ranking puts COIN, TSLA, PLTR most exposed and PFE, XOM, WMT best positioned.","The transmission does not show up cross-sectionally: within two sessions the least-exposed basket does not underperform the benchmark, meaning the print was already priced or the channel is inactive in this regime.",0
SIG-MF79EGW0-007,2025-09-05T20:00:00.000Z,2025-09-26T20:00:00.000Z,superseded,narrative-shift,long,weeks,NWCL,native-equity rtoken,60.6,C,80,100,no,,,,rules,"demo wire (synthetic scenario) coverage of NWCL scores 1 on the desk tone scale from 8 weighted term hits (8 positive / 0 negative), with 2 of 2 adjacent documents agreeing.","Two or more subsequent documents on NWCL score with the opposite sign, or price makes a lower low (for the constructive read) within five sessions.",0
SIG-MF79EGW0-078,2025-09-05T20:00:00.000Z,2025-09-26T20:00:00.000Z,superseded,narrative-shift,long,weeks,NWCL,native-equity rtoken,60.6,C,80,100,no,,,,rules,"demo wire (synthetic scenario) coverage of NWCL scores 1 on the desk tone scale from 8 weighted term hits (8 positive / 0 negative), with 2 of 2 adjacent documents agreeing.","Two or more subsequent documents on NWCL score with the opposite sign, or price makes a lower low (for the constructive read) within five sessions.",0
SIG-MFB3NBK0-092,2025-09-08T12:30:00.000Z,2025-09-29T12:30:00.000Z,superseded,narrative-shift,long,weeks,NWCL,native-equity rtoken,60.6,C,80,100,no,,,,rules,"demo wire (synthetic scenario) coverage of NWCL scores 1 on the desk tone scale from 8 weighted term hits (8 positive / 0 negative), with 2 of 2 adjacent documents agreeing.","Two or more subsequent documents on NWCL score with the opposite sign, or price makes a lower low (for the constructive read) within five sessions.",0
SIG-MFB3NBK0-163,2025-09-08T12:30:00.000Z,2025-09-29T12:30:00.000Z,superseded,narrative-shift,long,weeks,NWCL,native-equity rtoken,60.6,C,80,100,no,,,,rules,"demo wire (synthetic scenario) coverage of NWCL scores 1 on the desk tone scale from 8 weighted term hits (8 positive / 0 negative), with 2 of 2 adjacent documents agreeing.","Two or more subsequent documents on NWCL score with the opposite sign, or price makes a lower low (for the constructive read) within five sessions.",0
SIG-MFEELQ80-177,2025-09-10T20:00:00.000Z,2025-10-01T20:00:00.000Z,superseded,narrative-shift,long,weeks,NWCL,native-equity rtoken,60.6,C,80,100,no,,,,rules,"demo wire (synthetic scenario) coverage of NWCL scores 1 on the desk tone scale from 8 weighted term hits (8 positive / 0 negative), with 2 of 2 adjacent documents agreeing.","Two or more subsequent documents on NWCL score with the opposite sign, or price makes a lower low (for the constructive read) within five sessions.",0
SIG-MFEELQ80-248,2025-09-10T20:00:00.000Z,2025-10-01T20:00:00.000Z,superseded,narrative-shift,long,weeks,NWCL,native-equity rtoken,60.6,C,80,100,no,,,,rules,"demo wire (synthetic scenario) coverage of NWCL scores 1 on the desk tone scale from 8 weighted term hits (8 positive / 0 negative), with 2 of 2 adjacent documents agreeing.","Two or more subsequent documents on NWCL score with the opposite sign, or price makes a lower low (for the constructive read) within five sessions.",0
SIG-MG19NCW0-795,2025-09-26T20:00:00.000Z,2025-10-01T20:00:00.000Z,superseded,macro-transmission,pair,days,COIN TSLA PLTR PFE XOM WMT,native-equity etf rtoken,60.5,C,55,100,no,Nonfarm payrolls (Aug 2025),-70.67,-0.88,rules,"Nonfarm payrolls (Aug 2025) printed 22 vs 75 consensus (-0.88 sigma). A cooling labor market raises easing odds but also recession risk - a two-sided shock. Measured exposure ranking puts COIN, TSLA, PLTR most exposed and PFE, XOM, WMT best positioned.","The transmission does not show up cross-sectionally: within two sessions the least-exposed basket does not underperform the benchmark, meaning the print was already priced or the channel is inactive in this regime.",0
SIG-MG19NCW0-824,2025-09-26T20:00:00.000Z,2025-10-01T20:00:00.000Z,superseded,macro-transmission,pair,days,COIN TSLA PLTR PFE XOM WMT,native-equity etf rtoken,60.5,C,55,100,no,Nonfarm payrolls (Aug 2025),-70.67,-0.88,rules,"Nonfarm payrolls (Aug 2025) printed 22 vs 75 consensus (-0.88 sigma). A cooling labor market raises easing odds but also recession risk - a two-sided shock. Measured exposure ranking puts COIN, TSLA, PLTR most exposed and PFE, XOM, WMT best positioned.","The transmission does not show up cross-sectionally: within two sessions the least-exposed basket does not underperform the benchmark, meaning the print was already priced or the channel is inactive in this regime.",0
SIG-MG6ZERK0-880,2025-09-30T20:00:00.000Z,2025-10-05T20:00:00.000Z,superseded,macro-transmission,pair,days,COIN TSLA PLTR PFE XOM WMT,native-equity etf rtoken,60.3,C,55,100,no,Nonfarm payrolls (Aug 2025),-70.67,-0.88,rules,"Nonfarm payrolls (Aug 2025) printed 22 vs 75 consensus (-0.88 sigma). A cooling labor market raises easing odds but also recession risk - a two-sided shock. Measured exposure ranking puts COIN, TSLA, PLTR most exposed and PFE, XOM, WMT best positioned.","The transmission does not show up cross-sectionally: within two sessions the least-exposed basket does not underperform the benchmark, meaning the print was already priced or the channel is inactive in this regime.",0
SIG-MG6ZERK0-909,2025-09-30T20:00:00.000Z,2025-10-05T20:00:00.000Z,active,macro-transmission,pair,days,COIN TSLA PLTR PFE XOM WMT,native-equity etf rtoken,60.3,C,55,100,no,Nonfarm payrolls (Aug 2025),-70.67,-0.88,rules,"Nonfarm payrolls (Aug 2025) printed 22 vs 75 consensus (-0.88 sigma). A cooling labor market raises easing odds but also recession risk - a two-sided shock. Measured exposure ranking puts COIN, TSLA, PLTR most exposed and PFE, XOM, WMT best positioned.","The transmission does not show up cross-sectionally: within two sessions the least-exposed basket does not underperform the benchmark, meaning the print was already priced or the channel is inactive in this regime.",0
SIG-MFMJ64W0-454,2025-09-16T12:30:00.000Z,2025-10-07T12:30:00.000Z,superseded,risk-flag,avoid,weeks,BLWF,native-equity,60.2,C,75,100,no,,,,rules,"BLWF carries 11 adverse-language flag(s) (material weakness, restatement, delayed filing, investigation) and 3 accounting-ratio flag(s). This is a do-not-own / hedge signal, not a short recommendation on its own.","The flagged item is explicitly resolved by the company (restatement cleared, weakness remediated, provision released) and the ratio normalises for two consecutive quarters.",0
SIG-MFMJ64W0-470,2025-09-16T12:30:00.000Z,2025-10-07T12:30:00.000Z,superseded,risk-flag,avoid,weeks,BLWF,native-equity,60.2,C,75,100,no,,,,rules,"BLWF carries 11 adverse-language flag(s) (material weakness, restatement, delayed filing, investigation) and 3 accounting-ratio flag(s). This is a do-not-own / hedge signal, not a short recommendation on its own.","The flagged item is explicitly resolved by the company (restatement cleared, weakness remediated, provision released) and the ratio normalises for two consecutive quarters.",0
SIG-MFMJ64W0-525,2025-09-16T12:30:00.000Z,2025-10-07T12:30:00.000Z,superseded,risk-flag,avoid,weeks,BLWF,native-equity,60.2,C,75,100,no,,,,rules,"BLWF carries 11 adverse-language flag(s) (material weakness, restatement, delayed filing, investigation) and 3 accounting-ratio flag(s). This is a do-not-own / hedge signal, not a short recommendation on its own.","The flagged item is explicitly resolved by the company (restatement cleared, weakness remediated, provision released) and the ratio normalises for two consecutive quarters.",0
SIG-MG6ZERK0-886,2025-09-30T20:00:00.000Z,2025-10-01T04:00:00.000Z,active,earnings-gap,short,intraday,ASTR,native-equity rtoken,60.1,C,36,75,no,EPS,-4.92,,rules,"ASTR EPS 0.58 vs 0.61 consensus (-4.9% surprise, meaningful) guidance withdraw - the expectation gap, not the headline, is what reprices the name.","ASTR reclaims the pre-print close within two sessions and holds, showing the miss was already discounted.",0
SIG-MFOAEDC0-539,2025-09-17T18:00:00.000Z,2025-10-08T18:00:00.000Z,superseded,risk-flag,avoid,weeks,BLWF,native-equity,59.9,C,75,100,no,,,,rules,"BLWF carries 11 adverse-language flag(s) (material weakness, restatement, delayed filing, investigation) and 3 accounting-ratio flag(s). This is a do-not-own / hedge signal, not a short recommendation on its own.","The flagged item is explicitly resolved by the company (restatement cleared, weakness remediated, provision released) and the ratio normalises for two consecutive quarters.",0
SIG-MFOAEDC0-555,2025-09-17T18:00:00.000Z,2025-10-08T18:00:00.000Z,superseded,risk-flag,avoid,weeks,BLWF,native-equity,59.9,C,75,100,no,,,,rules,"BLWF carries 11 adverse-language flag(s) (material weakness, restatement, delayed filing, investigation) and 3 accounting-ratio flag(s). This is a do-not-own / hedge signal, not a short recommendation on its own.","The flagged item is explicitly resolved by the company (restatement cleared, weakness remediated, provision released) and the ratio normalises for two consecutive quarters.",0
SIG-MFOAEDC0-610,2025-09-17T18:00:00.000Z,2025-10-08T18:00:00.000Z,superseded,risk-flag,avoid,weeks,BLWF,native-equity,59.9,C,75,100,no,,,,rules,"BLWF carries 11 adverse-language flag(s) (material weakness, restatement, delayed filing, investigation) and 3 accounting-ratio flag(s). This is a do-not-own / hedge signal, not a short recommendation on its own.","The flagged item is explicitly resolved by the company (restatement cleared, weakness remediated, provision released) and the ratio normalises for two consecutive quarters.",0
SIG-MFR9KE80-624,2025-09-19T20:00:00.000Z,2025-10-10T20:00:00.000Z,superseded,risk-flag,avoid,weeks,BLWF,native-equity,59.4,C,75,100,no,,,,rules,"BLWF carries 11 adverse-language flag(s) (material weakness, restatement, delayed filing, investigation) and 3 accounting-ratio flag(s). This is a do-not-own / hedge signal, not a short recommendation on its own.","The flagged item is explicitly resolved by the company (restatement cleared, weakness remediated, provision released) and the ratio normalises for two consecutive quarters.",0
SIG-MFR9KE80-640,2025-09-19T20:00:00.000Z,2025-10-10T20:00:00.000Z,superseded,risk-flag,avoid,weeks,BLWF,native-equity,59.4,C,75,100,no,,,,rules,"BLWF carries 11 adverse-language flag(s) (material weakness, restatement, delayed filing, investigation) and 3 accounting-ratio flag(s). This is a do-not-own / hedge signal, not a short recommendation on its own.","The flagged item is explicitly resolved by the company (restatement cleared, weakness remediated, provision released) and the ratio normalises for two consecutive quarters.",0
SIG-MFR9KE80-695,2025-09-19T20:00:00.000Z,2025-10-10T20:00:00.000Z,superseded,risk-flag,avoid,weeks,BLWF,native-equity,59.4,C,75,100,no,,,,rules,"BLWF carries 11 adverse-language flag(s) (material weakness, restatement, delayed filing, investigation) and 3 accounting-ratio flag(s). This is a do-not-own / hedge signal, not a short recommendation on its own.","The flagged item is explicitly resolved by the company (restatement cleared, weakness remediated, provision released) and the ratio normalises for two consecutive quarters.",0
SIG-MFH9HFK0-262,2025-09-12T20:00:00.000Z,2025-10-03T20:00:00.000Z,superseded,narrative-shift,long,weeks,NWCL,native-equity rtoken,59.3,C,80,100,no,,,,rules,"demo wire (synthetic scenario) coverage of NWCL scores 1 on the desk tone scale from 8 weighted term hits (8 positive / 0 negative), with 2 of 2 adjacent documents agreeing.","Two or more subsequent documents on NWCL score with the opposite sign, or price makes a lower low (for the constructive read) within five sessions.",0
SIG-MFH9HFK0-333,2025-09-12T20:00:00.000Z,2025-10-03T20:00:00.000Z,superseded,narrative-shift,long,weeks,NWCL,native-equity rtoken,59.3,C,80,100,no,,,,rules,"demo wire (synthetic scenario) coverage of NWCL scores 1 on the desk tone scale from 8 weighted term hits (8 positive / 0 negative), with 2 of 2 adjacent documents agreeing.","Two or more subsequent documents on NWCL score with the opposite sign, or price makes a lower low (for the constructive read) within five sessions.",0
SIG-MF79EGW0-005,2025-09-05T20:00:00.000Z,2025-09-26T20:00:00.000Z,superseded,narrative-shift,short,weeks,HLXN,native-equity rtoken,59.2,C,74,100,no,,,,rules,"demo wire (synthetic scenario) coverage of HLXN scores -1 on the desk tone scale from 12 weighted term hits (0 positive / 12 negative), with 1 of 1 adjacent documents agreeing.","Two or more subsequent documents on HLXN score with the opposite sign, or price makes a lower low (for the constructive read) within five sessions.",0
SIG-MF79EGW0-076,2025-09-05T20:00:00.000Z,2025-09-26T20:00:00.000Z,superseded,narrative-shift,short,weeks,HLXN,native-equity rtoken,59.2,C,74,100,no,,,,rules,"demo wire (synthetic scenario) coverage of HLXN scores -1 on the desk tone scale from 12 weighted term hits (0 positive / 12 negative), with 1 of 1 adjacent documents agreeing.","Two or more subsequent documents on HLXN score with the opposite sign, or price makes a lower low (for the constructive read) within five sessions.",0
SIG-MFB3NBK0-090,2025-09-08T12:30:00.000Z,2025-09-29T12:30:00.000Z,superseded,narrative-shift,short,weeks,HLXN,native-equity rtoken,59.2,C,74,100,no,,,,rules,"demo wire (synthetic scenario) coverage of HLXN scores -1 on the desk tone scale from 12 weighted term hits (0 positive / 12 negative), with 1 of 1 adjacent documents agreeing.","Two or more subsequent documents on HLXN score with the opposite sign, or price makes a lower low (for the constructive read) within five sessions.",0
SIG-MFB3NBK0-161,2025-09-08T12:30:00.000Z,2025-09-29T12:30:00.000Z,superseded,narrative-shift,short,weeks,HLXN,native-equity rtoken,59.2,C,74,100,no,,,,rules,"demo wire (synthetic scenario) coverage of HLXN scores -1 on the desk tone scale from 12 weighted term hits (0 positive / 12 negative), with 1 of 1 adjacent documents agreeing.","Two or more subsequent documents on HLXN score with the opposite sign, or price makes a lower low (for the constructive read) within five sessions.",0
SIG-MFEELQ80-175,2025-09-10T20:00:00.000Z,2025-10-01T20:00:00.000Z,superseded,narrative-shift,short,weeks,HLXN,native-equity rtoken,59.1,C,74,100,no,,,,rules,"demo wire (synthetic scenario) coverage of HLXN scores -1 on the desk tone scale from 12 weighted term hits (0 positive / 12 negative), with 1 of 1 adjacent documents agreeing.","Two or more subsequent documents on HLXN score with the opposite sign, or price makes a lower low (for the constructive read) within five sessions.",0
SIG-MFEELQ80-246,2025-09-10T20:00:00.000Z,2025-10-01T20:00:00.000Z,superseded,narrative-shift,short,weeks,HLXN,native-equity rtoken,59.1,C,74,100,no,,,,rules,"demo wire (synthetic scenario) coverage of HLXN scores -1 on the desk tone scale from 12 weighted term hits (0 positive / 12 negative), with 1 of 1 adjacent documents agreeing.","Two or more subsequent documents on HLXN score with the opposite sign, or price makes a lower low (for the constructive read) within five sessions.",0
SIG-MFIE7HC0-347,2025-09-13T15:00:00.000Z,2025-10-04T15:00:00.000Z,superseded,narrative-shift,long,weeks,NWCL,native-equity rtoken,58.6,C,80,100,no,,,,rules,"demo wire (synthetic scenario) coverage of NWCL scores 1 on the desk tone scale from 8 weighted term hits (8 positive / 0 negative), with 2 of 2 adjacent documents agreeing.","Two or more subsequent documents on NWCL score with the opposite sign, or price makes a lower low (for the constructive read) within five sessions.",0
SIG-MFIE7HC0-433,2025-09-13T15:00:00.000Z,2025-10-04T15:00:00.000Z,superseded,narrative-shift,long,weeks,NWCL,native-equity rtoken,58.6,C,80,100,no,,,,rules,"demo wire (synthetic scenario) coverage of NWCL scores 1 on the desk tone scale from 8 weighted term hits (8 positive / 0 negative), with 2 of 2 adjacent documents agreeing.","Two or more subsequent documents on NWCL score with the opposite sign, or price makes a lower low (for the constructive read) within five sessions.",0
SIG-MFWZBSW0-709,2025-09-23T20:00:00.000Z,2025-10-14T20:00:00.000Z,superseded,risk-flag,avoid,weeks,BLWF,native-equity,58.6,C,75,100,no,,,,rules,"BLWF carries 11 adverse-language flag(s) (material weakness, restatement, delayed filing, investigation) and 3 accounting-ratio flag(s). This is a do-not-own / hedge signal, not a short recommendation on its own.","The flagged item is explicitly resolved by the company (restatement cleared, weakness remediated, provision released) and the ratio normalises for two consecutive quarters.",0
SIG-MFWZBSW0-725,2025-09-23T20:00:00.000Z,2025-10-14T20:00:00.000Z,superseded,risk-flag,avoid,weeks,BLWF,native-equity,58.6,C,75,100,no,,,,rules,"BLWF carries 11 adverse-language flag(s) (material weakness, restatement, delayed filing, investigation) and 3 accounting-ratio flag(s). This is a do-not-own / hedge signal, not a short recommendation on its own.","The flagged item is explicitly resolved by the company (restatement cleared, weakness remediated, provision released) and the ratio normalises for two consecutive quarters.",0
SIG-MFWZBSW0-780,2025-09-23T20:00:00.000Z,2025-10-14T20:00:00.000Z,superseded,risk-flag,avoid,weeks,BLWF,native-equity,58.6,C,75,100,no,,,,rules,"BLWF carries 11 adverse-language flag(s) (material weakness, restatement, delayed filing, investigation) and 3 accounting-ratio flag(s). This is a do-not-own / hedge signal, not a short recommendation on its own.","The flagged item is explicitly resolved by the company (restatement cleared, weakness remediated, provision released) and the ratio normalises for two consecutive quarters.",0
SIG-MFIE7HC0-355,2025-09-13T15:00:00.000Z,2025-09-13T23:00:00.000Z,superseded,closed-window,neutral,intraday,SPY,rtoken,58.3,C,55,100,no,,,,rules,"The US cash session is closed (weekend) but the SPY rToken still trades. Information from ""Weekend wire: new tariff framework announced outside market hours"" can only be priced on the rToken until the next open. Across 44 comparable historical gaps in SPY, the gap direction continued 45.5% of the time and reverted 45.5% of the time; the median |gap| was 1.23%.","The rToken premium/dislocation to the last cash close collapses before the open, meaning the information was already fully priced by the token market.",0
SIG-MFIE7HC0-405,2025-09-13T15:00:00.000Z,2025-09-13T23:00:00.000Z,expired,closed-window,neutral,intraday,SPY,rtoken,58.3,C,55,100,no,,,,rules,"The US cash session is closed (weekend) but the SPY rToken still trades. Information from ""Weekend wire: new tariff framework announced outside market hours"" can only be priced on the rToken until the next open. Across 44 comparable historical gaps in SPY, the gap direction continued 45.5% of the time and reverted 45.5% of the time; the median |gap| was 1.23%.","The rToken premium/dislocation to the last cash close collapses before the open, meaning the information was already fully priced by the token market.",0
SIG-MG19NCW0-794,2025-09-26T20:00:00.000Z,2025-10-17T20:00:00.000Z,superseded,risk-flag,avoid,weeks,BLWF,native-equity,58,C,75,100,no,,,,rules,"BLWF carries 11 adverse-language flag(s) (material weakness, restatement, delayed filing, investigation) and 3 accounting-ratio flag(s). This is a do-not-own / hedge signal, not a short recommendation on its own.","The flagged item is explicitly resolved by the company (restatement cleared, weakness remediated, provision released) and the ratio normalises for two consecutive quarters.",0
SIG-MG19NCW0-810,2025-09-26T20:00:00.000Z,2025-10-17T20:00:00.000Z,superseded,risk-flag,avoid,weeks,BLWF,native-equity,58,C,75,100,no,,,,rules,"BLWF carries 11 adverse-language flag(s) (material weakness, restatement, delayed filing, investigation) and 3 accounting-ratio flag(s). This is a do-not-own / hedge signal, not a short recommendation on its own.","The flagged item is explicitly resolved by the company (restatement cleared, weakness remediated, provision released) and the ratio normalises for two consecutive quarters.",0
SIG-MG19NCW0-865,2025-09-26T20:00:00.000Z,2025-10-17T20:00:00.000Z,superseded,risk-flag,avoid,weeks,BLWF,native-equity,58,C,75,100,no,,,,rules,"BLWF carries 11 adverse-language flag(s) (material weakness, restatement, delayed filing, investigation) and 3 accounting-ratio flag(s). This is a do-not-own / hedge signal, not a short recommendation on its own.","The flagged item is explicitly resolved by the company (restatement cleared, weakness remediated, provision released) and the ratio normalises for two consecutive quarters.",0
SIG-MFH9HFK0-260,2025-09-12T20:00:00.000Z,2025-10-03T20:00:00.000Z,superseded,narrative-shift,short,weeks,HLXN,native-equity rtoken,57.3,C,74,100,no,,,,rules,"demo wire (synthetic scenario) coverage of HLXN scores -1 on the desk tone scale from 12 weighted term hits (0 positive / 12 negative), with 1 of 1 adjacent documents agreeing.","Two or more subsequent documents on HLXN score with the opposite sign, or price makes a lower low (for the constructive read) within five sessions.",0
SIG-MFH9HFK0-331,2025-09-12T20:00:00.000Z,2025-10-03T20:00:00.000Z,superseded,narrative-shift,short,weeks,HLXN,native-equity rtoken,57.3,C,74,100,no,,,,rules,"demo wire (synthetic scenario) coverage of HLXN scores -1 on the desk tone scale from 12 weighted term hits (0 positive / 12 negative), with 1 of 1 adjacent documents agreeing.","Two or more subsequent documents on HLXN score with the opposite sign, or price makes a lower low (for the constructive read) within five sessions.",0
SIG-MG6ZERK0-879,2025-09-30T20:00:00.000Z,2025-10-21T20:00:00.000Z,superseded,risk-flag,avoid,weeks,BLWF,native-equity,57.3,C,75,100,no,,,,rules,"BLWF carries 11 adverse-language flag(s) (material weakness, restatement, delayed filing, investigation) and 3 accounting-ratio flag(s). This is a do-not-own / hedge signal, not a short recommendation on its own.","The flagged item is explicitly resolved by the company (restatement cleared, weakness remediated, provision released) and the ratio normalises for two consecutive quarters.",0
SIG-MG6ZERK0-895,2025-09-30T20:00:00.000Z,2025-10-21T20:00:00.000Z,superseded,risk-flag,avoid,weeks,BLWF,native-equity,57.3,C,75,100,no,,,,rules,"BLWF carries 11 adverse-language flag(s) (material weakness, restatement, delayed filing, investigation) and 3 accounting-ratio flag(s). This is a do-not-own / hedge signal, not a short recommendation on its own.","The flagged item is explicitly resolved by the company (restatement cleared, weakness remediated, provision released) and the ratio normalises for two consecutive quarters.",0
SIG-MG6ZERK0-950,2025-09-30T20:00:00.000Z,2025-10-21T20:00:00.000Z,active,risk-flag,avoid,weeks,BLWF,native-equity,57.3,C,75,100,no,,,,rules,"BLWF carries 11 adverse-language flag(s) (material weakness, restatement, delayed filing, investigation) and 3 accounting-ratio flag(s). This is a do-not-own / hedge signal, not a short recommendation on its own.","The flagged item is explicitly resolved by the company (restatement cleared, weakness remediated, provision released) and the ratio normalises for two consecutive quarters.",0
SIG-MFIE7HC0-345,2025-09-13T15:00:00.000Z,2025-10-04T15:00:00.000Z,superseded,narrative-shift,short,weeks,HLXN,native-equity rtoken,56.7,C,74,100,no,,,,rules,"demo wire (synthetic scenario) coverage of HLXN scores -1 on the desk tone scale from 12 weighted term hits (0 positive / 12 negative), with 1 of 1 adjacent documents agreeing.","Two or more subsequent documents on HLXN score with the opposite sign, or price makes a lower low (for the constructive read) within five sessions.",0
SIG-MFIE7HC0-431,2025-09-13T15:00:00.000Z,2025-10-04T15:00:00.000Z,superseded,narrative-shift,short,weeks,HLXN,native-equity rtoken,56.7,C,74,100,no,,,,rules,"demo wire (synthetic scenario) coverage of HLXN scores -1 on the desk tone scale from 12 weighted term hits (0 positive / 12 negative), with 1 of 1 adjacent documents agreeing.","Two or more subsequent documents on HLXN score with the opposite sign, or price makes a lower low (for the constructive read) within five sessions.",0
SIG-MFMJ64W0-450,2025-09-16T12:30:00.000Z,2025-10-07T12:30:00.000Z,superseded,narrative-shift,long,weeks,NWCL,native-equity rtoken,56.6,C,80,100,no,,,,rules,"demo wire (synthetic scenario) coverage of NWCL scores 1 on the desk tone scale from 8 weighted term hits (8 positive / 0 negative), with 2 of 2 adjacent documents agreeing.","Two or more subsequent documents on NWCL score with the opposite sign, or price makes a lower low (for the constructive read) within five sessions.",0
SIG-MFMJ64W0-521,2025-09-16T12:30:00.000Z,2025-10-07T12:30:00.000Z,superseded,narrative-shift,long,weeks,NWCL,native-equity rtoken,56.6,C,80,100,no,,,,rules,"demo wire (synthetic scenario) coverage of NWCL scores 1 on the desk tone scale from 8 weighted term hits (8 positive / 0 negative), with 2 of 2 adjacent documents agreeing.","Two or more subsequent documents on NWCL score with the opposite sign, or price makes a lower low (for the constructive read) within five sessions.",0
SIG-MFOAEDC0-535,2025-09-17T18:00:00.000Z,2025-10-08T18:00:00.000Z,superseded,narrative-shift,long,weeks,NWCL,native-equity rtoken,55.9,C,80,100,no,,,,rules,"demo wire (synthetic scenario) coverage of NWCL scores 1 on the desk tone scale from 8 weighted term hits (8 positive / 0 negative), with 2 of 2 adjacent documents agreeing.","Two or more subsequent documents on NWCL score with the opposite sign, or price makes a lower low (for the constructive read) within five sessions.",0
SIG-MFOAEDC0-606,2025-09-17T18:00:00.000Z,2025-10-08T18:00:00.000Z,superseded,narrative-shift,long,weeks,NWCL,native-equity rtoken,55.9,C,80,100,no,,,,rules,"demo wire (synthetic scenario) coverage of NWCL scores 1 on the desk tone scale from 8 weighted term hits (8 positive / 0 negative), with 2 of 2 adjacent documents agreeing.","Two or more subsequent documents on NWCL score with the opposite sign, or price makes a lower low (for the constructive read) within five sessions.",0
SIG-MF79EGW0-014,2025-09-05T20:00:00.000Z,2025-09-10T20:00:00.000Z,superseded,flow-footprint,neutral,days,BTC ETH,crypto rtoken,55.7,C,30,100,no,,,,rules,"The cross-market flow footprint reads spot BTC ETF -$184M, spot ETH ETF $62M, stablecoin supply 24h $1.10B, whale net -$740M. ETF and stablecoin flows show where marginal capital is moving; a single print confirms or questions a footprint but is too noisy to trade on its own.","ETF flows reverse for two consecutive sessions and stablecoin supply contracts, i.e. the footprint flips from mixed/defensive to risk-off (or risk-on) rather than a one-day print.",0
SIG-MF79EGW0-071,2025-09-05T20:00:00.000Z,2025-09-10T20:00:00.000Z,superseded,flow-footprint,neutral,days,BTC ETH,crypto rtoken,55.7,C,30,100,no,,,,rules,"The cross-market flow footprint reads spot BTC ETF -$184M, spot ETH ETF $62M, stablecoin supply 24h $1.10B, whale net -$740M. ETF and stablecoin flows show where marginal capital is moving; a single print confirms or questions a footprint but is too noisy to trade on its own.","ETF flows reverse for two consecutive sessions and stablecoin supply contracts, i.e. the footprint flips from mixed/defensive to risk-off (or risk-on) rather than a one-day print.",0
SIG-MFB3NBK0-099,2025-09-08T12:30:00.000Z,2025-09-13T12:30:00.000Z,superseded,flow-footprint,neutral,days,BTC ETH,crypto rtoken,55.7,C,30,100,no,,,,rules,"The cross-market flow footprint reads spot BTC ETF -$184M, spot ETH ETF $62M, stablecoin supply 24h $1.10B, whale net -$740M. ETF and stablecoin flows show where marginal capital is moving; a single print confirms or questions a footprint but is too noisy to trade on its own.","ETF flows reverse for two consecutive sessions and stablecoin supply contracts, i.e. the footprint flips from mixed/defensive to risk-off (or risk-on) rather than a one-day print.",0
SIG-MFB3NBK0-156,2025-09-08T12:30:00.000Z,2025-09-13T12:30:00.000Z,superseded,flow-footprint,neutral,days,BTC ETH,crypto rtoken,55.7,C,30,100,no,,,,rules,"The cross-market flow footprint reads spot BTC ETF -$184M, spot ETH ETF $62M, stablecoin supply 24h $1.10B, whale net -$740M. ETF and stablecoin flows show where marginal capital is moving; a single print confirms or questions a footprint but is too noisy to trade on its own.","ETF flows reverse for two consecutive sessions and stablecoin supply contracts, i.e. the footprint flips from mixed/defensive to risk-off (or risk-on) rather than a one-day print.",0
SIG-MFEELQ80-184,2025-09-10T20:00:00.000Z,2025-09-15T20:00:00.000Z,superseded,flow-footprint,neutral,days,BTC ETH,crypto rtoken,55.7,C,30,100,no,,,,rules,"The cross-market flow footprint reads spot BTC ETF -$184M, spot ETH ETF $62M, stablecoin supply 24h $1.10B, whale net -$740M. ETF and stablecoin flows show where marginal capital is moving; a single print confirms or questions a footprint but is too noisy to trade on its own.","ETF flows reverse for two consecutive sessions and stablecoin supply contracts, i.e. the footprint flips from mixed/defensive to risk-off (or risk-on) rather than a one-day print.",0
SIG-MFEELQ80-241,2025-09-10T20:00:00.000Z,2025-09-15T20:00:00.000Z,superseded,flow-footprint,neutral,days,BTC ETH,crypto rtoken,55.7,C,30,100,no,,,,rules,"The cross-market flow footprint reads spot BTC ETF -$184M, spot ETH ETF $62M, stablecoin supply 24h $1.10B, whale net -$740M. ETF and stablecoin flows show where marginal capital is moving; a single print confirms or questions a footprint but is too noisy to trade on its own.","ETF flows reverse for two consecutive sessions and stablecoin supply contracts, i.e. the footprint flips from mixed/defensive to risk-off (or risk-on) rather than a one-day print.",0
SIG-MFH9HFK0-269,2025-09-12T20:00:00.000Z,2025-09-17T20:00:00.000Z,superseded,flow-footprint,neutral,days,BTC ETH,crypto rtoken,55.7,C,30,100,no,,,,rules,"The cross-market flow footprint reads spot BTC ETF -$184M, spot ETH ETF $62M, stablecoin supply 24h $1.10B, whale net -$740M. ETF and stablecoin flows show where marginal capital is moving; a single print confirms or questions a footprint but is too noisy to trade on its own.","ETF flows reverse for two consecutive sessions and stablecoin supply contracts, i.e. the footprint flips from mixed/defensive to risk-off (or risk-on) rather than a one-day print.",0
SIG-MFH9HFK0-326,2025-09-12T20:00:00.000Z,2025-09-17T20:00:00.000Z,superseded,flow-footprint,neutral,days,BTC ETH,crypto rtoken,55.7,C,30,100,no,,,,rules,"The cross-market flow footprint reads spot BTC ETF -$184M, spot ETH ETF $62M, stablecoin supply 24h $1.10B, whale net -$740M. ETF and stablecoin flows show where marginal capital is moving; a single print confirms or questions a footprint but is too noisy to trade on its own.","ETF flows reverse for two consecutive sessions and stablecoin supply contracts, i.e. the footprint flips from mixed/defensive to risk-off (or risk-on) rather than a one-day print.",0
SIG-MFIE7HC0-357,2025-09-13T15:00:00.000Z,2025-09-18T15:00:00.000Z,superseded,flow-footprint,neutral,days,BTC ETH,crypto rtoken,55.7,C,30,100,no,,,,rules,"The cross-market flow footprint reads spot BTC ETF -$184M, spot ETH ETF $62M, stablecoin supply 24h $1.10B, whale net -$740M. ETF and stablecoin flows show where marginal capital is moving; a single print confirms or questions a footprint but is too noisy to trade on its own.","ETF flows reverse for two consecutive sessions and stablecoin supply contracts, i.e. the footprint flips from mixed/defensive to risk-off (or risk-on) rather than a one-day print.",0
SIG-MFIE7HC0-426,2025-09-13T15:00:00.000Z,2025-09-18T15:00:00.000Z,superseded,flow-footprint,neutral,days,BTC ETH,crypto rtoken,55.7,C,30,100,no,,,,rules,"The cross-market flow footprint reads spot BTC ETF -$184M, spot ETH ETF $62M, stablecoin supply 24h $1.10B, whale net -$740M. ETF and stablecoin flows show where marginal capital is moving; a single print confirms or questions a footprint but is too noisy to trade on its own.","ETF flows reverse for two consecutive sessions and stablecoin supply contracts, i.e. the footprint flips from mixed/defensive to risk-off (or risk-on) rather than a one-day print.",0
SIG-MFMJ64W0-457,2025-09-16T12:30:00.000Z,2025-09-21T12:30:00.000Z,superseded,flow-footprint,neutral,days,BTC ETH,crypto rtoken,55.7,C,30,100,no,,,,rules,"The cross-market flow footprint reads spot BTC ETF -$184M, spot ETH ETF $62M, stablecoin supply 24h $1.10B, whale net -$740M. ETF and stablecoin flows show where marginal capital is moving; a single print confirms or questions a footprint but is too noisy to trade on its own.","ETF flows reverse for two consecutive sessions and stablecoin supply contracts, i.e. the footprint flips from mixed/defensive to risk-off (or risk-on) rather than a one-day print.",0
SIG-MFMJ64W0-514,2025-09-16T12:30:00.000Z,2025-09-21T12:30:00.000Z,superseded,flow-footprint,neutral,days,BTC ETH,crypto rtoken,55.7,C,30,100,no,,,,rules,"The cross-market flow footprint reads spot BTC ETF -$184M, spot ETH ETF $62M, stablecoin supply 24h $1.10B, whale net -$740M. ETF and stablecoin flows show where marginal capital is moving; a single print confirms or questions a footprint but is too noisy to trade on its own.","ETF flows reverse for two consecutive sessions and stablecoin supply contracts, i.e. the footprint flips from mixed/defensive to risk-off (or risk-on) rather than a one-day print.",0
SIG-MFOAEDC0-542,2025-09-17T18:00:00.000Z,2025-09-22T18:00:00.000Z,superseded,flow-footprint,neutral,days,BTC ETH,crypto rtoken,55.7,C,30,100,no,,,,rules,"The cross-market flow footprint reads spot BTC ETF -$184M, spot ETH ETF $62M, stablecoin supply 24h $1.10B, whale net -$740M. ETF and stablecoin flows show where marginal capital is moving; a single print confirms or questions a footprint but is too noisy to trade on its own.","ETF flows reverse for two consecutive sessions and stablecoin supply contracts, i.e. the footprint flips from mixed/defensive to risk-off (or risk-on) rather than a one-day print.",0
SIG-MFOAEDC0-599,2025-09-17T18:00:00.000Z,2025-09-22T18:00:00.000Z,superseded,flow-footprint,neutral,days,BTC ETH,crypto rtoken,55.7,C,30,100,no,,,,rules,"The cross-market flow footprint reads spot BTC ETF -$184M, spot ETH ETF $62M, stablecoin supply 24h $1.10B, whale net -$740M. ETF and stablecoin flows show where marginal capital is moving; a single print confirms or questions a footprint but is too noisy to trade on its own.","ETF flows reverse for two consecutive sessions and stablecoin supply contracts, i.e. the footprint flips from mixed/defensive to risk-off (or risk-on) rather than a one-day print.",0
SIG-MFR9KE80-627,2025-09-19T20:00:00.000Z,2025-09-24T20:00:00.000Z,superseded,flow-footprint,neutral,days,BTC ETH,crypto rtoken,55.7,C,30,100,no,,,,rules,"The cross-market flow footprint reads spot BTC ETF -$184M, spot ETH ETF $62M, stablecoin supply 24h $1.10B, whale net -$740M. ETF and stablecoin flows show where marginal capital is moving; a single print confirms or questions a footprint but is too noisy to trade on its own.","ETF flows reverse for two consecutive sessions and stablecoin supply contracts, i.e. the footprint flips from mixed/defensive to risk-off (or risk-on) rather than a one-day print.",0
SIG-MFR9KE80-684,2025-09-19T20:00:00.000Z,2025-09-24T20:00:00.000Z,superseded,flow-footprint,neutral,days,BTC ETH,crypto rtoken,55.7,C,30,100,no,,,,rules,"The cross-market flow footprint reads spot BTC ETF -$184M, spot ETH ETF $62M, stablecoin supply 24h $1.10B, whale net -$740M. ETF and stablecoin flows show where marginal capital is moving; a single print confirms or questions a footprint but is too noisy to trade on its own.","ETF flows reverse for two consecutive sessions and stablecoin supply contracts, i.e. the footprint flips from mixed/defensive to risk-off (or risk-on) rather than a one-day print.",0
SIG-MFWZBSW0-712,2025-09-23T20:00:00.000Z,2025-09-28T20:00:00.000Z,superseded,flow-footprint,neutral,days,BTC ETH,crypto rtoken,55.7,C,30,100,no,,,,rules,"The cross-market flow footprint reads spot BTC ETF -$184M, spot ETH ETF $62M, stablecoin supply 24h $1.10B, whale net -$740M. ETF and stablecoin flows show where marginal capital is moving; a single print confirms or questions a footprint but is too noisy to trade on its own.","ETF flows reverse for two consecutive sessions and stablecoin supply contracts, i.e. the footprint flips from mixed/defensive to risk-off (or risk-on) rather than a one-day print.",0
SIG-MFWZBSW0-769,2025-09-23T20:00:00.000Z,2025-09-28T20:00:00.000Z,superseded,flow-footprint,neutral,days,BTC ETH,crypto rtoken,55.7,C,30,100,no,,,,rules,"The cross-market flow footprint reads spot BTC ETF -$184M, spot ETH ETF $62M, stablecoin supply 24h $1.10B, whale net -$740M. ETF and stablecoin flows show where marginal capital is moving; a single print confirms or questions a footprint but is too noisy to trade on its own.","ETF flows reverse for two consecutive sessions and stablecoin supply contracts, i.e. the footprint flips from mixed/defensive to risk-off (or risk-on) rather than a one-day print.",0
SIG-MG19NCW0-797,2025-09-26T20:00:00.000Z,2025-10-01T20:00:00.000Z,superseded,flow-footprint,neutral,days,BTC ETH,crypto rtoken,55.7,C,30,100,no,,,,rules,"The cross-market flow footprint reads spot BTC ETF -$184M, spot ETH ETF $62M, stablecoin supply 24h $1.10B, whale net -$740M. ETF and stablecoin flows show where marginal capital is moving; a single print confirms or questions a footprint but is too noisy to trade on its own.","ETF flows reverse for two consecutive sessions and stablecoin supply contracts, i.e. the footprint flips from mixed/defensive to risk-off (or risk-on) rather than a one-day print.",0
SIG-MG19NCW0-854,2025-09-26T20:00:00.000Z,2025-10-01T20:00:00.000Z,superseded,flow-footprint,neutral,days,BTC ETH,crypto rtoken,55.7,C,30,100,no,,,,rules,"The cross-market flow footprint reads spot BTC ETF -$184M, spot ETH ETF $62M, stablecoin supply 24h $1.10B, whale net -$740M. ETF and stablecoin flows show where marginal capital is moving; a single print confirms or questions a footprint but is too noisy to trade on its own.","ETF flows reverse for two consecutive sessions and stablecoin supply contracts, i.e. the footprint flips from mixed/defensive to risk-off (or risk-on) rather than a one-day print.",0
SIG-MG6ZERK0-882,2025-09-30T20:00:00.000Z,2025-10-05T20:00:00.000Z,superseded,flow-footprint,neutral,days,BTC ETH,crypto rtoken,55.7,C,30,100,no,,,,rules,"The cross-market flow footprint reads spot BTC ETF -$184M, spot ETH ETF $62M, stablecoin supply 24h $1.10B, whale net -$740M. ETF and stablecoin flows show where marginal capital is moving; a single print confirms or questions a footprint but is too noisy to trade on its own.","ETF flows reverse for two consecutive sessions and stablecoin supply contracts, i.e. the footprint flips from mixed/defensive to risk-off (or risk-on) rather than a one-day print.",0
SIG-MG6ZERK0-939,2025-09-30T20:00:00.000Z,2025-10-05T20:00:00.000Z,active,flow-footprint,neutral,days,BTC ETH,crypto rtoken,55.7,C,30,100,no,,,,rules,"The cross-market flow footprint reads spot BTC ETF -$184M, spot ETH ETF $62M, stablecoin supply 24h $1.10B, whale net -$740M. ETF and stablecoin flows show where marginal capital is moving; a single print confirms or questions a footprint but is too noisy to trade on its own.","ETF flows reverse for two consecutive sessions and stablecoin supply contracts, i.e. the footprint flips from mixed/defensive to risk-off (or risk-on) rather than a one-day print.",0
SIG-MFR9KE80-620,2025-09-19T20:00:00.000Z,2025-10-10T20:00:00.000Z,superseded,narrative-shift,long,weeks,NWCL,native-equity rtoken,54.9,C,80,100,no,,,,rules,"demo wire (synthetic scenario) coverage of NWCL scores 1 on the desk tone scale from 8 weighted term hits (8 positive / 0 negative), with 2 of 2 adjacent documents agreeing.","Two or more subsequent documents on NWCL score with the opposite sign, or price makes a lower low (for the constructive read) within five sessions.",0
SIG-MFR9KE80-691,2025-09-19T20:00:00.000Z,2025-10-10T20:00:00.000Z,superseded,narrative-shift,long,weeks,NWCL,native-equity rtoken,54.9,C,80,100,no,,,,rules,"demo wire (synthetic scenario) coverage of NWCL scores 1 on the desk tone scale from 8 weighted term hits (8 positive / 0 negative), with 2 of 2 adjacent documents agreeing.","Two or more subsequent documents on NWCL score with the opposite sign, or price makes a lower low (for the constructive read) within five sessions.",0
SIG-MFMJ64W0-448,2025-09-16T12:30:00.000Z,2025-10-07T12:30:00.000Z,superseded,narrative-shift,short,weeks,HLXN,native-equity rtoken,54.8,C,74,100,no,,,,rules,"demo wire (synthetic scenario) coverage of HLXN scores -1 on the desk tone scale from 12 weighted term hits (0 positive / 12 negative), with 1 of 1 adjacent documents agreeing.","Two or more subsequent documents on HLXN score with the opposite sign, or price makes a lower low (for the constructive read) within five sessions.",0
SIG-MFMJ64W0-519,2025-09-16T12:30:00.000Z,2025-10-07T12:30:00.000Z,superseded,narrative-shift,short,weeks,HLXN,native-equity rtoken,54.8,C,74,100,no,,,,rules,"demo wire (synthetic scenario) coverage of HLXN scores -1 on the desk tone scale from 12 weighted term hits (0 positive / 12 negative), with 1 of 1 adjacent documents agreeing.","Two or more subsequent documents on HLXN score with the opposite sign, or price makes a lower low (for the constructive read) within five sessions.",0
SIG-MFOAEDC0-533,2025-09-17T18:00:00.000Z,2025-10-08T18:00:00.000Z,superseded,narrative-shift,short,weeks,HLXN,native-equity rtoken,54.2,C,74,100,no,,,,rules,"demo wire (synthetic scenario) coverage of HLXN scores -1 on the desk tone scale from 12 weighted term hits (0 positive / 12 negative), with 1 of 1 adjacent documents agreeing.","Two or more subsequent documents on HLXN score with the opposite sign, or price makes a lower low (for the constructive read) within five sessions.",0
SIG-MFOAEDC0-604,2025-09-17T18:00:00.000Z,2025-10-08T18:00:00.000Z,superseded,narrative-shift,short,weeks,HLXN,native-equity rtoken,54.2,C,74,100,no,,,,rules,"demo wire (synthetic scenario) coverage of HLXN scores -1 on the desk tone scale from 12 weighted term hits (0 positive / 12 negative), with 1 of 1 adjacent documents agreeing.","Two or more subsequent documents on HLXN score with the opposite sign, or price makes a lower low (for the constructive read) within five sessions.",0
SIG-MFWZBSW0-705,2025-09-23T20:00:00.000Z,2025-10-14T20:00:00.000Z,superseded,narrative-shift,long,weeks,NWCL,native-equity rtoken,53.5,C,80,100,no,,,,rules,"demo wire (synthetic scenario) coverage of NWCL scores 1 on the desk tone scale from 8 weighted term hits (8 positive / 0 negative), with 2 of 2 adjacent documents agreeing.","Two or more subsequent documents on NWCL score with the opposite sign, or price makes a lower low (for the constructive read) within five sessions.",0
SIG-MFWZBSW0-776,2025-09-23T20:00:00.000Z,2025-10-14T20:00:00.000Z,superseded,narrative-shift,long,weeks,NWCL,native-equity rtoken,53.5,C,80,100,no,,,,rules,"demo wire (synthetic scenario) coverage of NWCL scores 1 on the desk tone scale from 8 weighted term hits (8 positive / 0 negative), with 2 of 2 adjacent documents agreeing.","Two or more subsequent documents on NWCL score with the opposite sign, or price makes a lower low (for the constructive read) within five sessions.",0
SIG-MFR9KE80-618,2025-09-19T20:00:00.000Z,2025-10-10T20:00:00.000Z,superseded,narrative-shift,short,weeks,HLXN,native-equity rtoken,53.3,C,74,100,no,,,,rules,"demo wire (synthetic scenario) coverage of HLXN scores -1 on the desk tone scale from 12 weighted term hits (0 positive / 12 negative), with 1 of 1 adjacent documents agreeing.","Two or more subsequent documents on HLXN score with the opposite sign, or price makes a lower low (for the constructive read) within five sessions.",0
SIG-MFR9KE80-689,2025-09-19T20:00:00.000Z,2025-10-10T20:00:00.000Z,superseded,narrative-shift,short,weeks,HLXN,native-equity rtoken,53.3,C,74,100,no,,,,rules,"demo wire (synthetic scenario) coverage of HLXN scores -1 on the desk tone scale from 12 weighted term hits (0 positive / 12 negative), with 1 of 1 adjacent documents agreeing.","Two or more subsequent documents on HLXN score with the opposite sign, or price makes a lower low (for the constructive read) within five sessions.",0
SIG-MG19NCW0-790,2025-09-26T20:00:00.000Z,2025-10-17T20:00:00.000Z,superseded,narrative-shift,long,weeks,NWCL,native-equity rtoken,52.8,C,80,100,no,,,,rules,"demo wire (synthetic scenario) coverage of NWCL scores 1 on the desk tone scale from 8 weighted term hits (8 positive / 0 negative), with 2 of 2 adjacent documents agreeing.","Two or more subsequent documents on NWCL score with the opposite sign, or price makes a lower low (for the constructive read) within five sessions.",0
SIG-MG19NCW0-861,2025-09-26T20:00:00.000Z,2025-10-17T20:00:00.000Z,superseded,narrative-shift,long,weeks,NWCL,native-equity rtoken,52.8,C,80,100,no,,,,rules,"demo wire (synthetic scenario) coverage of NWCL scores 1 on the desk tone scale from 8 weighted term hits (8 positive / 0 negative), with 2 of 2 adjacent documents agreeing.","Two or more subsequent documents on NWCL score with the opposite sign, or price makes a lower low (for the constructive read) within five sessions.",0
SIG-MF79EGW0-068,2025-09-05T20:00:00.000Z,2025-09-26T20:00:00.000Z,superseded,flow-footprint,neutral,weeks,HLXN,native-equity,52.1,C,58,100,no,,,,rules,Insider activity in HLXN shows 4 dispositions against 1 acquisitions in the reported window. Clustered selling is a weak but persistent negative; isolated selling is usually tax planning.,"A cluster of open-market purchases by two or more officers, or disclosure that the sales were executed under a pre-existing 10b5-1 plan adopted before the information event.",0
SIG-MFB3NBK0-153,2025-09-08T12:30:00.000Z,2025-09-29T12:30:00.000Z,superseded,flow-footprint,neutral,weeks,HLXN,native-equity,52.1,C,58,100,no,,,,rules,Insider activity in HLXN shows 4 dispositions against 1 acquisitions in the reported window. Clustered selling is a weak but persistent negative; isolated selling is usually tax planning.,"A cluster of open-market purchases by two or more officers, or disclosure that the sales were executed under a pre-existing 10b5-1 plan adopted before the information event.",0
SIG-MFEELQ80-238,2025-09-10T20:00:00.000Z,2025-10-01T20:00:00.000Z,superseded,flow-footprint,neutral,weeks,HLXN,native-equity,52.1,C,58,100,no,,,,rules,Insider activity in HLXN shows 4 dispositions against 1 acquisitions in the reported window. Clustered selling is a weak but persistent negative; isolated selling is usually tax planning.,"A cluster of open-market purchases by two or more officers, or disclosure that the sales were executed under a pre-existing 10b5-1 plan adopted before the information event.",0
SIG-MFH9HFK0-323,2025-09-12T20:00:00.000Z,2025-10-03T20:00:00.000Z,superseded,flow-footprint,neutral,weeks,HLXN,native-equity,52.1,C,58,100,no,,,,rules,Insider activity in HLXN shows 4 dispositions against 1 acquisitions in the reported window. Clustered selling is a weak but persistent negative; isolated selling is usually tax planning.,"A cluster of open-market purchases by two or more officers, or disclosure that the sales were executed under a pre-existing 10b5-1 plan adopted before the information event.",0
SIG-MFIE7HC0-423,2025-09-13T15:00:00.000Z,2025-10-04T15:00:00.000Z,superseded,flow-footprint,neutral,weeks,HLXN,native-equity,52.1,C,58,100,no,,,,rules,Insider activity in HLXN shows 4 dispositions against 1 acquisitions in the reported window. Clustered selling is a weak but persistent negative; isolated selling is usually tax planning.,"A cluster of open-market purchases by two or more officers, or disclosure that the sales were executed under a pre-existing 10b5-1 plan adopted before the information event.",0
SIG-MFMJ64W0-511,2025-09-16T12:30:00.000Z,2025-10-07T12:30:00.000Z,superseded,flow-footprint,neutral,weeks,HLXN,native-equity,52.1,C,58,100,no,,,,rules,Insider activity in HLXN shows 4 dispositions against 1 acquisitions in the reported window. Clustered selling is a weak but persistent negative; isolated selling is usually tax planning.,"A cluster of open-market purchases by two or more officers, or disclosure that the sales were executed under a pre-existing 10b5-1 plan adopted before the information event.",0
SIG-MFOAEDC0-596,2025-09-17T18:00:00.000Z,2025-10-08T18:00:00.000Z,superseded,flow-footprint,neutral,weeks,HLXN,native-equity,52.1,C,58,100,no,,,,rules,Insider activity in HLXN shows 4 dispositions against 1 acquisitions in the reported window. Clustered selling is a weak but persistent negative; isolated selling is usually tax planning.,"A cluster of open-market purchases by two or more officers, or disclosure that the sales were executed under a pre-existing 10b5-1 plan adopted before the information event.",0
SIG-MFR9KE80-681,2025-09-19T20:00:00.000Z,2025-10-10T20:00:00.000Z,superseded,flow-footprint,neutral,weeks,HLXN,native-equity,52.1,C,58,100,no,,,,rules,Insider activity in HLXN shows 4 dispositions against 1 acquisitions in the reported window. Clustered selling is a weak but persistent negative; isolated selling is usually tax planning.,"A cluster of open-market purchases by two or more officers, or disclosure that the sales were executed under a pre-existing 10b5-1 plan adopted before the information event.",0
SIG-MFWZBSW0-766,2025-09-23T20:00:00.000Z,2025-10-14T20:00:00.000Z,superseded,flow-footprint,neutral,weeks,HLXN,native-equity,52.1,C,58,100,no,,,,rules,Insider activity in HLXN shows 4 dispositions against 1 acquisitions in the reported window. Clustered selling is a weak but persistent negative; isolated selling is usually tax planning.,"A cluster of open-market purchases by two or more officers, or disclosure that the sales were executed under a pre-existing 10b5-1 plan adopted before the information event.",0
SIG-MG19NCW0-851,2025-09-26T20:00:00.000Z,2025-10-17T20:00:00.000Z,superseded,flow-footprint,neutral,weeks,HLXN,native-equity,52.1,C,58,100,no,,,,rules,Insider activity in HLXN shows 4 dispositions against 1 acquisitions in the reported window. Clustered selling is a weak but persistent negative; isolated selling is usually tax planning.,"A cluster of open-market purchases by two or more officers, or disclosure that the sales were executed under a pre-existing 10b5-1 plan adopted before the information event.",0
SIG-MG6ZERK0-875,2025-09-30T20:00:00.000Z,2025-10-21T20:00:00.000Z,superseded,narrative-shift,long,weeks,NWCL,native-equity rtoken,52.1,C,80,100,no,,,,rules,"demo wire (synthetic scenario) coverage of NWCL scores 1 on the desk tone scale from 8 weighted term hits (8 positive / 0 negative), with 2 of 2 adjacent documents agreeing.","Two or more subsequent documents on NWCL score with the opposite sign, or price makes a lower low (for the constructive read) within five sessions.",0
SIG-MG6ZERK0-936,2025-09-30T20:00:00.000Z,2025-10-21T20:00:00.000Z,active,flow-footprint,neutral,weeks,HLXN,native-equity,52.1,C,58,100,no,,,,rules,Insider activity in HLXN shows 4 dispositions against 1 acquisitions in the reported window. Clustered selling is a weak but persistent negative; isolated selling is usually tax planning.,"A cluster of open-market purchases by two or more officers, or disclosure that the sales were executed under a pre-existing 10b5-1 plan adopted before the information event.",0
SIG-MG6ZERK0-946,2025-09-30T20:00:00.000Z,2025-10-21T20:00:00.000Z,active,narrative-shift,long,weeks,NWCL,native-equity rtoken,52.1,C,80,100,no,,,,rules,"demo wire (synthetic scenario) coverage of NWCL scores 1 on the desk tone scale from 8 weighted term hits (8 positive / 0 negative), with 2 of 2 adjacent documents agreeing.","Two or more subsequent documents on NWCL score with the opposite sign, or price makes a lower low (for the constructive read) within five sessions.",0
SIG-MFWZBSW0-703,2025-09-23T20:00:00.000Z,2025-10-14T20:00:00.000Z,superseded,narrative-shift,short,weeks,HLXN,native-equity rtoken,51.9,C,74,100,no,,,,rules,"demo wire (synthetic scenario) coverage of HLXN scores -1 on the desk tone scale from 12 weighted term hits (0 positive / 12 negative), with 1 of 1 adjacent documents agreeing.","Two or more subsequent documents on HLXN score with the opposite sign, or price makes a lower low (for the constructive read) within five sessions.",0
SIG-MFWZBSW0-774,2025-09-23T20:00:00.000Z,2025-10-14T20:00:00.000Z,superseded,narrative-shift,short,weeks,HLXN,native-equity rtoken,51.9,C,74,100,no,,,,rules,"demo wire (synthetic scenario) coverage of HLXN scores -1 on the desk tone scale from 12 weighted term hits (0 positive / 12 negative), with 1 of 1 adjacent documents agreeing.","Two or more subsequent documents on HLXN score with the opposite sign, or price makes a lower low (for the constructive read) within five sessions.",0
SIG-MG19NCW0-788,2025-09-26T20:00:00.000Z,2025-10-17T20:00:00.000Z,superseded,narrative-shift,short,weeks,HLXN,native-equity rtoken,51.2,C,74,100,no,,,,rules,"demo wire (synthetic scenario) coverage of HLXN scores -1 on the desk tone scale from 12 weighted term hits (0 positive / 12 negative), with 1 of 1 adjacent documents agreeing.","Two or more subsequent documents on HLXN score with the opposite sign, or price makes a lower low (for the constructive read) within five sessions.",0
SIG-MG19NCW0-859,2025-09-26T20:00:00.000Z,2025-10-17T20:00:00.000Z,superseded,narrative-shift,short,weeks,HLXN,native-equity rtoken,51.2,C,74,100,no,,,,rules,"demo wire (synthetic scenario) coverage of HLXN scores -1 on the desk tone scale from 12 weighted term hits (0 positive / 12 negative), with 1 of 1 adjacent documents agreeing.","Two or more subsequent documents on HLXN score with the opposite sign, or price makes a lower low (for the constructive read) within five sessions.",0
SIG-MG6ZERK0-873,2025-09-30T20:00:00.000Z,2025-10-21T20:00:00.000Z,superseded,narrative-shift,short,weeks,HLXN,native-equity rtoken,50.5,C,74,100,no,,,,rules,"demo wire (synthetic scenario) coverage of HLXN scores -1 on the desk tone scale from 12 weighted term hits (0 positive / 12 negative), with 1 of 1 adjacent documents agreeing.","Two or more subsequent documents on HLXN score with the opposite sign, or price makes a lower low (for the constructive read) within five sessions.",0
SIG-MG6ZERK0-944,2025-09-30T20:00:00.000Z,2025-10-21T20:00:00.000Z,active,narrative-shift,short,weeks,HLXN,native-equity rtoken,50.5,C,74,100,no,,,,rules,"demo wire (synthetic scenario) coverage of HLXN scores -1 on the desk tone scale from 12 weighted term hits (0 positive / 12 negative), with 1 of 1 adjacent documents agreeing.","Two or more subsequent documents on HLXN score with the opposite sign, or price makes a lower low (for the constructive read) within five sessions.",0
SIG-MF79EGW0-013,2025-09-05T20:00:00.000Z,2025-09-06T04:00:00.000Z,superseded,cross-asset,neutral,intraday,BTC ETH,rtoken crypto,49,C,28,100,no,,,,rules,"Crypto-side positioning reads Fear & Greed 41 (Fear), BTC funding 0.0081, US spot BTC ETF flow -184000000. Because tokenized US equities settle on crypto rails, an unremarkable crypto regime changes who is awake to trade the rToken when US macro lands outside cash hours.","Fear & Greed returns inside the 35-65 band and funding normalises, i.e. the crypto complex stops driving marginal rToken liquidity.",0
SIG-MF79EGW0-054,2025-09-05T20:00:00.000Z,2025-09-06T04:00:00.000Z,superseded,cross-asset,neutral,intraday,BTC ETH,rtoken crypto,49,C,28,100,no,,,,rules,"Crypto-side positioning reads Fear & Greed 41 (Fear), BTC funding 0.0081, US spot BTC ETF flow -184000000. Because tokenized US equities settle on crypto rails, an unremarkable crypto regime changes who is awake to trade the rToken when US macro lands outside cash hours.","Fear & Greed returns inside the 35-65 band and funding normalises, i.e. the crypto complex stops driving marginal rToken liquidity.",0
SIG-MFB3NBK0-098,2025-09-08T12:30:00.000Z,2025-09-08T20:30:00.000Z,superseded,cross-asset,neutral,intraday,BTC ETH,rtoken crypto,49,C,28,100,no,,,,rules,"Crypto-side positioning reads Fear & Greed 41 (Fear), BTC funding 0.0081, US spot BTC ETF flow -184000000. Because tokenized US equities settle on crypto rails, an unremarkable crypto regime changes who is awake to trade the rToken when US macro lands outside cash hours.","Fear & Greed returns inside the 35-65 band and funding normalises, i.e. the crypto complex stops driving marginal rToken liquidity.",0
SIG-MFB3NBK0-139,2025-09-08T12:30:00.000Z,2025-09-08T20:30:00.000Z,superseded,cross-asset,neutral,intraday,BTC ETH,rtoken crypto,49,C,28,100,no,,,,rules,"Crypto-side positioning reads Fear & Greed 41 (Fear), BTC funding 0.0081, US spot BTC ETF flow -184000000. Because tokenized US equities settle on crypto rails, an unremarkable crypto regime changes who is awake to trade the rToken when US macro lands outside cash hours.","Fear & Greed returns inside the 35-65 band and funding normalises, i.e. the crypto complex stops driving marginal rToken liquidity.",0
SIG-MFEELQ80-183,2025-09-10T20:00:00.000Z,2025-09-11T04:00:00.000Z,superseded,cross-asset,neutral,intraday,BTC ETH,rtoken crypto,49,C,28,100,no,,,,rules,"Crypto-side positioning reads Fear & Greed 41 (Fear), BTC funding 0.0081, US spot BTC ETF flow -184000000. Because tokenized US equities settle on crypto rails, an unremarkable crypto regime changes who is awake to trade the rToken when US macro lands outside cash hours.","Fear & Greed returns inside the 35-65 band and funding normalises, i.e. the crypto complex stops driving marginal rToken liquidity.",0
SIG-MFEELQ80-224,2025-09-10T20:00:00.000Z,2025-09-11T04:00:00.000Z,superseded,cross-asset,neutral,intraday,BTC ETH,rtoken crypto,49,C,28,100,no,,,,rules,"Crypto-side positioning reads Fear & Greed 41 (Fear), BTC funding 0.0081, US spot BTC ETF flow -184000000. Because tokenized US equities settle on crypto rails, an unremarkable crypto regime changes who is awake to trade the rToken when US macro lands outside cash hours.","Fear & Greed returns inside the 35-65 band and funding normalises, i.e. the crypto complex stops driving marginal rToken liquidity.",0
SIG-MFH9HFK0-268,2025-09-12T20:00:00.000Z,2025-09-13T04:00:00.000Z,superseded,cross-asset,neutral,intraday,BTC ETH,rtoken crypto,49,C,28,100,no,,,,rules,"Crypto-side positioning reads Fear & Greed 41 (Fear), BTC funding 0.0081, US spot BTC ETF flow -184000000. Because tokenized US equities settle on crypto rails, an unremarkable crypto regime changes who is awake to trade the rToken when US macro lands outside cash hours.","Fear & Greed returns inside the 35-65 band and funding normalises, i.e. the crypto complex stops driving marginal rToken liquidity.",0
SIG-MFH9HFK0-309,2025-09-12T20:00:00.000Z,2025-09-13T04:00:00.000Z,superseded,cross-asset,neutral,intraday,BTC ETH,rtoken crypto,49,C,28,100,no,,,,rules,"Crypto-side positioning reads Fear & Greed 41 (Fear), BTC funding 0.0081, US spot BTC ETF flow -184000000. Because tokenized US equities settle on crypto rails, an unremarkable crypto regime changes who is awake to trade the rToken when US macro lands outside cash hours.","Fear & Greed returns inside the 35-65 band and funding normalises, i.e. the crypto complex stops driving marginal rToken liquidity.",0
SIG-MFIE7HC0-356,2025-09-13T15:00:00.000Z,2025-09-13T23:00:00.000Z,superseded,cross-asset,neutral,intraday,BTC ETH,rtoken crypto,49,C,28,100,no,,,,rules,"Crypto-side positioning reads Fear & Greed 41 (Fear), BTC funding 0.0081, US spot BTC ETF flow -184000000. Because tokenized US equities settle on crypto rails, an unremarkable crypto regime changes who is awake to trade the rToken when US macro lands outside cash hours.","Fear & Greed returns inside the 35-65 band and funding normalises, i.e. the crypto complex stops driving marginal rToken liquidity.",0
SIG-MFIE7HC0-406,2025-09-13T15:00:00.000Z,2025-09-13T23:00:00.000Z,superseded,cross-asset,neutral,intraday,BTC ETH,rtoken crypto,49,C,28,100,no,,,,rules,"Crypto-side positioning reads Fear & Greed 41 (Fear), BTC funding 0.0081, US spot BTC ETF flow -184000000. Because tokenized US equities settle on crypto rails, an unremarkable crypto regime changes who is awake to trade the rToken when US macro lands outside cash hours.","Fear & Greed returns inside the 35-65 band and funding normalises, i.e. the crypto complex stops driving marginal rToken liquidity.",0
SIG-MFMJ64W0-456,2025-09-16T12:30:00.000Z,2025-09-16T20:30:00.000Z,superseded,cross-asset,neutral,intraday,BTC ETH,rtoken crypto,49,C,28,100,no,,,,rules,"Crypto-side positioning reads Fear & Greed 41 (Fear), BTC funding 0.0081, US spot BTC ETF flow -184000000. Because tokenized US equities settle on crypto rails, an unremarkable crypto regime changes who is awake to trade the rToken when US macro lands outside cash hours.","Fear & Greed returns inside the 35-65 band and funding normalises, i.e. the crypto complex stops driving marginal rToken liquidity.",0
SIG-MFMJ64W0-497,2025-09-16T12:30:00.000Z,2025-09-16T20:30:00.000Z,superseded,cross-asset,neutral,intraday,BTC ETH,rtoken crypto,49,C,28,100,no,,,,rules,"Crypto-side positioning reads Fear & Greed 41 (Fear), BTC funding 0.0081, US spot BTC ETF flow -184000000. Because tokenized US equities settle on crypto rails, an unremarkable crypto regime changes who is awake to trade the rToken when US macro lands outside cash hours.","Fear & Greed returns inside the 35-65 band and funding normalises, i.e. the crypto complex stops driving marginal rToken liquidity.",0
SIG-MFOAEDC0-541,2025-09-17T18:00:00.000Z,2025-09-18T02:00:00.000Z,superseded,cross-asset,neutral,intraday,BTC ETH,rtoken crypto,49,C,28,100,no,,,,rules,"Crypto-side positioning reads Fear & Greed 41 (Fear), BTC funding 0.0081, US spot BTC ETF flow -184000000. Because tokenized US equities settle on crypto rails, an unremarkable crypto regime changes who is awake to trade the rToken when US macro lands outside cash hours.","Fear & Greed returns inside the 35-65 band and funding normalises, i.e. the crypto complex stops driving marginal rToken liquidity.",0
SIG-MFOAEDC0-582,2025-09-17T18:00:00.000Z,2025-09-18T02:00:00.000Z,superseded,cross-asset,neutral,intraday,BTC ETH,rtoken crypto,49,C,28,100,no,,,,rules,"Crypto-side positioning reads Fear & Greed 41 (Fear), BTC funding 0.0081, US spot BTC ETF flow -184000000. Because tokenized US equities settle on crypto rails, an unremarkable crypto regime changes who is awake to trade the rToken when US macro lands outside cash hours.","Fear & Greed returns inside the 35-65 band and funding normalises, i.e. the crypto complex stops driving marginal rToken liquidity.",0
SIG-MFR9KE80-626,2025-09-19T20:00:00.000Z,2025-09-20T04:00:00.000Z,superseded,cross-asset,neutral,intraday,BTC ETH,rtoken crypto,49,C,28,100,no,,,,rules,"Crypto-side positioning reads Fear & Greed 41 (Fear), BTC funding 0.0081, US spot BTC ETF flow -184000000. Because tokenized US equities settle on crypto rails, an unremarkable crypto regime changes who is awake to trade the rToken when US macro lands outside cash hours.","Fear & Greed returns inside the 35-65 band and funding normalises, i.e. the crypto complex stops driving marginal rToken liquidity.",0
SIG-MFR9KE80-667,2025-09-19T20:00:00.000Z,2025-09-20T04:00:00.000Z,superseded,cross-asset,neutral,intraday,BTC ETH,rtoken crypto,49,C,28,100,no,,,,rules,"Crypto-side positioning reads Fear & Greed 41 (Fear), BTC funding 0.0081, US spot BTC ETF flow -184000000. Because tokenized US equities settle on crypto rails, an unremarkable crypto regime changes who is awake to trade the rToken when US macro lands outside cash hours.","Fear & Greed returns inside the 35-65 band and funding normalises, i.e. the crypto complex stops driving marginal rToken liquidity.",0
SIG-MFWZBSW0-711,2025-09-23T20:00:00.000Z,2025-09-24T04:00:00.000Z,superseded,cross-asset,neutral,intraday,BTC ETH,rtoken crypto,49,C,28,100,no,,,,rules,"Crypto-side positioning reads Fear & Greed 41 (Fear), BTC funding 0.0081, US spot BTC ETF flow -184000000. Because tokenized US equities settle on crypto rails, an unremarkable crypto regime changes who is awake to trade the rToken when US macro lands outside cash hours.","Fear & Greed returns inside the 35-65 band and funding normalises, i.e. the crypto complex stops driving marginal rToken liquidity.",0
SIG-MFWZBSW0-752,2025-09-23T20:00:00.000Z,2025-09-24T04:00:00.000Z,superseded,cross-asset,neutral,intraday,BTC ETH,rtoken crypto,49,C,28,100,no,,,,rules,"Crypto-side positioning reads Fear & Greed 41 (Fear), BTC funding 0.0081, US spot BTC ETF flow -184000000. Because tokenized US equities settle on crypto rails, an unremarkable crypto regime changes who is awake to trade the rToken when US macro lands outside cash hours.","Fear & Greed returns inside the 35-65 band and funding normalises, i.e. the crypto complex stops driving marginal rToken liquidity.",0
SIG-MG19NCW0-796,2025-09-26T20:00:00.000Z,2025-09-27T04:00:00.000Z,superseded,cross-asset,neutral,intraday,BTC ETH,rtoken crypto,49,C,28,100,no,,,,rules,"Crypto-side positioning reads Fear & Greed 41 (Fear), BTC funding 0.0081, US spot BTC ETF flow -184000000. Because tokenized US equities settle on crypto rails, an unremarkable crypto regime changes who is awake to trade the rToken when US macro lands outside cash hours.","Fear & Greed returns inside the 35-65 band and funding normalises, i.e. the crypto complex stops driving marginal rToken liquidity.",0
SIG-MG19NCW0-837,2025-09-26T20:00:00.000Z,2025-09-27T04:00:00.000Z,superseded,cross-asset,neutral,intraday,BTC ETH,rtoken crypto,49,C,28,100,no,,,,rules,"Crypto-side positioning reads Fear & Greed 41 (Fear), BTC funding 0.0081, US spot BTC ETF flow -184000000. Because tokenized US equities settle on crypto rails, an unremarkable crypto regime changes who is awake to trade the rToken when US macro lands outside cash hours.","Fear & Greed returns inside the 35-65 band and funding normalises, i.e. the crypto complex stops driving marginal rToken liquidity.",0
SIG-MG6ZERK0-881,2025-09-30T20:00:00.000Z,2025-10-01T04:00:00.000Z,superseded,cross-asset,neutral,intraday,BTC ETH,rtoken crypto,49,C,28,100,no,,,,rules,"Crypto-side positioning reads Fear & Greed 41 (Fear), BTC funding 0.0081, US spot BTC ETF flow -184000000. Because tokenized US equities settle on crypto rails, an unremarkable crypto regime changes who is awake to trade the rToken when US macro lands outside cash hours.","Fear & Greed returns inside the 35-65 band and funding normalises, i.e. the crypto complex stops driving marginal rToken liquidity.",0
SIG-MG6ZERK0-922,2025-09-30T20:00:00.000Z,2025-10-01T04:00:00.000Z,active,cross-asset,neutral,intraday,BTC ETH,rtoken crypto,49,C,28,100,no,,,,rules,"Crypto-side positioning reads Fear & Greed 41 (Fear), BTC funding 0.0081, US spot BTC ETF flow -184000000. Because tokenized US equities settle on crypto rails, an unremarkable crypto regime changes who is awake to trade the rToken when US macro lands outside cash hours.","Fear & Greed returns inside the 35-65 band and funding normalises, i.e. the crypto complex stops driving marginal rToken liquidity.",0
SIG-MF79EGW0-070,2025-09-05T20:00:00.000Z,2025-09-26T20:00:00.000Z,superseded,flow-footprint,neutral,weeks,NWCL,native-equity,47.6,D,30,100,no,,,,rules,"Of 6 reporting 13F holders of NWCL, 3 increased by more than 5% and 2 trimmed by more than 5%. 13F is a 45-day-lagged snapshot, so this confirms a thesis rather than starting one.",The next 13F cycle reverses the direction of the majority of the top-10 holders.,0
SIG-MFB3NBK0-155,2025-09-08T12:30:00.000Z,2025-09-29T12:30:00.000Z,superseded,flow-footprint,neutral,weeks,NWCL,native-equity,47.6,D,30,100,no,,,,rules,"Of 6 reporting 13F holders of NWCL, 3 increased by more than 5% and 2 trimmed by more than 5%. 13F is a 45-day-lagged snapshot, so this confirms a thesis rather than starting one.",The next 13F cycle reverses the direction of the majority of the top-10 holders.,0
SIG-MFEELQ80-240,2025-09-10T20:00:00.000Z,2025-10-01T20:00:00.000Z,superseded,flow-footprint,neutral,weeks,NWCL,native-equity,47.6,D,30,100,no,,,,rules,"Of 6 reporting 13F holders of NWCL, 3 increased by more than 5% and 2 trimmed by more than 5%. 13F is a 45-day-lagged snapshot, so this confirms a thesis rather than starting one.",The next 13F cycle reverses the direction of the majority of the top-10 holders.,0
SIG-MFH9HFK0-325,2025-09-12T20:00:00.000Z,2025-10-03T20:00:00.000Z,superseded,flow-footprint,neutral,weeks,NWCL,native-equity,47.6,D,30,100,no,,,,rules,"Of 6 reporting 13F holders of NWCL, 3 increased by more than 5% and 2 trimmed by more than 5%. 13F is a 45-day-lagged snapshot, so this confirms a thesis rather than starting one.",The next 13F cycle reverses the direction of the majority of the top-10 holders.,0
SIG-MFIE7HC0-425,2025-09-13T15:00:00.000Z,2025-10-04T15:00:00.000Z,superseded,flow-footprint,neutral,weeks,NWCL,native-equity,47.6,D,30,100,no,,,,rules,"Of 6 reporting 13F holders of NWCL, 3 increased by more than 5% and 2 trimmed by more than 5%. 13F is a 45-day-lagged snapshot, so this confirms a thesis rather than starting one.",The next 13F cycle reverses the direction of the majority of the top-10 holders.,0
SIG-MFMJ64W0-513,2025-09-16T12:30:00.000Z,2025-10-07T12:30:00.000Z,superseded,flow-footprint,neutral,weeks,NWCL,native-equity,47.6,D,30,100,no,,,,rules,"Of 6 reporting 13F holders of NWCL, 3 increased by more than 5% and 2 trimmed by more than 5%. 13F is a 45-day-lagged snapshot, so this confirms a thesis rather than starting one.",The next 13F cycle reverses the direction of the majority of the top-10 holders.,0
SIG-MFOAEDC0-598,2025-09-17T18:00:00.000Z,2025-10-08T18:00:00.000Z,superseded,flow-footprint,neutral,weeks,NWCL,native-equity,47.6,D,30,100,no,,,,rules,"Of 6 reporting 13F holders of NWCL, 3 increased by more than 5% and 2 trimmed by more than 5%. 13F is a 45-day-lagged snapshot, so this confirms a thesis rather than starting one.",The next 13F cycle reverses the direction of the majority of the top-10 holders.,0
SIG-MFR9KE80-683,2025-09-19T20:00:00.000Z,2025-10-10T20:00:00.000Z,superseded,flow-footprint,neutral,weeks,NWCL,native-equity,47.6,D,30,100,no,,,,rules,"Of 6 reporting 13F holders of NWCL, 3 increased by more than 5% and 2 trimmed by more than 5%. 13F is a 45-day-lagged snapshot, so this confirms a thesis rather than starting one.",The next 13F cycle reverses the direction of the majority of the top-10 holders.,0
SIG-MFWZBSW0-768,2025-09-23T20:00:00.000Z,2025-10-14T20:00:00.000Z,superseded,flow-footprint,neutral,weeks,NWCL,native-equity,47.6,D,30,100,no,,,,rules,"Of 6 reporting 13F holders of NWCL, 3 increased by more than 5% and 2 trimmed by more than 5%. 13F is a 45-day-lagged snapshot, so this confirms a thesis rather than starting one.",The next 13F cycle reverses the direction of the majority of the top-10 holders.,0
SIG-MG19NCW0-853,2025-09-26T20:00:00.000Z,2025-10-17T20:00:00.000Z,superseded,flow-footprint,neutral,weeks,NWCL,native-equity,47.6,D,30,100,no,,,,rules,"Of 6 reporting 13F holders of NWCL, 3 increased by more than 5% and 2 trimmed by more than 5%. 13F is a 45-day-lagged snapshot, so this confirms a thesis rather than starting one.",The next 13F cycle reverses the direction of the majority of the top-10 holders.,0
SIG-MG6ZERK0-938,2025-09-30T20:00:00.000Z,2025-10-21T20:00:00.000Z,active,flow-footprint,neutral,weeks,NWCL,native-equity,47.6,D,30,100,no,,,,rules,"Of 6 reporting 13F holders of NWCL, 3 increased by more than 5% and 2 trimmed by more than 5%. 13F is a 45-day-lagged snapshot, so this confirms a thesis rather than starting one.",The next 13F cycle reverses the direction of the majority of the top-10 holders.,0
SIG-MF79EGW0-015,2025-09-05T20:00:00.000Z,2025-09-10T20:00:00.000Z,superseded,risk-flag,neutral,days,CRVS,native-equity,46.7,D,46,100,no,,,,rules,"Technical read for CRVS: RSI(14) 78.6, +34.2% vs 200-DMA, support 214.5, resistance 246. The tape is stretched versus both momentum and trend, which raises mean-reversion risk even while the fundamental story is intact - a risk to an entry, not a reason to short.","RSI(14) works back below 70 and the price consolidates toward the 50-DMA without a lower high, i.e. the stretch unwinds through time rather than through a drawdown.",0
SIG-MF79EGW0-029,2025-09-05T20:00:00.000Z,2025-09-10T20:00:00.000Z,superseded,risk-flag,neutral,days,CRVS,native-equity,46.7,D,46,100,no,,,,rules,"Technical read for CRVS: RSI(14) 78.6, +34.2% vs 200-DMA, support 214.5, resistance 246. The tape is stretched versus both momentum and trend, which raises mean-reversion risk even while the fundamental story is intact - a risk to an entry, not a reason to short.","RSI(14) works back below 70 and the price consolidates toward the 50-DMA without a lower high, i.e. the stretch unwinds through time rather than through a drawdown.",0
SIG-MF79EGW0-084,2025-09-05T20:00:00.000Z,2025-09-10T20:00:00.000Z,superseded,risk-flag,neutral,days,CRVS,native-equity,46.7,D,46,100,no,,,,rules,"Technical read for CRVS: RSI(14) 78.6, +34.2% vs 200-DMA, support 214.5, resistance 246. The tape is stretched versus both momentum and trend, which raises mean-reversion risk even while the fundamental story is intact - a risk to an entry, not a reason to short.","RSI(14) works back below 70 and the price consolidates toward the 50-DMA without a lower high, i.e. the stretch unwinds through time rather than through a drawdown.",0
SIG-MFB3NBK0-100,2025-09-08T12:30:00.000Z,2025-09-13T12:30:00.000Z,superseded,risk-flag,neutral,days,CRVS,native-equity,46.7,D,46,100,no,,,,rules,"Technical read for CRVS: RSI(14) 78.6, +34.2% vs 200-DMA, support 214.5, resistance 246. The tape is stretched versus both momentum and trend, which raises mean-reversion risk even while the fundamental story is intact - a risk to an entry, not a reason to short.","RSI(14) works back below 70 and the price consolidates toward the 50-DMA without a lower high, i.e. the stretch unwinds through time rather than through a drawdown.",0
SIG-MFB3NBK0-114,2025-09-08T12:30:00.000Z,2025-09-13T12:30:00.000Z,superseded,risk-flag,neutral,days,CRVS,native-equity,46.7,D,46,100,no,,,,rules,"Technical read for CRVS: RSI(14) 78.6, +34.2% vs 200-DMA, support 214.5, resistance 246. The tape is stretched versus both momentum and trend, which raises mean-reversion risk even while the fundamental story is intact - a risk to an entry, not a reason to short.","RSI(14) works back below 70 and the price consolidates toward the 50-DMA without a lower high, i.e. the stretch unwinds through time rather than through a drawdown.",0
SIG-MFB3NBK0-169,2025-09-08T12:30:00.000Z,2025-09-13T12:30:00.000Z,superseded,risk-flag,neutral,days,CRVS,native-equity,46.7,D,46,100,no,,,,rules,"Technical read for CRVS: RSI(14) 78.6, +34.2% vs 200-DMA, support 214.5, resistance 246. The tape is stretched versus both momentum and trend, which raises mean-reversion risk even while the fundamental story is intact - a risk to an entry, not a reason to short.","RSI(14) works back below 70 and the price consolidates toward the 50-DMA without a lower high, i.e. the stretch unwinds through time rather than through a drawdown.",0
SIG-MFEELQ80-185,2025-09-10T20:00:00.000Z,2025-09-15T20:00:00.000Z,superseded,risk-flag,neutral,days,CRVS,native-equity,46.7,D,46,100,no,,,,rules,"Technical read for CRVS: RSI(14) 78.6, +34.2% vs 200-DMA, support 214.5, resistance 246. The tape is stretched versus both momentum and trend, which raises mean-reversion risk even while the fundamental story is intact - a risk to an entry, not a reason to short.","RSI(14) works back below 70 and the price consolidates toward the 50-DMA without a lower high, i.e. the stretch unwinds through time rather than through a drawdown.",0
SIG-MFEELQ80-199,2025-09-10T20:00:00.000Z,2025-09-15T20:00:00.000Z,superseded,risk-flag,neutral,days,CRVS,native-equity,46.7,D,46,100,no,,,,rules,"Technical read for CRVS: RSI(14) 78.6, +34.2% vs 200-DMA, support 214.5, resistance 246. The tape is stretched versus both momentum and trend, which raises mean-reversion risk even while the fundamental story is intact - a risk to an entry, not a reason to short.","RSI(14) works back below 70 and the price consolidates toward the 50-DMA without a lower high, i.e. the stretch unwinds through time rather than through a drawdown.",0
SIG-MFEELQ80-254,2025-09-10T20:00:00.000Z,2025-09-15T20:00:00.000Z,superseded,risk-flag,neutral,days,CRVS,native-equity,46.7,D,46,100,no,,,,rules,"Technical read for CRVS: RSI(14) 78.6, +34.2% vs 200-DMA, support 214.5, resistance 246. The tape is stretched versus both momentum and trend, which raises mean-reversion risk even while the fundamental story is intact - a risk to an entry, not a reason to short.","RSI(14) works back below 70 and the price consolidates toward the 50-DMA without a lower high, i.e. the stretch unwinds through time rather than through a drawdown.",0
SIG-MFH9HFK0-270,2025-09-12T20:00:00.000Z,2025-09-17T20:00:00.000Z,superseded,risk-flag,neutral,days,CRVS,native-equity,46.7,D,46,100,no,,,,rules,"Technical read for CRVS: RSI(14) 78.6, +34.2% vs 200-DMA, support 214.5, resistance 246. The tape is stretched versus both momentum and trend, which raises mean-reversion risk even while the fundamental story is intact - a risk to an entry, not a reason to short.","RSI(14) works back below 70 and the price consolidates toward the 50-DMA without a lower high, i.e. the stretch unwinds through time rather than through a drawdown.",0
SIG-MFH9HFK0-284,2025-09-12T20:00:00.000Z,2025-09-17T20:00:00.000Z,superseded,risk-flag,neutral,days,CRVS,native-equity,46.7,D,46,100,no,,,,rules,"Technical read for CRVS: RSI(14) 78.6, +34.2% vs 200-DMA, support 214.5, resistance 246. The tape is stretched versus both momentum and trend, which raises mean-reversion risk even while the fundamental story is intact - a risk to an entry, not a reason to short.","RSI(14) works back below 70 and the price consolidates toward the 50-DMA without a lower high, i.e. the stretch unwinds through time rather than through a drawdown.",0
SIG-MFH9HFK0-339,2025-09-12T20:00:00.000Z,2025-09-17T20:00:00.000Z,superseded,risk-flag,neutral,days,CRVS,native-equity,46.7,D,46,100,no,,,,rules,"Technical read for CRVS: RSI(14) 78.6, +34.2% vs 200-DMA, support 214.5, resistance 246. The tape is stretched versus both momentum and trend, which raises mean-reversion risk even while the fundamental story is intact - a risk to an entry, not a reason to short.","RSI(14) works back below 70 and the price consolidates toward the 50-DMA without a lower high, i.e. the stretch unwinds through time rather than through a drawdown.",0
SIG-MFIE7HC0-358,2025-09-13T15:00:00.000Z,2025-09-18T15:00:00.000Z,superseded,risk-flag,neutral,days,CRVS,native-equity,46.7,D,46,100,no,,,,rules,"Technical read for CRVS: RSI(14) 78.6, +34.2% vs 200-DMA, support 214.5, resistance 246. The tape is stretched versus both momentum and trend, which raises mean-reversion risk even while the fundamental story is intact - a risk to an entry, not a reason to short.","RSI(14) works back below 70 and the price consolidates toward the 50-DMA without a lower high, i.e. the stretch unwinds through time rather than through a drawdown.",0
SIG-MFIE7HC0-375,2025-09-13T15:00:00.000Z,2025-09-18T15:00:00.000Z,superseded,risk-flag,neutral,days,CRVS,native-equity,46.7,D,46,100,no,,,,rules,"Technical read for CRVS: RSI(14) 78.6, +34.2% vs 200-DMA, support 214.5, resistance 246. The tape is stretched versus both momentum and trend, which raises mean-reversion risk even while the fundamental story is intact - a risk to an entry, not a reason to short.","RSI(14) works back below 70 and the price consolidates toward the 50-DMA without a lower high, i.e. the stretch unwinds through time rather than through a drawdown.",0
SIG-MFIE7HC0-442,2025-09-13T15:00:00.000Z,2025-09-18T15:00:00.000Z,superseded,risk-flag,neutral,days,CRVS,native-equity,46.7,D,46,100,no,,,,rules,"Technical read for CRVS: RSI(14) 78.6, +34.2% vs 200-DMA, support 214.5, resistance 246. The tape is stretched versus both momentum and trend, which raises mean-reversion risk even while the fundamental story is intact - a risk to an entry, not a reason to short.","RSI(14) works back below 70 and the price consolidates toward the 50-DMA without a lower high, i.e. the stretch unwinds through time rather than through a drawdown.",0
SIG-MFMJ64W0-458,2025-09-16T12:30:00.000Z,2025-09-21T12:30:00.000Z,superseded,risk-flag,neutral,days,CRVS,native-equity,46.7,D,46,100,no,,,,rules,"Technical read for CRVS: RSI(14) 78.6, +34.2% vs 200-DMA, support 214.5, resistance 246. The tape is stretched versus both momentum and trend, which raises mean-reversion risk even while the fundamental story is intact - a risk to an entry, not a reason to short.","RSI(14) works back below 70 and the price consolidates toward the 50-DMA without a lower high, i.e. the stretch unwinds through time rather than through a drawdown.",0
SIG-MFMJ64W0-472,2025-09-16T12:30:00.000Z,2025-09-21T12:30:00.000Z,superseded,risk-flag,neutral,days,CRVS,native-equity,46.7,D,46,100,no,,,,rules,"Technical read for CRVS: RSI(14) 78.6, +34.2% vs 200-DMA, support 214.5, resistance 246. The tape is stretched versus both momentum and trend, which raises mean-reversion risk even while the fundamental story is intact - a risk to an entry, not a reason to short.","RSI(14) works back below 70 and the price consolidates toward the 50-DMA without a lower high, i.e. the stretch unwinds through time rather than through a drawdown.",0
SIG-MFMJ64W0-527,2025-09-16T12:30:00.000Z,2025-09-21T12:30:00.000Z,superseded,risk-flag,neutral,days,CRVS,native-equity,46.7,D,46,100,no,,,,rules,"Technical read for CRVS: RSI(14) 78.6, +34.2% vs 200-DMA, support 214.5, resistance 246. The tape is stretched versus both momentum and trend, which raises mean-reversion risk even while the fundamental story is intact - a risk to an entry, not a reason to short.","RSI(14) works back below 70 and the price consolidates toward the 50-DMA without a lower high, i.e. the stretch unwinds through time rather than through a drawdown.",0
SIG-MFOAEDC0-543,2025-09-17T18:00:00.000Z,2025-09-22T18:00:00.000Z,superseded,risk-flag,neutral,days,CRVS,native-equity,46.7,D,46,100,no,,,,rules,"Technical read for CRVS: RSI(14) 78.6, +34.2% vs 200-DMA, support 214.5, resistance 246. The tape is stretched versus both momentum and trend, which raises mean-reversion risk even while the fundamental story is intact - a risk to an entry, not a reason to short.","RSI(14) works back below 70 and the price consolidates toward the 50-DMA without a lower high, i.e. the stretch unwinds through time rather than through a drawdown.",0
SIG-MFOAEDC0-557,2025-09-17T18:00:00.000Z,2025-09-22T18:00:00.000Z,superseded,risk-flag,neutral,days,CRVS,native-equity,46.7,D,46,100,no,,,,rules,"Technical read for CRVS: RSI(14) 78.6, +34.2% vs 200-DMA, support 214.5, resistance 246. The tape is stretched versus both momentum and trend, which raises mean-reversion risk even while the fundamental story is intact - a risk to an entry, not a reason to short.","RSI(14) works back below 70 and the price consolidates toward the 50-DMA without a lower high, i.e. the stretch unwinds through time rather than through a drawdown.",0
SIG-MFOAEDC0-612,2025-09-17T18:00:00.000Z,2025-09-22T18:00:00.000Z,superseded,risk-flag,neutral,days,CRVS,native-equity,46.7,D,46,100,no,,,,rules,"Technical read for CRVS: RSI(14) 78.6, +34.2% vs 200-DMA, support 214.5, resistance 246. The tape is stretched versus both momentum and trend, which raises mean-reversion risk even while the fundamental story is intact - a risk to an entry, not a reason to short.","RSI(14) works back below 70 and the price consolidates toward the 50-DMA without a lower high, i.e. the stretch unwinds through time rather than through a drawdown.",0
SIG-MFR9KE80-628,2025-09-19T20:00:00.000Z,2025-09-24T20:00:00.000Z,superseded,risk-flag,neutral,days,CRVS,native-equity,46.7,D,46,100,no,,,,rules,"Technical read for CRVS: RSI(14) 78.6, +34.2% vs 200-DMA, support 214.5, resistance 246. The tape is stretched versus both momentum and trend, which raises mean-reversion risk even while the fundamental story is intact - a risk to an entry, not a reason to short.","RSI(14) works back below 70 and the price consolidates toward the 50-DMA without a lower high, i.e. the stretch unwinds through time rather than through a drawdown.",0
SIG-MFR9KE80-642,2025-09-19T20:00:00.000Z,2025-09-24T20:00:00.000Z,superseded,risk-flag,neutral,days,CRVS,native-equity,46.7,D,46,100,no,,,,rules,"Technical read for CRVS: RSI(14) 78.6, +34.2% vs 200-DMA, support 214.5, resistance 246. The tape is stretched versus both momentum and trend, which raises mean-reversion risk even while the fundamental story is intact - a risk to an entry, not a reason to short.","RSI(14) works back below 70 and the price consolidates toward the 50-DMA without a lower high, i.e. the stretch unwinds through time rather than through a drawdown.",0
SIG-MFR9KE80-697,2025-09-19T20:00:00.000Z,2025-09-24T20:00:00.000Z,superseded,risk-flag,neutral,days,CRVS,native-equity,46.7,D,46,100,no,,,,rules,"Technical read for CRVS: RSI(14) 78.6, +34.2% vs 200-DMA, support 214.5, resistance 246. The tape is stretched versus both momentum and trend, which raises mean-reversion risk even while the fundamental story is intact - a risk to an entry, not a reason to short.","RSI(14) works back below 70 and the price consolidates toward the 50-DMA without a lower high, i.e. the stretch unwinds through time rather than through a drawdown.",0
SIG-MFWZBSW0-713,2025-09-23T20:00:00.000Z,2025-09-28T20:00:00.000Z,superseded,risk-flag,neutral,days,CRVS,native-equity,46.7,D,46,100,no,,,,rules,"Technical read for CRVS: RSI(14) 78.6, +34.2% vs 200-DMA, support 214.5, resistance 246. The tape is stretched versus both momentum and trend, which raises mean-reversion risk even while the fundamental story is intact - a risk to an entry, not a reason to short.","RSI(14) works back below 70 and the price consolidates toward the 50-DMA without a lower high, i.e. the stretch unwinds through time rather than through a drawdown.",0
SIG-MFWZBSW0-727,2025-09-23T20:00:00.000Z,2025-09-28T20:00:00.000Z,superseded,risk-flag,neutral,days,CRVS,native-equity,46.7,D,46,100,no,,,,rules,"Technical read for CRVS: RSI(14) 78.6, +34.2% vs 200-DMA, support 214.5, resistance 246. The tape is stretched versus both momentum and trend, which raises mean-reversion risk even while the fundamental story is intact - a risk to an entry, not a reason to short.","RSI(14) works back below 70 and the price consolidates toward the 50-DMA without a lower high, i.e. the stretch unwinds through time rather than through a drawdown.",0
SIG-MFWZBSW0-782,2025-09-23T20:00:00.000Z,2025-09-28T20:00:00.000Z,superseded,risk-flag,neutral,days,CRVS,native-equity,46.7,D,46,100,no,,,,rules,"Technical read for CRVS: RSI(14) 78.6, +34.2% vs 200-DMA, support 214.5, resistance 246. The tape is stretched versus both momentum and trend, which raises mean-reversion risk even while the fundamental story is intact - a risk to an entry, not a reason to short.","RSI(14) works back below 70 and the price consolidates toward the 50-DMA without a lower high, i.e. the stretch unwinds through time rather than through a drawdown.",0
SIG-MG19NCW0-798,2025-09-26T20:00:00.000Z,2025-10-01T20:00:00.000Z,superseded,risk-flag,neutral,days,CRVS,native-equity,46.7,D,46,100,no,,,,rules,"Technical read for CRVS: RSI(14) 78.6, +34.2% vs 200-DMA, support 214.5, resistance 246. The tape is stretched versus both momentum and trend, which raises mean-reversion risk even while the fundamental story is intact - a risk to an entry, not a reason to short.","RSI(14) works back below 70 and the price consolidates toward the 50-DMA without a lower high, i.e. the stretch unwinds through time rather than through a drawdown.",0
SIG-MG19NCW0-812,2025-09-26T20:00:00.000Z,2025-10-01T20:00:00.000Z,superseded,risk-flag,neutral,days,CRVS,native-equity,46.7,D,46,100,no,,,,rules,"Technical read for CRVS: RSI(14) 78.6, +34.2% vs 200-DMA, support 214.5, resistance 246. The tape is stretched versus both momentum and trend, which raises mean-reversion risk even while the fundamental story is intact - a risk to an entry, not a reason to short.","RSI(14) works back below 70 and the price consolidates toward the 50-DMA without a lower high, i.e. the stretch unwinds through time rather than through a drawdown.",0
SIG-MG19NCW0-867,2025-09-26T20:00:00.000Z,2025-10-01T20:00:00.000Z,superseded,risk-flag,neutral,days,CRVS,native-equity,46.7,D,46,100,no,,,,rules,"Technical read for CRVS: RSI(14) 78.6, +34.2% vs 200-DMA, support 214.5, resistance 246. The tape is stretched versus both momentum and trend, which raises mean-reversion risk even while the fundamental story is intact - a risk to an entry, not a reason to short.","RSI(14) works back below 70 and the price consolidates toward the 50-DMA without a lower high, i.e. the stretch unwinds through time rather than through a drawdown.",0
SIG-MG6ZERK0-883,2025-09-30T20:00:00.000Z,2025-10-05T20:00:00.000Z,superseded,risk-flag,neutral,days,CRVS,native-equity,46.7,D,46,100,no,,,,rules,"Technical read for CRVS: RSI(14) 78.6, +34.2% vs 200-DMA, support 214.5, resistance 246. The tape is stretched versus both momentum and trend, which raises mean-reversion risk even while the fundamental story is intact - a risk to an entry, not a reason to short.","RSI(14) works back below 70 and the price consolidates toward the 50-DMA without a lower high, i.e. the stretch unwinds through time rather than through a drawdown.",0
SIG-MG6ZERK0-897,2025-09-30T20:00:00.000Z,2025-10-05T20:00:00.000Z,superseded,risk-flag,neutral,days,CRVS,native-equity,46.7,D,46,100,no,,,,rules,"Technical read for CRVS: RSI(14) 78.6, +34.2% vs 200-DMA, support 214.5, resistance 246. The tape is stretched versus both momentum and trend, which raises mean-reversion risk even while the fundamental story is intact - a risk to an entry, not a reason to short.","RSI(14) works back below 70 and the price consolidates toward the 50-DMA without a lower high, i.e. the stretch unwinds through time rather than through a drawdown.",0
SIG-MG6ZERK0-952,2025-09-30T20:00:00.000Z,2025-10-05T20:00:00.000Z,active,risk-flag,neutral,days,CRVS,native-equity,46.7,D,46,100,no,,,,rules,"Technical read for CRVS: RSI(14) 78.6, +34.2% vs 200-DMA, support 214.5, resistance 246. The tape is stretched versus both momentum and trend, which raises mean-reversion risk even while the fundamental story is intact - a risk to an entry, not a reason to short.","RSI(14) works back below 70 and the price consolidates toward the 50-DMA without a lower high, i.e. the stretch unwinds through time rather than through a drawdown.",0
SIG-MFIE7HC0-354,2025-09-13T15:00:00.000Z,2025-09-13T23:00:00.000Z,draft,closed-window,neutral,intraday,ASTR,rtoken,44.9,D,55,66.7,no,,,,rules,"The US cash session is closed (weekend) but the ASTR rToken still trades. Information from ""Aster Retail Group (ASTR) withdraws full-year outlook ahead of holiday peak"" can only be priced on the rToken until the next open. No comparable historical gap in ASTR is recorded in the bundled price book, so there is no empirical prior for this name; read the closed-window argument as structural rather than statistical.","The rToken premium/dislocation to the last cash close collapses before the open, meaning the information was already fully priced by the token market.",0
SIG-MFIE7HC0-404,2025-09-13T15:00:00.000Z,2025-09-13T23:00:00.000Z,draft,closed-window,neutral,intraday,ASTR,rtoken,44.9,D,55,66.7,no,,,,rules,"The US cash session is closed (weekend) but the ASTR rToken still trades. Information from ""Aster Retail Group (ASTR) withdraws full-year outlook ahead of holiday peak"" can only be priced on the rToken until the next open. No comparable historical gap in ASTR is recorded in the bundled price book, so there is no empirical prior for this name; read the closed-window argument as structural rather than statistical.","The rToken premium/dislocation to the last cash close collapses before the open, meaning the information was already fully priced by the token market.",0
SIG-MF79EGW0-016,2025-09-05T20:00:00.000Z,2025-09-10T20:00:00.000Z,draft,narrative-shift,neutral,days,BTC ETH,crypto rtoken,41.8,D,32,100,no,,,,rules,"The trending board reads Fed September cut fully priced, December path in doubt; Stablecoin legislation clears committee; Tokenized U.S. equity volume reaches record. Narrative temperature is tilted constructive; a shift in which topics dominate often leads the fundamentals, but the signal is a change of tone, not a directional forecast.","The top three trending topics roll off within two sessions and are replaced by a coherent opposing theme, i.e. the narrative regime actually changes rather than the news cycle simply rotating.",0
SIG-MF79EGW0-085,2025-09-05T20:00:00.000Z,2025-09-10T20:00:00.000Z,draft,narrative-shift,neutral,days,BTC ETH,crypto rtoken,41.8,D,32,100,no,,,,rules,"The trending board reads Fed September cut fully priced, December path in doubt; Stablecoin legislation clears committee; Tokenized U.S. equity volume reaches record. Narrative temperature is tilted constructive; a shift in which topics dominate often leads the fundamentals, but the signal is a change of tone, not a directional forecast.","The top three trending topics roll off within two sessions and are replaced by a coherent opposing theme, i.e. the narrative regime actually changes rather than the news cycle simply rotating.",0
SIG-MFB3NBK0-101,2025-09-08T12:30:00.000Z,2025-09-13T12:30:00.000Z,draft,narrative-shift,neutral,days,BTC ETH,crypto rtoken,41.8,D,32,100,no,,,,rules,"The trending board reads Fed September cut fully priced, December path in doubt; Stablecoin legislation clears committee; Tokenized U.S. equity volume reaches record. Narrative temperature is tilted constructive; a shift in which topics dominate often leads the fundamentals, but the signal is a change of tone, not a directional forecast.","The top three trending topics roll off within two sessions and are replaced by a coherent opposing theme, i.e. the narrative regime actually changes rather than the news cycle simply rotating.",0
SIG-MFB3NBK0-170,2025-09-08T12:30:00.000Z,2025-09-13T12:30:00.000Z,draft,narrative-shift,neutral,days,BTC ETH,crypto rtoken,41.8,D,32,100,no,,,,rules,"The trending board reads Fed September cut fully priced, December path in doubt; Stablecoin legislation clears committee; Tokenized U.S. equity volume reaches record. Narrative temperature is tilted constructive; a shift in which topics dominate often leads the fundamentals, but the signal is a change of tone, not a directional forecast.","The top three trending topics roll off within two sessions and are replaced by a coherent opposing theme, i.e. the narrative regime actually changes rather than the news cycle simply rotating.",0
SIG-MFEELQ80-186,2025-09-10T20:00:00.000Z,2025-09-15T20:00:00.000Z,draft,narrative-shift,neutral,days,BTC ETH,crypto rtoken,41.8,D,32,100,no,,,,rules,"The trending board reads Fed September cut fully priced, December path in doubt; Stablecoin legislation clears committee; Tokenized U.S. equity volume reaches record. Narrative temperature is tilted constructive; a shift in which topics dominate often leads the fundamentals, but the signal is a change of tone, not a directional forecast.","The top three trending topics roll off within two sessions and are replaced by a coherent opposing theme, i.e. the narrative regime actually changes rather than the news cycle simply rotating.",0
SIG-MFEELQ80-255,2025-09-10T20:00:00.000Z,2025-09-15T20:00:00.000Z,draft,narrative-shift,neutral,days,BTC ETH,crypto rtoken,41.8,D,32,100,no,,,,rules,"The trending board reads Fed September cut fully priced, December path in doubt; Stablecoin legislation clears committee; Tokenized U.S. equity volume reaches record. Narrative temperature is tilted constructive; a shift in which topics dominate often leads the fundamentals, but the signal is a change of tone, not a directional forecast.","The top three trending topics roll off within two sessions and are replaced by a coherent opposing theme, i.e. the narrative regime actually changes rather than the news cycle simply rotating.",0
SIG-MFH9HFK0-271,2025-09-12T20:00:00.000Z,2025-09-17T20:00:00.000Z,draft,narrative-shift,neutral,days,BTC ETH,crypto rtoken,41.8,D,32,100,no,,,,rules,"The trending board reads Fed September cut fully priced, December path in doubt; Stablecoin legislation clears committee; Tokenized U.S. equity volume reaches record. Narrative temperature is tilted constructive; a shift in which topics dominate often leads the fundamentals, but the signal is a change of tone, not a directional forecast.","The top three trending topics roll off within two sessions and are replaced by a coherent opposing theme, i.e. the narrative regime actually changes rather than the news cycle simply rotating.",0
SIG-MFH9HFK0-340,2025-09-12T20:00:00.000Z,2025-09-17T20:00:00.000Z,draft,narrative-shift,neutral,days,BTC ETH,crypto rtoken,41.8,D,32,100,no,,,,rules,"The trending board reads Fed September cut fully priced, December path in doubt; Stablecoin legislation clears committee; Tokenized U.S. equity volume reaches record. Narrative temperature is tilted constructive; a shift in which topics dominate often leads the fundamentals, but the signal is a change of tone, not a directional forecast.","The top three trending topics roll off within two sessions and are replaced by a coherent opposing theme, i.e. the narrative regime actually changes rather than the news cycle simply rotating.",0
SIG-MFIE7HC0-359,2025-09-13T15:00:00.000Z,2025-09-18T15:00:00.000Z,draft,narrative-shift,neutral,days,BTC ETH,crypto rtoken,41.8,D,32,100,no,,,,rules,"The trending board reads Fed September cut fully priced, December path in doubt; Stablecoin legislation clears committee; Tokenized U.S. equity volume reaches record. Narrative temperature is tilted constructive; a shift in which topics dominate often leads the fundamentals, but the signal is a change of tone, not a directional forecast.","The top three trending topics roll off within two sessions and are replaced by a coherent opposing theme, i.e. the narrative regime actually changes rather than the news cycle simply rotating.",0
SIG-MFIE7HC0-443,2025-09-13T15:00:00.000Z,2025-09-18T15:00:00.000Z,draft,narrative-shift,neutral,days,BTC ETH,crypto rtoken,41.8,D,32,100,no,,,,rules,"The trending board reads Fed September cut fully priced, December path in doubt; Stablecoin legislation clears committee; Tokenized U.S. equity volume reaches record. Narrative temperature is tilted constructive; a shift in which topics dominate often leads the fundamentals, but the signal is a change of tone, not a directional forecast.","The top three trending topics roll off within two sessions and are replaced by a coherent opposing theme, i.e. the narrative regime actually changes rather than the news cycle simply rotating.",0
SIG-MFMJ64W0-459,2025-09-16T12:30:00.000Z,2025-09-21T12:30:00.000Z,draft,narrative-shift,neutral,days,BTC ETH,crypto rtoken,41.8,D,32,100,no,,,,rules,"The trending board reads Fed September cut fully priced, December path in doubt; Stablecoin legislation clears committee; Tokenized U.S. equity volume reaches record. Narrative temperature is tilted constructive; a shift in which topics dominate often leads the fundamentals, but the signal is a change of tone, not a directional forecast.","The top three trending topics roll off within two sessions and are replaced by a coherent opposing theme, i.e. the narrative regime actually changes rather than the news cycle simply rotating.",0
SIG-MFMJ64W0-528,2025-09-16T12:30:00.000Z,2025-09-21T12:30:00.000Z,draft,narrative-shift,neutral,days,BTC ETH,crypto rtoken,41.8,D,32,100,no,,,,rules,"The trending board reads Fed September cut fully priced, December path in doubt; Stablecoin legislation clears committee; Tokenized U.S. equity volume reaches record. Narrative temperature is tilted constructive; a shift in which topics dominate often leads the fundamentals, but the signal is a change of tone, not a directional forecast.","The top three trending topics roll off within two sessions and are replaced by a coherent opposing theme, i.e. the narrative regime actually changes rather than the news cycle simply rotating.",0
SIG-MFOAEDC0-544,2025-09-17T18:00:00.000Z,2025-09-22T18:00:00.000Z,draft,narrative-shift,neutral,days,BTC ETH,crypto rtoken,41.8,D,32,100,no,,,,rules,"The trending board reads Fed September cut fully priced, December path in doubt; Stablecoin legislation clears committee; Tokenized U.S. equity volume reaches record. Narrative temperature is tilted constructive; a shift in which topics dominate often leads the fundamentals, but the signal is a change of tone, not a directional forecast.","The top three trending topics roll off within two sessions and are replaced by a coherent opposing theme, i.e. the narrative regime actually changes rather than the news cycle simply rotating.",0
SIG-MFOAEDC0-613,2025-09-17T18:00:00.000Z,2025-09-22T18:00:00.000Z,draft,narrative-shift,neutral,days,BTC ETH,crypto rtoken,41.8,D,32,100,no,,,,rules,"The trending board reads Fed September cut fully priced, December path in doubt; Stablecoin legislation clears committee; Tokenized U.S. equity volume reaches record. Narrative temperature is tilted constructive; a shift in which topics dominate often leads the fundamentals, but the signal is a change of tone, not a directional forecast.","The top three trending topics roll off within two sessions and are replaced by a coherent opposing theme, i.e. the narrative regime actually changes rather than the news cycle simply rotating.",0
SIG-MFR9KE80-629,2025-09-19T20:00:00.000Z,2025-09-24T20:00:00.000Z,draft,narrative-shift,neutral,days,BTC ETH,crypto rtoken,41.8,D,32,100,no,,,,rules,"The trending board reads Fed September cut fully priced, December path in doubt; Stablecoin legislation clears committee; Tokenized U.S. equity volume reaches record. Narrative temperature is tilted constructive; a shift in which topics dominate often leads the fundamentals, but the signal is a change of tone, not a directional forecast.","The top three trending topics roll off within two sessions and are replaced by a coherent opposing theme, i.e. the narrative regime actually changes rather than the news cycle simply rotating.",0
SIG-MFR9KE80-698,2025-09-19T20:00:00.000Z,2025-09-24T20:00:00.000Z,draft,narrative-shift,neutral,days,BTC ETH,crypto rtoken,41.8,D,32,100,no,,,,rules,"The trending board reads Fed September cut fully priced, December path in doubt; Stablecoin legislation clears committee; Tokenized U.S. equity volume reaches record. Narrative temperature is tilted constructive; a shift in which topics dominate often leads the fundamentals, but the signal is a change of tone, not a directional forecast.","The top three trending topics roll off within two sessions and are replaced by a coherent opposing theme, i.e. the narrative regime actually changes rather than the news cycle simply rotating.",0
SIG-MFWZBSW0-714,2025-09-23T20:00:00.000Z,2025-09-28T20:00:00.000Z,draft,narrative-shift,neutral,days,BTC ETH,crypto rtoken,41.8,D,32,100,no,,,,rules,"The trending board reads Fed September cut fully priced, December path in doubt; Stablecoin legislation clears committee; Tokenized U.S. equity volume reaches record. Narrative temperature is tilted constructive; a shift in which topics dominate often leads the fundamentals, but the signal is a change of tone, not a directional forecast.","The top three trending topics roll off within two sessions and are replaced by a coherent opposing theme, i.e. the narrative regime actually changes rather than the news cycle simply rotating.",0
SIG-MFWZBSW0-783,2025-09-23T20:00:00.000Z,2025-09-28T20:00:00.000Z,draft,narrative-shift,neutral,days,BTC ETH,crypto rtoken,41.8,D,32,100,no,,,,rules,"The trending board reads Fed September cut fully priced, December path in doubt; Stablecoin legislation clears committee; Tokenized U.S. equity volume reaches record. Narrative temperature is tilted constructive; a shift in which topics dominate often leads the fundamentals, but the signal is a change of tone, not a directional forecast.","The top three trending topics roll off within two sessions and are replaced by a coherent opposing theme, i.e. the narrative regime actually changes rather than the news cycle simply rotating.",0
SIG-MG19NCW0-799,2025-09-26T20:00:00.000Z,2025-10-01T20:00:00.000Z,draft,narrative-shift,neutral,days,BTC ETH,crypto rtoken,41.8,D,32,100,no,,,,rules,"The trending board reads Fed September cut fully priced, December path in doubt; Stablecoin legislation clears committee; Tokenized U.S. equity volume reaches record. Narrative temperature is tilted constructive; a shift in which topics dominate often leads the fundamentals, but the signal is a change of tone, not a directional forecast.","The top three trending topics roll off within two sessions and are replaced by a coherent opposing theme, i.e. the narrative regime actually changes rather than the news cycle simply rotating.",0
SIG-MG19NCW0-868,2025-09-26T20:00:00.000Z,2025-10-01T20:00:00.000Z,draft,narrative-shift,neutral,days,BTC ETH,crypto rtoken,41.8,D,32,100,no,,,,rules,"The trending board reads Fed September cut fully priced, December path in doubt; Stablecoin legislation clears committee; Tokenized U.S. equity volume reaches record. Narrative temperature is tilted constructive; a shift in which topics dominate often leads the fundamentals, but the signal is a change of tone, not a directional forecast.","The top three trending topics roll off within two sessions and are replaced by a coherent opposing theme, i.e. the narrative regime actually changes rather than the news cycle simply rotating.",0
SIG-MG6ZERK0-884,2025-09-30T20:00:00.000Z,2025-10-05T20:00:00.000Z,draft,narrative-shift,neutral,days,BTC ETH,crypto rtoken,41.8,D,32,100,no,,,,rules,"The trending board reads Fed September cut fully priced, December path in doubt; Stablecoin legislation clears committee; Tokenized U.S. equity volume reaches record. Narrative temperature is tilted constructive; a shift in which topics dominate often leads the fundamentals, but the signal is a change of tone, not a directional forecast.","The top three trending topics roll off within two sessions and are replaced by a coherent opposing theme, i.e. the narrative regime actually changes rather than the news cycle simply rotating.",0
SIG-MG6ZERK0-953,2025-09-30T20:00:00.000Z,2025-10-05T20:00:00.000Z,draft,narrative-shift,neutral,days,BTC ETH,crypto rtoken,41.8,D,32,100,no,,,,rules,"The trending board reads Fed September cut fully priced, December path in doubt; Stablecoin legislation clears committee; Tokenized U.S. equity volume reaches record. Narrative temperature is tilted constructive; a shift in which topics dominate often leads the fundamentals, but the signal is a change of tone, not a directional forecast.","The top three trending topics roll off within two sessions and are replaced by a coherent opposing theme, i.e. the narrative regime actually changes rather than the news cycle simply rotating.",0
