date,open,high,low,close,volume
2019-01-02,24.885,25.470470000000002,24.649,25.351,30253090
2019-01-03,24.456000000000003,24.654,23.03327,23.096000000000004,68248690
2019-01-04,23.429000000000002,23.645,23.167,23.323,54224370
2019-01-07,23.365000000000002,24.024,23.076,23.798000000000002,53030420
2019-01-08,24.011000000000003,24.19,23.3368,23.607,36682850
2019-01-09,23.842,24.668000000000003,23.785,24.628,52922540
2019-01-10,24.557000000000002,25.0565,24.436000000000003,24.952,29571110
2019-01-11,24.943,25.292,24.932000000000002,25.057000000000002,20073720
2019-01-14,24.811000000000003,25.158,24.590000000000003,25.087000000000003,25351240
2019-01-15,25.276,26.222000000000005,25.201,25.649,39163740
2019-01-16,25.72,25.735000000000003,25.136000000000003,25.17,24306350
2019-01-17,25.006,25.735000000000003,24.872,25.533,34868290
2019-01-18,25.913,26.194000000000003,25.700000000000003,26.082,34600570
2019-01-22,25.8,25.945999999999998,25.489500000000003,25.829000000000004,36987730
2019-01-23,25.954000000000004,26.091000000000005,25.365000000000002,25.752,31758380
2019-01-24,26.108999999999998,26.675,26,26.355000000000004,35944440
2019-01-25,26.517000000000003,26.831000000000003,26.091000000000005,26.794,30323900
2019-01-28,26.156000000000002,26.885000000000005,25.865,26.762,31300810
2019-01-29,26.735000000000003,26.760000000000005,26.383,26.632,27804750
2019-01-30,27,27.375,26.737000000000002,27.082,28686880
2019-01-31,27.056,27.1,26.635000000000005,26.825000000000003,21031240
2019-02-01,26.915,26.960000000000004,26.489,26.681,22868530
2019-02-04,26.75,27.214,26.495,27.212000000000003,20710490
2019-02-05,27.195999999999998,27.463,26.991000000000003,27,22566110
2019-02-06,27.326999999999998,28,27.275000000000002,27.621,27036770
2019-02-07,27.286,27.457,26.630000000000003,26.909,28628640
2019-02-08,26.733,27.429000000000002,26.706000000000003,27.406000000000002,23627910
2019-02-11,27.439999999999998,27.6,27.328,27.572000000000003,15980440
2019-02-12,27.865,28.039,27.706000000000003,27.939,19517450
2019-02-13,28,28.216000000000005,27.797000000000004,28.132,19140830
2019-02-14,28.060000000000002,28.284,27.895,28.150000000000002,15958980
2019-02-15,28.409,28.409,27.879140000000003,28.193,17248950
2019-02-19,28.115,28.283,28.0155,28.166000000000004,15075230
2019-02-20,28.325000000000003,28.6625,28.22781,28.342000000000002,16110300
2019-02-21,28.324,28.335000000000004,27.893,28.094,13172900
2019-02-22,27.995,28,27.466000000000005,27.650000000000002,27223920
2019-02-25,28.078,28.083,27.848000000000003,27.860000000000003,19038410
2019-02-26,27.793000000000003,27.801000000000002,27.445,27.5,27181540
2019-02-27,27.322000000000003,27.510000000000005,26.958,27.149,29140370
2019-02-28,26.997000000000003,27.5709,26.863,27.536,31338890
2019-03-01,27.773000000000003,27.816190000000002,27.113,27.275000000000002,19026640
2019-03-04,27.5,27.658,27.086000000000002,27.489,17373540
2019-03-05,27.55,28.044,27.453,27.701,21611640
2019-03-06,27.666000000000004,27.693,27.048000000000002,27.135000000000005,19938340
2019-03-07,27.018,27.0335,26.408,26.551000000000002,25404990
2019-03-08,26.156000000000002,26.476,25.92,26.419,22166260
2019-03-11,26.489,27.055000000000003,26.405,26.906000000000002,24353830
2019-03-12,26.976,27.003,26.427,26.963,22766460
2019-03-13,27.051000000000002,27.308,26.902,27.121,31939810
2019-03-14,27.209,27.226,26.78909,26.82,42205910
2019-03-15,28.646,29.954790000000003,28.35,29.029000000000003,144020000
2019-03-18,29.023000000000003,29.698000000000004,29.021,29.384,56739020
2019-03-19,29.416000000000004,30.098000000000003,29.411,29.931,51451010
2019-03-20,29.8,29.900000000000002,29.029000000000003,29.102999999999998,41240050
2019-03-21,29.188000000000002,29.937,29.1,29.680000000000003,27314840
2019-03-22,29.592000000000002,29.643680000000003,29.14,29.265,23267210
2019-03-25,29.22,29.418000000000003,28.9002,29.216000000000005,23877500
2019-03-26,29.437,29.947000000000003,29.42255,29.703,28008140
2019-03-27,29.757,29.868000000000002,29.246,29.597000000000005,21827080
2019-03-28,29.711000000000002,30.330000000000002,29.567000000000004,29.907,30656970
2019-03-29,30.122000000000003,30.26744,29.828,30.070999999999998,23340290
2019-04-01,30.311000000000003,30.675,29.975,30.579000000000004,26249760
2019-04-02,30.616000000000003,30.735000000000003,30.261000000000003,30.305000000000003,22812430
2019-04-03,30.622000000000003,30.74,30.182000000000002,30.42,22263450
2019-04-04,30.475,30.6,30.167,30.200000000000003,15066940
2019-04-05,30.400000000000002,30.444000000000003,30.180000000000003,30.427999999999997,18875240
2019-04-08,30.414,30.53,30.19975,30.448000000000004,13898710
2019-04-09,30.258,30.411,30.029000000000003,30.345,11616200
2019-04-10,30.360000000000003,30.777,30.3,30.751,14746100
2019-04-11,30.814999999999998,31.019000000000002,30.623000000000005,30.941000000000003,16653940
2019-04-12,31.135000000000005,31.744,31.057000000000002,31.703,30084360
2019-04-15,31.703,31.752,31.316500000000005,31.64,16216390
2019-04-16,32,32.001,31.610000000000003,31.85,21105580
2019-04-17,32.024,32.094,31.784,32.053,17724450
2019-04-18,32.104000000000006,32.244580000000006,31.816000000000003,31.862000000000002,26333920
2019-04-22,31.732,31.789,31.42,31.5,13503630
2019-04-23,31.676000000000002,31.808999999999997,31.419,31.564,17030590
2019-04-24,31.458,31.7005,31.319000000000003,31.433,22881390
2019-04-25,31.295,31.295,30.657,31.182000000000002,26731210
2019-04-26,30.915,31.095,30.511000000000003,31.041000000000004,16088720
2019-04-29,31.124000000000002,31.467000000000002,31.044,31.272000000000006,12528880
2019-04-30,31.332,31.842000000000002,31.253,31.84,18941140
2019-05-01,32.050000000000004,32.32,31.868610000000004,31.89,18157930
2019-05-02,31.998000000000005,32.2185,31.423000000000002,31.582,20428240
2019-05-03,31.495,31.665,31.069000000000003,31.570999999999998,19213730
2019-05-06,30.679000000000002,31.193,30.535000000000004,31.157,14374030
2019-05-07,30.865,30.9615,30.373000000000005,30.729000000000003,21734090
2019-05-08,30.53,30.766000000000005,30.311000000000003,30.339,15098660
2019-05-09,30,30.585000000000004,29.685010000000002,30.406000000000002,22282240
2019-05-10,30.323000000000004,30.540499999999998,29.666000000000004,30.396,21024860
2019-05-13,29.382,29.568,28.82,29.338,37864340
2019-05-14,29.569000000000003,30.460000000000004,29.548000000000002,30.200000000000003,34276990
2019-05-15,30.027,30.777,29.86139,30.437,18167850
2019-05-16,29.975,30.310000000000002,29.47,29.729000000000003,34233130
2019-05-17,29.278,29.357,28.841000000000005,28.989,39094390
2019-05-20,27.8,27.995,26.864,27.259,65161540
2019-05-21,27.709,27.977999999999998,27.465,27.533,25060080
2019-05-22,27.048000000000002,27.506,26.897000000000006,26.922000000000004,31808920
2019-05-23,26.458,26.549000000000003,25.817000000000004,26.009,46607030
2019-05-24,26.27,26.574,25.574,25.594,27963270
2019-05-28,25.657,25.773000000000003,25.009,25.448,61965270
2019-05-29,25.274,25.637,25.158,25.412000000000003,28132430
2019-05-30,25.466,25.733999999999998,25.412000000000003,25.662000000000003,17312870
2019-05-31,25.304000000000002,25.573500000000003,25.1,25.164,22193800
2019-06-03,25.255000000000003,25.833,25.12,25.318,28910660
2019-06-04,25.695999999999998,26.6,25.576,26.57,36808020
2019-06-05,26.901,27.151,26.24,26.572000000000003,23654440
2019-06-06,26.701999999999998,27.5,26.528,27.279000000000003,32686760
2019-06-07,27.477999999999998,27.78744,27.328,27.487000000000002,25966900
2019-06-10,27.673000000000002,28.477,27.672000000000004,28.021,23279890
2019-06-11,29.049000000000003,29.175,27.94126,28.348000000000003,37106480
2019-06-12,28.167,28.316000000000003,27.741000000000003,27.973000000000003,27057120
2019-06-13,28.152,28.289,27.741000000000003,28.161,37734570
2019-06-14,25.811000000000003,26.808999999999997,25.747000000000003,26.593000000000004,100797200
2019-06-17,26.483999999999998,26.87,26.134,26.597000000000005,35785490
2019-06-18,26.814999999999998,28.302,26.646150000000002,27.805000000000003,54920440
2019-06-19,27.878,27.907,27.371,27.749000000000002,28920320
2019-06-20,28.251,28.545,27.716000000000005,27.905,57291240
2019-06-21,27.661,28.1,27.396,27.399,45399470
2019-06-24,27.552,27.945,27.5,27.92,20506170
2019-06-25,27.916000000000004,28.288,27.602,27.651,24435970
2019-06-26,27.858,28.403,27.810000000000002,28.144000000000002,24773960
2019-06-27,28.293000000000003,28.845,28.223000000000003,28.570999999999998,21812730
2019-06-28,28.786,28.930000000000003,28.482,28.786,49264980
2019-07-01,30.168000000000003,30.575000000000003,29.6325,30.035000000000004,44955680
2019-07-02,29.888,30.067000000000004,29.39,29.533,19011170
2019-07-03,28.37,28.878,28.3015,28.489,49410800
2019-07-05,28.365,28.544,28.197000000000003,28.266000000000005,24565330
2019-07-08,28,28.11851,27.439,27.496,34290560
2019-07-09,27.345,27.598000000000003,27.241000000000003,27.552999999999997,26132460
2019-07-10,27.786,27.880000000000003,27.400000000000002,27.450000000000003,30134470
2019-07-11,27.524,27.74523,27.295,27.606,20713270
2019-07-12,27.638,28.593000000000004,27.638,28.539,21971170
2019-07-15,29.1104,29.449,28.727,28.834,30336690
2019-07-16,28.699,28.779000000000003,28.23914,28.413,14617520
2019-07-17,28.556,28.729000000000003,28.319000000000003,28.508,15452970
2019-07-18,28.618000000000002,29.03,28.380000000000003,28.977999999999998,19369830
2019-07-19,29.183,29.316000000000003,28.953,29,22049950
2019-07-22,29.3,29.999000000000002,29.224000000000004,29.615,33912970
2019-07-23,29.950000000000003,30.236000000000004,29.921,30.078,19691620
2019-07-24,30.12,30.488,30.05,30.377,19010440
2019-07-25,30.213,30.213,29.939999999999998,30.039,15740660
2019-07-26,30.159,30.3015,30.052999999999997,30.092000000000002,14995590
2019-07-29,30.123000000000005,30.255000000000003,29.695760000000003,30.174000000000003,12068050
2019-07-30,29.909,30.093000000000004,29.710000000000004,29.956000000000003,11164390
2019-07-31,30.003,30.083,28.667,28.999000000000002,20819390
2019-08-01,28.913,29.782,28.232,28.534,21910690
2019-08-02,28.207,28.384,27.591000000000005,27.852999999999998,20079510
2019-08-05,27.195,27.224000000000004,26.408,26.766000000000005,27764820
2019-08-06,27.013,27.218000000000004,26.456000000000003,26.644000000000002,22199340
2019-08-07,26.403,27.272199999999998,26.3,27.005000000000003,22244080
2019-08-08,27.038,27.255990000000004,26.25,27.098000000000003,29163380
2019-08-09,26.958,28.055000000000003,26.958,27.573000000000004,30734620
2019-08-12,27.338,27.820999999999998,27.254000000000005,27.564,20039690
2019-08-13,27.53,28.55,27.203,28.37,22941240
2019-08-14,27.879000000000005,28.015249999999998,27.038,27.156000000000002,27108110
2019-08-15,27.200000000000003,27.278,26.485000000000003,26.864,20142330
2019-08-16,27.215,27.575000000000003,27.198000000000004,27.378,18203050
2019-08-19,27.950000000000003,28.006500000000003,27.56125,27.878,17489100
2019-08-20,27.816000000000003,28.4955,27.701,28.037000000000003,17920710
2019-08-21,28.464,28.826,28.405,28.75,19384880
2019-08-22,28.839,28.941000000000003,28.455000000000002,28.762,12299400
2019-08-23,28.399,28.548000000000002,27.105000000000004,27.213,25762800
2019-08-26,27.695,27.795,27.5,27.722000000000005,14250160
2019-08-27,27.915,28.022000000000006,27.491000000000003,27.557000000000002,14298870
2019-08-28,27.433,27.641000000000005,27.047000000000004,27.606,17201950
2019-08-29,28.149,28.549000000000003,28.105000000000004,28.337000000000003,16430010
2019-08-30,28.536,28.59,27.99,28.264,16721150
2019-09-03,28,28.085000000000004,27.093000000000004,27.405,22210280
2019-09-04,27.879000000000005,28.435000000000002,27.82,28.302,19868350
2019-09-05,28.836000000000002,29.368000000000002,28.835500000000003,29.102,20940580
2019-09-06,29.185000000000002,29.330000000000002,28.930000000000003,29.191000000000003,13747580
2019-09-09,29.5,29.72,29.04,29.261000000000003,21689050
2019-09-10,29.135000000000005,29.445,28.882,29.444000000000003,20851020
2019-09-11,29.632,29.878,29.455000000000002,29.801000000000002,19259890
2019-09-12,30.143,30.233,29.647000000000006,30.058,33109300
2019-09-13,29.765,29.799000000000003,28.389,29.032,62556960
2019-09-16,28.680000000000003,29.027,28.57,28.866000000000003,22175720
2019-09-17,28.802,28.930000000000003,28.375,28.883,22034730
2019-09-18,28.849000000000004,29.0755,28.388,28.774,17370650
2019-09-19,28.85,29.1945,28.723000000000003,29.064,19779180
2019-09-20,28.767000000000003,28.84,28.182000000000002,28.426000000000002,36893180
2019-09-23,28.362000000000002,28.716000000000005,28.208,28.546,15583790
2019-09-24,28.732,28.89,27.975,28.231,21042470
2019-09-25,27.175,27.721,27,27.576999999999998,55959040
2019-09-26,27.526,27.866000000000003,27.268,27.691000000000003,27652250
2019-09-27,27.663,28.12769,27.296,27.414,28942450
2019-09-30,27.579000000000004,27.672000000000004,27.25,27.607,20204100
2019-10-01,27.826999999999998,27.965,27.338240000000003,27.485000000000003,19589150
2019-10-02,27.346,27.380000000000003,26.832,27.007,20002290
2019-10-03,27,27.450000000000003,26.722000000000005,27.443,19018690
2019-10-04,27.849000000000004,28.17,27.52,28.143,25916660
2019-10-07,28.001,28.102,27.57,27.608,19103030
2019-10-08,27.406000000000002,27.49,26.891000000000005,27.033,23067380
2019-10-09,27.368000000000002,27.491000000000003,27.201999999999998,27.314999999999998,16669270
2019-10-10,27.456000000000003,27.878,27.365499999999997,27.445,18108860
2019-10-11,27.949,28.408,27.909,28.091000000000005,23890880
2019-10-14,28.042,28.265,27.988,28.166000000000004,13368950
2019-10-15,28.264,29.062,28.22,29.032,21499040
2019-10-16,28.900000000000002,29.010000000000005,28.654000000000003,28.848000000000003,20768930
2019-10-17,29.014,29.171499999999998,28.832,28.943,13620190
2019-10-18,28.950000000000003,28.994,28.400000000000002,28.673000000000002,16980530
2019-10-21,28.844,29.189999999999998,28.706000000000003,28.957,13746680
2019-10-22,28.959,29.086000000000002,28.724000000000004,28.746,13440390
2019-10-23,28.296,28.354000000000003,27.876,28.032,20997890
2019-10-24,28.289,28.35,27.87,28.231,17159720
2019-10-25,28.326,29.137,28.32231,28.982,20868770
2019-10-28,29.116000000000003,29.248000000000005,28.832,29.155,12999410
2019-10-29,29.227999999999998,29.37,28.807000000000002,28.816000000000003,13272290
2019-10-30,29.001,29.097000000000005,28.652,29.024,17280680
2019-10-31,28.980000000000004,29.408,28.78,29.285000000000004,27880550
2019-11-01,29.299000000000003,29.659,29.209,29.659,21234010
2019-11-04,29.951999999999998,30.546,29.91001,30.5,34075320
2019-11-05,30.5,31.677999999999997,30.447000000000003,31.404000000000003,38711460
2019-11-06,31.206000000000003,31.427999999999997,30.871,31.316000000000003,18075990
2019-11-07,31.558,31.950000000000003,31.064999999999998,31.174000000000003,23982550
2019-11-08,30.987000000000002,31.360000000000003,30.513,31.341000000000005,17830100
2019-11-11,31.12,31.324,31.084,31.275000000000002,9154450
2019-11-12,31.400000000000002,31.6405,31.3257,31.552999999999997,16880390
2019-11-13,31.248000000000005,31.5705,31.200000000000003,31.367000000000004,13347970
2019-11-14,31.075000000000003,31.18374,30.611000000000004,30.897000000000006,17271260
2019-11-15,31.227,31.306,31.0075,31.291000000000004,18120440
2019-11-18,31.182000000000002,31.341000000000005,30.802999999999997,31.107,15851060
2019-11-19,31.665,32.567,31.665,31.77,31746320
2019-11-20,31.59,31.683,30.900000000000002,31.167,19952470
2019-11-21,31.114,31.57,30.980000000000004,31.525000000000002,19317350
2019-11-22,31.664,31.948000000000004,31.371,31.492000000000004,13216430
2019-11-25,31.661,32.01842,31.627,31.962000000000003,19636630
2019-11-26,31.900000000000002,32.018,31.605000000000004,31.627,30801010
2019-11-27,31.794,31.994,31.647000000000006,31.844,20183440
2019-11-29,31.685000000000002,31.779000000000003,31.5,31.621,9229240
2019-12-02,31.772000000000006,31.793000000000003,31.056,31.072000000000003,23177090
2019-12-03,30.582,30.900000000000002,30.313000000000002,30.652,19123560
2019-12-04,30.975,31.137,30.713,30.972000000000005,14439540
2019-12-05,31.058999999999997,31.245900000000002,30.906000000000002,31.119,15494530
2019-12-06,31.464,31.634,31.206000000000003,31.605000000000004,16939280
2019-12-09,31.6,31.715,31.394000000000002,31.438000000000002,24793030
2019-12-10,31.510000000000005,31.591000000000005,31.325000000000003,31.506,14566780
2019-12-11,31.518,32.135000000000005,31.518,31.972000000000005,20847550
2019-12-12,31.973000000000003,33.016000000000005,31.943,32.78,39187330
2019-12-13,31.806,31.977,31.062,31.542,70987110
2019-12-16,31.797000000000004,32.759949999999996,31.753010000000003,32.313,37933280
2019-12-17,32.374,32.495,32.175000000000004,32.38,20252100
2019-12-18,32.44,33.12,32.355000000000004,32.744,35178810
2019-12-19,32.921,32.9255,32.371,32.410000000000004,31799040
2019-12-20,32.24700000000001,32.24700000000001,31.691000000000003,31.900000000000002,50542330
2019-12-23,32.054,32.23344,31.761000000000003,31.953,20254900
2019-12-24,32,32.068000000000005,31.901,32.050000000000004,7023760
2019-12-26,32.127,32.174,31.682000000000002,31.798000000000002,15857860
2019-12-27,31.930000000000003,31.935000000000002,31.522000000000006,31.653,14489160
2019-12-30,31.652,31.733,31.275000000000002,31.346,13104040
2019-12-31,31.312,31.636000000000003,31.28,31.602,12488870
2020-01-02,31.932000000000002,32.25,31.731840000000002,32.239,19664110
2020-01-03,31.751,32,31.408,31.419,22876630
2020-01-06,31.084500000000006,31.392000000000003,30.962500000000002,31.372000000000003,20810810
2020-01-07,31.525000000000002,31.657650000000004,31.225,31.264,18630620
2020-01-08,31.298000000000002,31.34907,30.841000000000005,30.874000000000002,32075460
2020-01-09,31.232,31.29899,30.305000000000003,30.626,42450890
2020-01-10,30.545,30.555000000000003,29.880000000000003,29.922000000000004,40711430
2020-01-13,30.002,30.380000000000003,29.967000000000002,30.118000000000002,22054200
2020-01-14,30.200000000000003,30.915,30.159,30.818,28912870
2020-01-15,30.731,30.788,30.07,30.314,22732600
2020-01-16,30.5,30.786,30.4205,30.705000000000002,21507710
2020-01-17,30.866000000000003,30.894000000000002,30.407,30.879000000000005,26898040
2020-01-21,30.78,30.951,30.633,30.807000000000002,21968690
2020-01-22,31.080000000000002,31.792,31.05,31.288,29263820
2020-01-23,31.518,31.980000000000004,31.082,31.965,30266450
2020-01-24,33.050000000000004,33.158,32.077,32.4,55781520
2020-01-27,31.641000000000005,31.988,30.864,30.903,38843150
2020-01-28,31.352999999999998,31.923000000000002,31.27718,31.831000000000003,23165940
2020-01-29,32.082,32.543,31.714,31.751,23673010
2020-01-30,31.432000000000002,31.552,30.858999999999998,31.52,21128180
2020-01-31,31.416000000000004,31.4585,30.3622,30.516000000000005,22122970
2020-02-03,30.563000000000002,30.660000000000004,30.364,30.523000000000003,21289940
2020-02-04,31.179000000000002,31.456500000000002,30.9655,31.160000000000004,22558730
2020-02-05,31.75,31.981,31.586000000000002,31.738,24824750
2020-02-06,31.884,31.988,31.423000000000002,31.969,22683110
2020-02-07,31.832,31.852,31.486500000000003,31.523000000000003,15884050
2020-02-10,31.237000000000002,31.459500000000006,31.03,31.42,19218100
2020-02-11,31.665,32.079,31.601,32.016000000000005,15527030
2020-02-12,32.204,32.509,32.163000000000004,32.47,15310200
2020-02-13,32.148,32.546,32.095,32.397000000000006,13856630
2020-02-14,32.484,32.57,31.710000000000004,31.777,19136640
2020-02-18,31.5,31.501,30.805000000000003,31.075000000000003,26703240
2020-02-19,31.3,31.683,31.17,31.569000000000003,20525250
2020-02-20,31.396,31.569000000000003,30.612000000000002,30.924000000000003,25520880
2020-02-21,30.85,30.945,30.229000000000003,30.450000000000003,24530900
2020-02-24,29.42,29.880000000000003,29.006,29.160000000000004,36848710
2020-02-25,29.411,29.573000000000004,28.107,28.268,31891980
2020-02-26,28.435000000000002,28.82,28.400000000000002,28.588,23088560
2020-02-27,28.03,28.531000000000002,27.354000000000003,27.395,34837090
2020-02-28,26.333,27.413,26.274,27.262,44604240
2020-03-02,27.676000000000002,28.54,27.115499999999997,28.497000000000003,31976470
2020-03-03,28.465,28.848000000000003,27.157,27.425,29929680
2020-03-04,27.754000000000005,28.572000000000003,27.477,28.545,23477890
2020-03-05,27.726,28.308999999999997,27.245,27.404000000000003,24374130
2020-03-06,26.698000000000004,27.093000000000004,26.25,26.945,30168770
2020-03-09,25.108000000000004,26.027,24.424500000000002,24.772000000000002,43933600
2020-03-10,25.659,26.368000000000002,24.340000000000003,26.29,55075310
2020-03-11,25.388,25.649,24.249000000000002,24.597,36043720
2020-03-12,22.699,24.276,21.632,21.878,64281110
2020-03-13,22.5505,23.4465,20.116,23.422,84713690
2020-03-16,20.818,21.880000000000003,18.022540000000003,18.758000000000003,76935020
2020-03-17,19.182,20.001,18.1475,19.951,70661560
2020-03-18,18.566,18.748,15.567,16.787000000000003,98992620
2020-03-19,16.764,20.747,16.5,19.445,74438210
2020-03-20,20.200000000000003,20.868000000000002,18.791,19.222,74043670
2020-03-23,19.2884,19.597,17.775000000000002,19.347,46920520
2020-03-24,20.564,21.871000000000002,20.12938,21.276,62969770
2020-03-25,21.219,24.399990000000003,20.92201,21.755000000000003,64442450
2020-03-26,22.603,24.480000000000004,22.603,24.317,60233430
2020-03-27,23.3,24.209000000000003,23,23.069000000000003,39447710
2020-03-30,23.22,24.136000000000003,22.844,24.011000000000003,52343490
2020-03-31,23.8,25.271,23.605900000000002,23.71,50215310
2020-04-01,22.799000000000003,23.441000000000003,21.968000000000004,22.363,41858320
2020-04-02,22.240000000000002,23.795,22.14476,23.706000000000003,45048830
2020-04-03,23.664,24.255000000000003,23.055000000000003,23.426000000000002,28961480
2020-04-06,24.458000000000002,25.341430000000003,24.356,25.244,38867860
2020-04-07,26.183999999999997,26.55,25.253,25.327,45892070
2020-04-08,25.677,26.22,25.364,26.110000000000003,27565460
2020-04-09,26.579000000000004,26.75,25.131,25.430000000000003,34827590
2020-04-13,25.35,26.152,25.28,25.992000000000004,25728580
2020-04-14,26.612000000000002,26.838,26.232,26.763,23096320
2020-04-15,26.1,26.23228,25.616000000000003,25.744,25926480
2020-04-16,26.176000000000002,26.176000000000002,25.41101,25.829000000000004,26895920
2020-04-17,26.322000000000003,26.742500000000003,25.894000000000002,26.588,34088800
2020-04-20,26,26.526,25.791000000000004,25.828,23801220
2020-04-21,25.456000000000003,25.479,24.68001,24.765,29138050
2020-04-22,25.477000000000004,26.222000000000005,25.074,25.997000000000003,35441840
2020-04-23,26.025000000000002,26.52,25.852,25.893,21661690
2020-04-24,25.981,26.507,25.888,26.481,23425110
2020-04-27,26.435000000000002,27.122000000000003,26.435000000000002,26.845,16592490
2020-04-28,27.424000000000003,27.641000000000005,26.412000000000003,26.473000000000003,18992250
2020-04-29,27.108,27.699,26.923000000000002,27.602,28870690
2020-04-30,27.352999999999998,27.405,26.880000000000003,27.162000000000003,23379430
2020-05-01,26.6,26.78515,25.820350000000005,25.97,26835610
2020-05-04,25.921,26.243000000000002,25.532,26.226,17046090
2020-05-05,26.655,26.894000000000002,26.371,26.487000000000002,26463590
2020-05-06,26.833,27.04794,26.362000000000002,26.418000000000003,22729930
2020-05-07,27,27.047000000000004,26.6,26.775000000000002,18247050
2020-05-08,27.22,27.555000000000003,27.003,27.503,16767000
2020-05-11,27.337000000000003,27.673770000000005,27.175,27.54,20850970
2020-05-12,27.658,27.772000000000006,26.822000000000003,26.845,18763820
2020-05-13,27.007,27.033,25.936000000000003,26.314999999999998,21927400
2020-05-14,26.096,26.695,25.475,26.660000000000004,19911930
2020-05-15,25.942000000000004,26.406000000000002,25.677,26.041000000000004,21654220
2020-05-18,26.862000000000002,27.673000000000002,26.8,27.352999999999998,26537230
2020-05-19,27.352999999999998,27.602999999999998,27.161,27.195,18701790
2020-05-20,27.697000000000003,28.131,27.608,27.868000000000002,18605400
2020-05-21,27.892000000000003,27.950000000000003,27.465,27.480000000000004,14848950
2020-05-22,27.374000000000002,27.725,27.0505,27.665,17452840
2020-05-26,28.5,28.709,28.139,28.201999999999998,23572860
2020-05-27,28.302,28.78,28,28.759,22811610
2020-05-28,28.5,28.930000000000003,28.243000000000002,28.314,18555170
2020-05-29,28.29,29.200000000000003,28.191000000000003,29.127,27323830
2020-06-01,29.042,29.110000000000003,28.737000000000002,28.999000000000002,18447880
2020-06-02,29.102999999999998,29.832,29.009,29.806,31846920
2020-06-03,30.105000000000004,31.085000000000004,30.051000000000002,30.953,31925830
2020-06-04,30.575000000000003,31.3,30.210000000000004,30.889,34997390
2020-06-05,31.97,32.811,31.509,31.708,50961950
2020-06-08,31.75,31.884,31.336000000000002,31.752,23916100
2020-06-09,31.200000000000003,31.888,31.157,31.532,22334770
2020-06-10,31.665,31.921,31.47,31.504000000000005,25913650
2020-06-11,30.762,30.855000000000004,29.34,29.375,45114770
2020-06-12,30.282,30.395,29.273000000000003,30.025000000000002,39439170
2020-06-15,29.5,30.675,29.241000000000003,30.409,29872290
2020-06-16,31,31.455000000000002,30.400000000000002,31.072000000000003,30400100
2020-06-17,31.342000000000002,31.671,31.179000000000002,31.344,20279210
2020-06-18,31.212000000000003,31.91184,31.152,31.871,33624570
2020-06-19,31.768,31.810000000000002,30.277,30.277,58464640
2020-06-22,30.55,31.418000000000003,30.352999999999998,31.354000000000003,27194720
2020-06-23,31.506,31.744,31.129000000000005,31.130000000000003,22418980
2020-06-24,30.92,31.097000000000005,30.451,30.697000000000003,19097290
2020-06-25,30.606,30.948000000000004,30.3,30.885000000000005,15030110
2020-06-26,31.357,31.57799,30.314999999999998,30.741000000000003,31425340
2020-06-29,30.807000000000002,31.041000000000004,30.44506,30.977999999999998,14516020
2020-06-30,30.995,31.707,30.675,31.561000000000003,25125420
2020-07-01,31.511000000000003,31.685000000000002,31.1935,31.273000000000003,15661970
2020-07-02,31.774650000000005,31.938000000000002,31.46611,31.547000000000004,16638570
2020-07-06,32,32.099000000000004,31.733999999999998,31.879000000000005,17560700
2020-07-07,31.733999999999998,31.816000000000003,31.255000000000003,31.312,16153460
2020-07-08,31.614,31.983999999999998,31.412000000000003,31.957,18022630
2020-07-09,32.001,32.433,31.524500000000003,32.15,25227860
2020-07-10,32.191,32.299,31.544,31.944000000000003,13281250
2020-07-13,32.168,32.353,31.0585,31.131,21549400
2020-07-14,30.899,31.622000000000003,30.519000000000002,31.508,18363170
2020-07-15,31.595,31.777,31.016590000000004,31.378,15252830
2020-07-16,31.061000000000003,31.388,30.930000000000003,31.134,12930730
2020-07-17,31.415,31.521,31,31.271,13355120
2020-07-20,31.185000000000002,31.765,31.026,31.713,14325760
2020-07-21,31.923000000000002,31.923000000000002,31.267000000000003,31.433999999999997,14347620
2020-07-22,31.501,31.568,31.037000000000003,31.380000000000003,14404500
2020-07-23,31.337000000000003,31.608999999999998,30.838,30.967000000000002,19417190
2020-07-24,30.659,31.091000000000005,30.418000000000003,30.579000000000004,15634030
2020-07-27,30.830000000000002,31.296,30.748500000000003,31.268,20646020
2020-07-28,31.118000000000002,31.211000000000002,30.616000000000003,30.735000000000003,13978480
2020-07-29,30.852999999999998,31.123000000000005,30.744,30.885000000000005,16561620
2020-07-30,30.6,31.293000000000003,30.6,31.210000000000004,21258530
2020-07-31,31.47,31.84,31.14,31.675,24720080
2020-08-03,31.8,32.349000000000004,31.727999999999998,32.123000000000005,20800360
2020-08-04,32.050000000000004,32.859,32.039,32.839,25260450
2020-08-05,32.825,33.158,32.580000000000005,32.954,22302110
2020-08-06,32.777,33.088,32.54101,32.916000000000004,14192960
2020-08-07,32.839,32.973000000000006,32.148,32.593,14193320
2020-08-10,32.422000000000004,32.927,32.40601,32.736000000000004,11990080
2020-08-11,32.757,33.332,32.276,32.403,19315960
2020-08-12,32.585,33.588,32.535500000000006,33.364,18476430
2020-08-13,33.221,33.341,32.785000000000004,32.942,15097720
2020-08-14,32.802,32.98500000000001,32.6,32.782000000000004,10140050
2020-08-17,32.951,33.179,32.9,33.032000000000004,10594140
2020-08-18,33.186,33.318000000000005,32.814,32.864,8859360
2020-08-19,32.947,33.309,32.824000000000005,32.921,11273140
2020-08-20,32.769,32.999,32.606,32.883,8910270
2020-08-21,32.830000000000005,33.046,32.5,33.002,11508670
2020-08-24,33.201,33.619,33.114,33.4,11997510
2020-08-25,33.5,33.708999999999996,33.300000000000004,33.614,11143340
2020-08-26,33.474000000000004,34.151,33.351,33.967000000000006,14844030
2020-08-27,34.049,34.13,33.614,33.914,12552110
2020-08-28,33.9,34.482,33.77,34.482,14588730
2020-08-31,34.352,35.058,34.352,34.714999999999996,22228980
2020-09-01,35,36.207,34.742000000000004,35.954,29258970
2020-09-02,36.586000000000006,37.896,36.35673,37.501,37053380
2020-09-03,36.601,36.89,35.016000000000005,35.208999999999996,41794720
2020-09-04,36.097,37.253,35.35,36.295,58513730
2020-09-08,35.266000000000005,36.275,35,35.054,26685080
2020-09-09,35.61600000000001,36.185,35.11000000000001,36.003,26273240
2020-09-10,36.213,36.783,35.4385,35.708,22851320
2020-09-11,36.050000000000004,36.427,35.46813,35.97,17361980
2020-09-14,36.441,36.589,35.93450000000001,36.22,16448540
2020-09-15,36.63,37.112,36.535000000000004,36.691,16617850
2020-09-16,36.818000000000005,37.2,36.635000000000005,36.704,18512090
2020-09-17,35.5,37.011500000000005,35.5,36.592000000000006,22864230
2020-09-18,36.7122,36.784,35.505,35.973000000000006,35294810
2020-09-21,35.001,35.196,34.348000000000006,35.179,24198340
2020-09-22,35.637,36.18,35.295,36.159,19500250
2020-09-23,36.018,36.121,35.0045,35.159,15545370
2020-09-24,35.02,35.757,34.909,35.252,13613760
2020-09-25,35.205000000000005,35.772000000000006,34.82801,35.68,18183420
2020-09-28,36.168,36.843,35.903,36.730000000000004,22191600
2020-09-29,36.749,37.080000000000005,36.398500000000006,36.426,13829970
2020-09-30,36.295,37.1,36.171,36.432,22403280
2020-10-01,36.898,37.071,36.482,36.86000000000001,16018680
2020-10-02,36,36.492000000000004,35.615,35.683,17100210
2020-10-05,36.083999999999996,36.685,35.99,36.61000000000001,18923280
2020-10-06,36.611000000000004,37.2,36.202,36.398,16671930
2020-10-07,36.835,36.986000000000004,36.606,36.674,12750080
2020-10-08,36.989,37.429,36.831,37.333,17045350
2020-10-09,37.593,38,37.4,37.67,17255470
2020-10-12,38.179,38.510000000000005,37.979000000000006,38.243,18839480
2020-10-13,38.441,38.78,37.861000000000004,38.149,16731450
2020-10-14,38.354000000000006,38.3735,37.785000000000004,38.03,17301530
2020-10-15,37.505,38.049,37.502,37.993,14373540
2020-10-16,38.327999999999996,38.327999999999996,37.815,37.865,10297020
2020-10-19,38.124,38.3605,37.515,37.577,14802730
2020-10-20,37.701,38.11352,37.556000000000004,37.699000000000005,13296920
2020-10-21,37.577,37.686,37.031,37.205000000000005,11896350
2020-10-22,37.1075,37.431000000000004,36.711000000000006,37.337,13548420
2020-10-23,37.326,37.394,37.076,37.272000000000006,8868490
2020-10-26,36.96,36.9955,35.761,36.304,15508960
2020-10-27,36.518,36.518,35.922000000000004,35.96,9619960
2020-10-28,35.4,35.486000000000004,34.5525,34.721,22331440
2020-10-29,34.726,35.944,34.537,35.501,15697350
2020-10-30,34.939,35.299,34.442,34.963,18530260
2020-11-02,35.504000000000005,35.539,34.834500000000006,35.125,11756540
2020-11-03,35.595,35.924,34.666000000000004,35.376,15457000
2020-11-04,36.048,36.898,35.71401,36.463,21276610
2020-11-05,37.2357,38.265,37.201,38.087,21783420
2020-11-06,38.005,38.367000000000004,37.717000000000006,38.062000000000005,13546490
2020-11-09,38.910000000000004,39.389,37.501,37.554,24088380
2020-11-10,37.032000000000004,37.32,36.036,36.313,26784170
2020-11-11,37.086000000000006,37.714,36.855000000000004,37.592000000000006,15134180
2020-11-12,37.723000000000006,37.86000000000001,36.827999999999996,37.02,12174650
2020-11-13,37.5,37.733,37.158,37.35,10996880
2020-11-16,37.481,38.137,37.4,38.081,12102690
2020-11-17,37.86600000000001,38.243990000000004,37.702999999999996,38.06,11950920
2020-11-18,37.989,38.494,37.96205,38.062000000000005,13518540
2020-11-19,37.772000000000006,38.484,37.435,38.433,14555370
2020-11-20,38.431000000000004,38.885000000000005,38.27,38.333,16148360
2020-11-23,38.537000000000006,38.915,38.300000000000004,38.7,12216040
2020-11-24,38.862,39.281000000000006,38.61750000000001,39.223000000000006,13458350
2020-11-25,39.284,39.550000000000004,38.900000000000006,39.083,11788490
2020-11-27,39.315,39.917,39.300000000000004,39.495000000000005,6846330
2020-11-30,39.402,40.21600000000001,39.274,40.158,15453890
2020-12-01,40.346000000000004,40.668000000000006,40.012,40.457,18181540
2020-12-02,40.474000000000004,40.541000000000004,40.111000000000004,40.373000000000005,10033650
2020-12-03,40.45,40.664,39.81,39.980000000000004,16122110
2020-12-04,40.24,41.24,40.2385,41.168000000000006,20082710
2020-12-07,41.641000000000005,42.2842,41.334,42.089,19707490
2020-12-08,41.928,42.67,41.816,42.34100000000001,18120800
2020-12-09,41.947,42.61000000000001,41.367000000000004,41.62200000000001,20908460
2020-12-10,41.144000000000005,41.525000000000006,40.801,41.004000000000005,26243600
2020-12-11,40.400000000000006,40.7,39.828,40.582,26665100
2020-12-14,40.6529,41.43000000000001,40.6,41.18000000000001,26116110
2020-12-15,41.528,41.939,41.29900000000001,41.806000000000004,21221330
2020-12-16,41.800000000000004,42.714600000000004,41.69648000000001,42.49,23159540
2020-12-17,42.650000000000006,43.001000000000005,42.4545,42.61000000000001,17151760
2020-12-18,42.480000000000004,43.565,42.2,43.456,45243320
2020-12-21,42.815,43.2,42.370000000000005,42.888000000000005,19096060
2020-12-22,42.888000000000005,43.355000000000004,42.800000000000004,43.31,17938010
2020-12-23,43.5,43.6,42.508,42.546,10533660
2020-12-24,42.849000000000004,43.2,42.757000000000005,43.146,4122680
2020-12-28,43.434,43.727000000000004,43.115,43.188,10625240
2020-12-29,43.583,43.583,42.679,42.904,9593400
2020-12-30,43.167,43.79999000000001,43.010000000000005,43.483000000000004,10554980
2020-12-31,43.631,43.85,43.30500000000001,43.785000000000004,10211520
2021-01-04,43.933,44.224000000000004,42.12350000000001,42.522000000000006,24172250
2021-01-05,42.505,42.939,42.24,42.81,15069120
2021-01-06,42.330000000000005,43.458,42.054,42.546,17226180
2021-01-07,43.2062,44.459,43.06,44.339,21269600
2021-01-08,44.7,44.999,43.8646,44.564,15273470
2021-01-11,44.06100000000001,44.878,44.042,44.576,11661680
2021-01-12,44.777,45.4758,44.56,44.939,13849010
2021-01-13,45.03,45.349250000000005,44.81065,45.121,13118090
2021-01-14,45.351,45.85,45.133,45.207,19692430
2021-01-15,44.818000000000005,45,44.066,44.58500000000001,18167380
2021-01-19,44.828,45.949000000000005,44.828,45.927,18819350
2021-01-20,45.952,46.57894,45.5,46.188,14711160
2021-01-21,46.211000000000006,46.947,46.04,46.682,15754200
2021-01-22,46.3724,46.755,46.238,46.502,16247580
2021-01-25,46.956,47,45.608000000000004,46.479000000000006,14693910
2021-01-26,46.265,46.703390000000006,46.188,46.387,10741740
2021-01-27,45.554,45.696,44.151,44.47,21857270
2021-01-28,45.553,45.848000000000006,44.703,45.17400000000001,16946120
2021-01-29,44.99,45.81,44.763000000000005,45.050000000000004,22071080
2021-02-01,45.58500000000001,46.9315,45.359,46.67400000000001,17028130
2021-02-02,46.976,47.697,46.800000000000004,47.688,16140830
2021-02-03,47.693000000000005,47.852000000000004,46.4585,46.519000000000005,17856990
2021-02-04,46,47.11600000000001,45.74808,47.063,15242650
2021-02-05,47.433,47.69200000000001,46.536,46.601,12489350
2021-02-08,46.875,47.342000000000006,46.558,47.27,17611310
2021-02-09,47.2,47.519000000000005,46.862,47.463,12759220
2021-02-10,47.721000000000004,47.74850000000001,46.54900000000001,47.005,14590420
2021-02-11,47.369,47.935,46.91901,47.839,17123540
2021-02-12,47.838,48.702,47.4885,48.632000000000005,13551910
2021-02-16,49.087500000000006,49.478,48.702,48.913000000000004,15163380
2021-02-17,48.423,48.612,47.506,48.248000000000005,14085890
2021-02-18,48.023,48.541000000000004,47.51272,48.326,16714530
2021-02-19,48.725,49.514,48.676500000000004,48.996,17994490
2021-02-22,48.400000000000006,48.661,47.5315,47.636,16967050
2021-02-23,47.114000000000004,47.462,45.606,47.19,21306080
2021-02-24,46.768,48.141000000000005,46.266000000000005,48.088,15125300
2021-02-25,47.475,47.9375,45.521,45.71600000000001,23147970
2021-02-26,46.753,47.576,46.074000000000005,46.987,22643470
2021-03-01,47.97,49,47.386,48.958,24682390
2021-03-02,49.037000000000006,49.08599,47.96000000000001,48.051,18545740
2021-03-03,47.800000000000004,48.13899000000001,46.197,46.306000000000004,23991340
2021-03-04,46.167,46.7,44.143,44.359,34574690
2021-03-05,45.425000000000004,45.6,43.300000000000004,45.014,42414000
2021-03-08,44.683,44.796,41.926,42.125,45243280
2021-03-09,43.569,44.69,43.06,44.36000000000001,37884490
2021-03-10,44.73500000000001,45.403,43.510000000000005,43.759,19914280
2021-03-11,44.902,45.745000000000005,44.209230000000005,45.369,26169550
2021-03-12,44.536,45.349000000000004,44.45191,45.117000000000004,18906070
2021-03-15,45.518,47.123000000000005,45.319,47.077,31299370
2021-03-16,47.127,48.400000000000006,46.7405,47.818000000000005,31190150
2021-03-17,47.03,48.727000000000004,47.001000000000005,48.359,23753580
2021-03-18,47.456,48.33500000000001,46.375,46.415,28743290
2021-03-19,45.705000000000005,47.667500000000004,45.410000000000004,47.446,108602500
2021-03-22,47.291000000000004,48.128,47.167,47.528,31807050
2021-03-23,47.378,47.537000000000006,46.265,46.406000000000006,24711880
2021-03-24,46.945,46.999,45.687000000000005,45.727000000000004,20882740
2021-03-25,45.496,46.402,44.931000000000004,46.17,17538680
2021-03-26,45.664,48.300000000000004,45.664,48.20400000000001,28924530
2021-03-29,48.04,48.11600000000001,46.827,47.262,28411040
2021-03-30,46.388000000000005,46.400000000000006,45.162000000000006,45.61600000000001,27935200
2021-03-31,45.900000000000006,46.707,45.24,46.36600000000001,28684420
2021-04-01,47.207,47.658,46.92,47.595,23529510
2021-04-05,48.03,48.9635,47.682,48.848000000000006,22965660
2021-04-06,48.3115,48.822,47.774,48.387,18063000
2021-04-07,48.001000000000005,48.391000000000005,47.800000000000004,48.246,12073830
2021-04-08,48.798,48.798,48.012,48.548,18121020
2021-04-09,48,48.531000000000006,47.654,48.509,16617460
2021-04-12,48.193000000000005,48.54199,47.86000000000001,48.367000000000004,23247760
2021-04-13,48.5,48.822,48.028940000000006,48.496,15281100
2021-04-14,48.24700000000001,48.919000000000004,47.519000000000005,47.730000000000004,18223410
2021-04-15,48.164,48.23147,47.678,48,18371110
2021-04-16,48.048,48.178,47.678,47.879000000000005,16263840
2021-04-19,47.653,47.68000000000001,46.005,46.2,26318920
2021-04-20,46.001000000000005,46.202870000000004,45.45400000000001,45.726,19128400
2021-04-21,45.522000000000006,46.034,45.260000000000005,45.979000000000006,25949370
2021-04-22,45.510000000000005,46.114000000000004,44.900000000000006,45.511,27057740
2021-04-23,45.849000000000004,46.785000000000004,45.75,46.613,22891670
2021-04-26,46.702040000000004,47.3825,46.357310000000005,47.185,18271570
2021-04-27,47.370000000000005,47.426,46.506,46.635000000000005,13267210
2021-04-28,46.537000000000006,46.59700000000001,45.605000000000004,45.92,15939720
2021-04-29,46.969,46.969,45.903,46.629000000000005,14649940
2021-04-30,45.971000000000004,46.07331,45.384,45.620000000000005,19367640
2021-05-03,45.975,45.984,44.828,45.014,15097650
2021-05-04,44.72200000000001,44.77,43.731,44.45400000000001,23497230
2021-05-05,45.0414,45.144000000000005,44.237,44.383,16389810
2021-05-06,44.38,44.909,43.984,44.858000000000004,13496370
2021-05-07,45.459,45.838,44.92,45.258,11711640
2021-05-10,44.838,44.8532,43.5765,43.61000000000001,25238500
2021-05-11,42.5,44.176,42.30500000000001,44.007000000000005,17889130
2021-05-12,42.9286,43.086000000000006,41.914,42.238,29943190
2021-05-13,42.989000000000004,43.482,42.564,43.06,21842210
2021-05-14,43.639,44.512,43.205000000000005,44.162000000000006,16966130
2021-05-17,44.214,44.214,43.284,43.994,15724420
2021-05-18,44.392,44.44375,43.328,43.374,17824480
2021-05-19,42.6,44.25,42.57,44.172000000000004,21369310
2021-05-20,44.575,45.93000000000001,44.533,45.5,21888920
2021-05-21,45.79900000000001,45.79900000000001,44.934,45.124,13218150
2021-05-24,45.69200000000001,46.244,45.63550000000001,45.919000000000004,14422590
2021-05-25,46.19,46.296,45.6495,45.95400000000001,9600270
2021-05-26,46.077,46.21000000000001,45.553,46.04900000000001,9874090
2021-05-27,46,46.844,45.9645,46.768,19098350
2021-05-28,47,47.462,46.768,47.233000000000004,19947620
2021-06-01,47.544000000000004,47.79999000000001,46.72,46.831,16277350
2021-06-02,47.183,47.77,46.947,47.373000000000005,13286400
2021-06-03,46.88,46.976,46.326,46.480000000000004,20388960
2021-06-04,47.050000000000004,47.84,46.952,47.5,23867160
2021-06-07,47.300000000000004,47.44800000000001,46.24700000000001,46.378,24141600
2021-06-08,46.80500000000001,47.239000000000004,46.351,46.353,16615650
2021-06-09,46.719,46.719,46.1715,46.393,12127810
2021-06-10,46.550000000000004,46.95400000000001,46.021,46.867000000000004,15415040
2021-06-11,46.844,47.213,46.7145,47.07,14508400
2021-06-14,47.04900000000001,47.59,46.606,47.583,14676170
2021-06-15,47.656000000000006,47.657000000000004,46.855000000000004,47.074000000000005,11131220
2021-06-16,47.027,47.112,46.148,46.575,20438030
2021-06-17,46.488,47.524,46.394000000000005,47.117000000000004,20880790
2021-06-18,46.727000000000004,46.975500000000004,46.0505,46.35,28536890
2021-06-21,46.117000000000004,46.538000000000004,45.844,46.461000000000006,18591790
2021-06-22,46.658,46.858000000000004,46.132000000000005,46.445,13721970
2021-06-23,46.386,46.7875,46.30350000000001,46.666000000000004,17674120
2021-06-24,46.989000000000004,47.365,46.86000000000001,47.006,12502720
2021-06-25,47.135000000000005,47.245000000000005,46,46.22,19099570
2021-06-28,46.6,47.629000000000005,46.551,47.28,13986740
2021-06-29,47.237,47.731,47.074000000000005,47.715,14184300
2021-06-30,47.813,47.859,47.2525,47.684,15382680
2021-07-01,47.784,47.784,46.893,46.964,11153740
2021-07-02,47.6771,47.858000000000004,45.571,46.81700000000001,37058590
2021-07-06,47.04,47.675000000000004,46.830000000000005,47.328,13871360
2021-07-07,47.5,47.536,46.637,46.95400000000001,12581750
2021-07-08,46.44200000000001,47.108000000000004,46.156000000000006,47.050000000000004,16011600
2021-07-09,46.957,48.088,46.803,48.018,16783440
2021-07-12,48.132000000000005,49.402,47.326,48.575,33141610
2021-07-13,48.533,48.753,48.2,48.401,11806460
2021-07-14,48.92,49.2,48.0745,48.159,14019870
2021-07-15,48.328,48.445,47.312000000000005,47.734,12624880
2021-07-16,47.906000000000006,48.028,46.726,46.807,13981470
2021-07-19,46.348000000000006,46.59700000000001,45.75901,46.56700000000001,14938780
2021-07-20,46.789,47.225,46.327,46.859,20727790
2021-07-21,46.963,47.928,46.85,47.902,13660680
2021-07-22,47.660000000000004,47.899,47.451,47.633,12583960
2021-07-23,48.003,48.358000000000004,47.683,48.315,13489200
2021-07-26,48.21600000000001,48.362,47.968,48.224000000000004,11160870
2021-07-27,48.076,48.181000000000004,46.780010000000004,47.536,14715210
2021-07-28,47.67,47.908,47.432,47.765,8361850
2021-07-29,47.8465,48.582530000000006,47.744,48.411,9161720
2021-07-30,48.196,48.634,47.957,48.54,11548270
2021-08-02,48.905,49.46000000000001,48.351,48.468,15621640
2021-08-03,48.54900000000001,48.7755,47.996,48.679,11134830
2021-08-04,48.853,48.998000000000005,48.401,48.78,12124190
2021-08-05,49.043000000000006,49.043000000000006,48.488600000000005,48.767,8372720
2021-08-06,48.507000000000005,48.812000000000005,48.403,48.543000000000006,9964630
2021-08-09,48.649,48.683,48.1,48.468,5953900
2021-08-10,48.59,48.645,47.783,48.226,9320060
2021-08-11,48.48119,48.59700000000001,47.97874,48.355000000000004,9816020
2021-08-12,48.228,48.5,47.673100000000005,48.426,8702010
2021-08-13,48.261,48.897000000000006,48.211000000000006,48.61600000000001,8582270
2021-08-16,48.483000000000004,48.891180000000006,48.44,48.814,9188620
2021-08-17,48.559,48.62200000000001,47.452,47.869,16500870
2021-08-18,47.665,47.708,46.834500000000006,46.897000000000006,15616430
2021-08-19,46.635000000000005,47.583,46.266000000000005,47.353,14043680
2021-08-20,47.282000000000004,47.623000000000005,47.044000000000004,47.517,10008070
2021-08-23,47.633,48.619,47.569500000000005,48.245000000000005,15707410
2021-08-24,48.24,48.304,48.016000000000005,48.143,9429230
2021-08-25,48.1565,48.627,48.1565,48.34100000000001,10016930
2021-08-26,48.300000000000004,48.81100000000001,48.06,48.574000000000005,10837640
2021-08-27,48.801,49.644470000000005,48.664,49.594,16460770
2021-08-30,50,50.785000000000004,49.82537,49.889,19613640
2021-08-31,50.129000000000005,50.129000000000005,49.27,49.721000000000004,17380400
2021-09-01,49.627,49.92400000000001,49.2885,49.316,12585890
2021-09-02,49.57900000000001,49.598000000000006,49.016000000000005,49.19,17122490
2021-09-03,49.59100000000001,50.6,49.5043,49.768,25204670
2021-09-07,49.760000000000005,49.760000000000005,49.1,49.659,12399440
2021-09-08,49.962,49.989000000000004,48.81100000000001,49.438,13986750
2021-09-09,49.28497,49.8698,49.28497,49.349000000000004,13175030
2021-09-10,49.705000000000005,50.599000000000004,49.651,49.815,16110290
2021-09-13,50.2,50.24700000000001,49.32605,49.896,14929820
2021-09-14,50.2,50.542,49.836000000000006,50.187000000000005,14134100
2021-09-15,50.212,51.07,49.94200000000001,50.974000000000004,23345780
2021-09-16,50.52,50.915,50.02068,50.73500000000001,17569170
2021-09-17,50.397000000000006,50.762,50.1,50.6,34469680
2021-09-20,49.900000000000006,50.300000000000004,48.844,49.482,30105470
2021-09-21,49.349000000000004,49.375,48.7,49.099000000000004,16936220
2021-09-22,49.425000000000004,50.300000000000004,49.22200000000001,50.059,20610430
2021-09-23,50.251000000000005,50.729000000000006,50.059,50.43000000000001,18370270
2021-09-24,50.227000000000004,50.550000000000004,50.083,50.492000000000004,10607930
2021-09-27,49.9776,50.582,49.738,50.48500000000001,9830990
2021-09-28,49.7,50.145,49.054,49.102000000000004,20124090
2021-09-29,49.363,49.427,48.765,48.94800000000001,15783670
2021-09-30,49.452,49.452,48.448010000000004,48.493,15735390
2021-10-01,48.785000000000004,48.86600000000001,47.75,48.73500000000001,16051750
2021-10-04,48.493,48.656000000000006,47.278,47.595,20092840
2021-10-05,47.594,48.979000000000006,47.533,48.542,16557980
2021-10-06,48.313,48.935,47.97,48.878,12041690
2021-10-07,49.263000000000005,49.99,49.263000000000005,49.392,13260880
2021-10-08,49.682,49.800000000000004,49.128,49.285000000000004,10279840
2021-10-11,49.124,49.959,49.08500000000001,49.234,11188040
2021-10-12,49.584,49.67,48.20201,48.528,20990540
2021-10-13,48.117000000000004,48.538000000000004,47.955000000000005,48.501000000000005,16425330
2021-10-14,49.18600000000001,49.915,49.081500000000005,49.760000000000005,19232970
2021-10-15,50.440400000000004,50.586000000000006,50.108000000000004,50.325,25104610
2021-10-18,50.039,50.398,49.86600000000001,50.336000000000006,16042420
2021-10-19,50.432,51.087,50.177,51.039,16383060
2021-10-20,51.1,51.342999999999996,50.844,50.939,13458450
2021-10-21,50.94200000000001,51.479,50.86000000000001,51.415,11786790
2021-10-22,51.474199999999996,52.138000000000005,51.302,51.541,15367390
2021-10-25,51.749,52.45,51.518,52.20700000000001,12415540
2021-10-26,52.52250000000001,53.499,52.400000000000006,53.387,24043040
2021-10-27,53.18200000000001,53.607000000000006,52.18600000000001,52.31100000000001,23500340
2021-10-28,52.414,52.995000000000005,52.342999999999996,52.95700000000001,11875230
2021-10-29,52.35,53.215,52.35,53.167,15564290
2021-11-01,53.03360000000001,53.25751,52.492999999999995,52.805,16895980
2021-11-02,52.7447,54.08200000000001,52.668,53.70700000000001,16263000
2021-11-03,53.905300000000004,54.3795,53.377,54.237,14037840
2021-11-04,54.379999999999995,54.90700000000001,54.0925,54.862,15958040
2021-11-05,55,55.967,54.980999999999995,55.891999999999996,18673510
2021-11-08,56.197,56.389,55.81,55.89500000000001,17233650
2021-11-09,55.91900000000001,56.19009,55.514,55.78,15838430
2021-11-10,55.43,56.09022,54.805,54.877,18448240
2021-11-11,55.269000000000005,55.712,54.881,55.54,14157010
2021-11-12,55.841,56.584,55.459,56.322,13592220
2021-11-15,56.769000000000005,56.769000000000005,55.98301000000001,56.577,13972390
2021-11-16,56.409000000000006,56.953,56.274,56.877,13194040
2021-11-17,56.814,57.13564,56.410000000000004,56.964,12532940
2021-11-18,57.11000000000001,57.673,56.964,57.480999999999995,12713330
2021-11-19,57.628099999999996,57.721000000000004,56.592999999999996,56.87200000000001,19630320
2021-11-22,57.168,57.204,55.248000000000005,55.328,25900560
2021-11-23,55.242,55.586000000000006,54.853,55.512,17109890
2021-11-24,55.32300000000001,55.90800000000001,54.739000000000004,55.873000000000005,12087250
2021-11-26,55.177,55.73,54.332010000000004,54.659000000000006,14219030
2021-11-29,55.620000000000005,56.754999999999995,55.367999999999995,56.434000000000005,18703450
2021-11-30,56.327,56.499,55.2,55.367999999999995,22577490
2021-12-01,56.348000000000006,56.84799000000001,55.333000000000006,55.476,21982880
2021-12-02,54.607000000000006,55.911,54.400000000000006,55.245000000000005,22618720
2021-12-03,56.49450000000001,56.900000000000006,55.04,55.812000000000005,20307390
2021-12-06,56.46474,56.837289999999996,55.595000000000006,56.498000000000005,22482290
2021-12-07,57.2,59.30700000000001,57.2,59.04,29562070
2021-12-08,59.09400000000001,59.09400000000001,58.242999999999995,58.855999999999995,17997650
2021-12-09,58.245000000000005,59.02397,58.245000000000005,58.342,29079600
2021-12-10,62.398,64.47499,61.85900000000001,63.168,57086650
2021-12-13,63.400000000000006,63.442,62.123000000000005,62.166,26898300
2021-12-14,61.784000000000006,61.861990000000006,60.564,61.491,35956350
2021-12-15,61.55700000000001,64.086,61.034000000000006,63.986000000000004,29091680
2021-12-16,63.736000000000004,64.06556,61.150000000000006,62.068,42748420
2021-12-17,61.753,63.999,61.510000000000005,63.49600000000001,50753100
2021-12-20,62.629999999999995,64.60900000000001,62.50900000000001,64.503,32770470
2021-12-21,64.81,64.947,63.33,64.62400000000001,36533890
2021-12-22,64.33200000000001,65.716,63.926,65.52000000000001,28382930
2021-12-23,65.613,67.07300000000001,65.613,66.48,23596250
2021-12-27,66.48,67.63,66.44600000000001,67.428,19445030
2021-12-28,67.755,67.776,66.70300999999999,66.9,17250410
2021-12-29,66.97970000000001,67.7,66.912,67.26100000000001,14799570
2021-12-30,67.31,67.57000000000001,66.384,66.50800000000001,11473140
2021-12-31,66.697,67.131,66.327,66.541,12046140
2022-01-03,66.63170000000001,67.17,66.122,66.33200000000001,22599500
2022-01-04,66.28750000000001,67.21862,65.72250000000001,67.092,21102770
2022-01-05,67.12100000000001,67.12100000000001,64.20100000000001,64.3,34961110
2022-01-06,64.016,64.865,63.443,63.703,28581300
2022-01-07,63.58500000000001,63.991,61.846000000000004,61.915,27831730
2022-01-10,60.886,62.204,60.357000000000006,62.116,29793380
2022-01-11,61.554,62.800000000000004,61.45700000000001,62.205,19036530
2022-01-12,62.751000000000005,63.099000000000004,61.974000000000004,62.2,18806390
2022-01-13,62.74700000000001,62.788000000000004,59.415,59.71900000000001,30047920
2022-01-14,59.578,60.038000000000004,59.2,59.637,25662830
2022-01-18,58.83200000000001,59.104,57.599000000000004,57.778999999999996,35837060
2022-01-19,58.15800000000001,58.473000000000006,56.333000000000006,56.397000000000006,22691720
2022-01-20,56.800000000000004,57.014,54.677,54.772000000000006,25224780
2022-01-21,54.664,55.54,53.13400000000001,53.32300000000001,38010470
2022-01-24,53.089,54.351,51.34,54.15800000000001,54267240
2022-01-25,52.800000000000004,54.54,52.422000000000004,53.414,38158240
2022-01-26,55.2,57.417,55.007000000000005,55.712,49714870
2022-01-27,56.97200000000001,57.0255,54.1025,54.230999999999995,34209550
2022-01-28,54.336000000000006,56.050000000000004,53.239000000000004,56.010000000000005,30253630
2022-01-31,55.94,58.637,55.6,58.588,40288460
2022-02-01,58.587,59.39,57.582280000000004,59.272000000000006,25719480
2022-02-02,59.900000000000006,60.48,59.3631,60.342999999999996,24443380
2022-02-03,59.567,59.902,58.012,58.08500000000001,30601760
2022-02-04,57.638000000000005,59.653,57.614000000000004,59.016,20548440
2022-02-07,59.016,60.15800000000001,58.416,58.763000000000005,18673020
2022-02-08,58.838,60.185,58.699000000000005,60.022000000000006,14571740
2022-02-09,60.735299999999995,61.172000000000004,60.156,61.13400000000001,22003610
2022-02-10,59.53,61.464,58.857000000000006,59.136,24919540
2022-02-11,59.136,59.976,56.907500000000006,57.342,27280640
2022-02-14,57.5,58.28117,57.007000000000005,57.858000000000004,19290910
2022-02-15,58.903,60.6039,58.825,60.277,34284370
2022-02-16,59.406,60.080999999999996,58.72200000000001,59.721000000000004,22931430
2022-02-17,58.970000000000006,59.15800000000001,57.889,57.900000000000006,21424340
2022-02-18,58.09400000000001,58.774,57.328,57.999,19707720
2022-02-22,57.999,59.02100000000001,56.980999999999995,57.74600000000001,20204210
2022-02-23,58.023,58.507000000000005,56.474000000000004,56.519000000000005,22416460
2022-02-24,55.15800000000001,58.56900000000001,54.902,58,35316190
2022-02-25,57.983000000000004,58.938,57.400000000000006,58.801,22380030
2022-02-28,58.1,59.23,57.638000000000005,58.74400000000001,25004870
2022-03-01,58.479,58.762,56.53,57.012,24898100
2022-03-02,57.452,59.053,57.358000000000004,58.578,21771310
2022-03-03,59.367999999999995,59.370000000000005,57.43300000000001,57.86000000000001,26453970
2022-03-04,59.278999999999996,60.591,58.401,59.599000000000004,44761930
2022-03-07,59.708000000000006,59.878,57,57.07000000000001,26493630
2022-03-08,57.217,59.605,56.361000000000004,57.595000000000006,26992610
2022-03-09,58.879,60.1635,58.7,59.702,22560490
2022-03-10,58.556,59.002,57.637,58.773,19323640
2022-03-11,59.2,59.44299,57.712,57.785000000000004,19815340
2022-03-14,57.696000000000005,57.998000000000005,56.475,56.78,25233900
2022-03-15,57.727000000000004,59.676,57.504,59.276,28259880
2022-03-16,59.665,60.770500000000006,58.406,60.712,29453720
2022-03-17,60.47200000000001,60.7,59.763000000000005,60.266999999999996,18174020
2022-03-18,60.397000000000006,61.321000000000005,59.599000000000004,61.041,41537880
2022-03-21,60.56,60.56,58.886,60.129,25789300
2022-03-22,60.172000000000004,61.35,59.93300000000001,61.13400000000001,19261800
2022-03-23,60.800000000000004,61.137,59.916,59.938,13838860
2022-03-24,60.663000000000004,62.72169,60.2,62.643,26015800
2022-03-25,62.708000000000006,63.0405,62.00650000000001,62.887,14540870
2022-03-28,62.588,63.33,61.578,63.288000000000004,14428610
2022-03-29,64,64.53099999999999,63,64.147,23001380
2022-03-30,63.887,64.429,62.733000000000004,63.10900000000001,18626200
2022-03-31,63.048,63.89999,62.805,62.967999999999996,21730510
2022-04-01,63.16900000000001,63.45700000000001,61.86900000000001,62.69800000000001,16266850
2022-04-04,62.6425,63.672000000000004,62.4515,63.48500000000001,16485730
2022-04-05,62.955,63.22639000000001,61.300000000000004,61.412000000000006,19777820
2022-04-06,60.208000000000006,61.159000000000006,59.377,60.2,23742370
2022-04-07,59.983000000000004,60.76437,59.324000000000005,60.305,16583330
2022-04-08,59.738,59.85900000000001,58.59700000000001,58.7,20463970
2022-04-11,58.25800000000001,58.928,57.943,58.06100000000001,23512400
2022-04-12,58.911,59.85850000000001,58.217,58.507000000000005,17349930
2022-04-13,58.85,59.67100000000001,58.605,59.254,20267600
2022-04-14,59.499,59.705999999999996,57.286,57.385000000000005,27384710
2022-04-18,57.285000000000004,59.12200000000001,57.285000000000004,58.650000000000006,21374530
2022-04-19,57.93600000000001,59.86950000000001,57.93600000000001,59.762,16582420
2022-04-20,60.42000000000001,61.342999999999996,59.513000000000005,59.772000000000006,13919900
2022-04-21,60.554,61.587,59.066,59.273,20352110
2022-04-22,59.011,59.874,58.626000000000005,58.69500000000001,21065190
2022-04-25,58.149,58.876000000000005,57.112,58.788000000000004,26959070
2022-04-26,58.379999999999995,58.54600000000001,55.971000000000004,56.007000000000005,35808910
2022-04-27,55.579,57.00750000000001,55.5,55.954,19313240
2022-04-28,56.59400000000001,58.502,55.797000000000004,57.894000000000005,22334000
2022-04-29,57.262,57.82806000000001,55.3395,55.439,26110060
2022-05-02,55.714,57.764,55.638000000000005,57.635000000000005,26724710
2022-05-03,57.601,58.675000000000004,57.176660000000005,58.117,17064490
2022-05-04,58.179,60.40700000000001,57.398,60.366,23895850
2022-05-05,59.423,59.786500000000004,57.4285,57.999,32806490
2022-05-06,57.49400000000001,58.998000000000005,56.943,58.010000000000005,20747000
2022-05-09,57.288000000000004,57.800000000000004,56.027,56.292,30073880
2022-05-10,58.04900000000001,59.115,57.18,58.139,29273110
2022-05-11,57.458000000000006,58.46900000000001,56.586000000000006,56.711000000000006,26659510
2022-05-12,56.34,57.361000000000004,55.826,57.15700000000001,25517750
2022-05-13,57.705,59.159000000000006,57.35,58.824000000000005,19450850
2022-05-16,58.438,58.914,57.765,58.266999999999996,14190840
2022-05-17,59.54500000000001,60.900000000000006,59.361000000000004,60.815,24676040
2022-05-18,60,60.072,56.617999999999995,57.05700000000001,35024330
2022-05-19,55.800000000000004,56.075,53.89600000000001,54.62100000000001,34884210
2022-05-20,55.39,55.499,51.24400000000001,54.31900000000001,40281030
2022-05-23,52.400000000000006,53.55700000000001,51.426,52.636,58585800
2022-05-24,52.666,52.887,51.61900000000001,52.42000000000001,25060190
2022-05-25,52.39,53.745000000000005,52.39,53.163000000000004,17842250
2022-05-26,53.153999999999996,55.45700000000001,52.772000000000006,55.066,39742830
2022-05-27,56.209,58.545500000000004,56.001000000000005,58.328,37301140
2022-05-31,58.45,58.7025,57.6,58.013000000000005,30009400
2022-06-01,58.75800000000001,59.09400000000001,56.842999999999996,57.362,18344810
2022-06-02,57.775000000000006,57.777,56.813,57.67400000000001,29489390
2022-06-03,56.887,56.96000000000001,56.098000000000006,56.33200000000001,20561710
2022-06-06,57.152,57.272000000000006,55.754,56.123000000000005,14556780
2022-06-07,56.054,57.454,55.753,57.29900000000001,15894910
2022-06-08,57.18200000000001,57.627,56.214,56.536,24005040
2022-06-09,56.116,57.364000000000004,55.592999999999996,55.62200000000001,18787400
2022-06-10,55.00900000000001,55.10431,53.972190000000005,54.127,24024360
2022-06-13,52.678,53.300000000000004,51.6021,51.762,31619050
2022-06-14,52.49700000000001,52.49700000000001,51.459,52.016999999999996,24381730
2022-06-15,52.915,53.38300000000001,51.552,52.67100000000001,19140540
2022-06-16,51.195,51.443,49.2275,49.718,37244420
2022-06-17,49.5,50.036,48.787000000000006,49.865,43503960
2022-06-21,50.408,51.09100000000001,50.289,50.377,21900650
2022-06-22,49.631,50.377,49.42,49.61000000000001,24721170
2022-06-23,50.175000000000004,50.175000000000004,49.101,49.658,16707760
2022-06-24,50.5,51.18000000000001,50.1445,50.909,21201400
2022-06-27,51.379999999999995,51.4035,50.282000000000004,50.571,13207180
2022-06-28,51.261,51.415,49.810500000000005,49.845,15669040
2022-06-29,49.548,49.593,48.667,49.041000000000004,14443970
2022-06-30,48.803,49.374,48.071,48.581,18889970
2022-07-01,47.941,48.426500000000004,46.943000000000005,47.784,21316930
2022-07-05,47.2,47.693000000000005,46.391000000000005,47.63,20716000
2022-07-06,48.053,48.705000000000005,47.550000000000004,48.261,22975990
2022-07-07,48.81100000000001,50.139,48.81100000000001,49.854000000000006,21318870
2022-07-08,49.29900000000001,49.963,49.00001,49.869,12713380
2022-07-11,48.949000000000005,49.162000000000006,48.098000000000006,48.286,21481410
2022-07-12,48.782000000000004,49.260000000000005,48.007000000000005,48.137,21160950
2022-07-13,47.498000000000005,48.56363,47.228750000000005,48.173,17667460
2022-07-14,48.245000000000005,48.668000000000006,47.34254000000001,48.464,19956820
2022-07-15,49.083,49.474000000000004,48.613,49.446,18713750
2022-07-18,50.016000000000005,50.240990000000004,48.819,49.106,18042340
2022-07-19,49.68000000000001,51.135000000000005,49.589,50.900000000000006,27257070
2022-07-20,50.95400000000001,51.761,50.447010000000006,51.177,27411730
2022-07-21,51.254999999999995,51.781,50.602000000000004,51.768,13911500
2022-07-22,51.881,51.979,50.668000000000006,51.252,17866840
2022-07-25,51.046,51.33200000000001,50.65317,51.31100000000001,15060530
2022-07-26,51.463,51.681,50.892,51.109,17957820
2022-07-27,51.82000000000001,53.019000000000005,51.693,52.778999999999996,25528440
2022-07-28,52.85900000000001,53.6515,52.05800000000001,53.361000000000004,14867450
2022-07-29,53.19800000000001,53.78300000000001,53.027,53.548,18482870
2022-08-01,53.143,53.978530000000006,53.04400000000001,53.637,11485390
2022-08-02,53.322,53.92000000000001,52.723000000000006,53.12100000000001,13072310
2022-08-03,53.528999999999996,54.800000000000004,53.412000000000006,54.67400000000001,19228160
2022-08-04,54.841,55.315,54.501000000000005,55.28,16292510
2022-08-05,54.49,55.2,54.328,55.144000000000005,14357440
2022-08-08,54.935,55.29900000000001,53.874,54.553,13728210
2022-08-09,53.909000000000006,53.935,52.775000000000006,53.28,20074170
2022-08-10,54.605999999999995,55.102000000000004,53.92400000000001,55.041,19518720
2022-08-11,55.39500000000001,55.7765,54.425000000000004,54.543,14270350
2022-08-12,54.781,55.841,54.565,55.82300000000001,18400200
2022-08-15,55.423,55.9785,55.050000000000004,55.89600000000001,14329650
2022-08-16,55.752,55.79400000000001,54.601,55.165,14783840
2022-08-17,54.437000000000005,54.471000000000004,53.104,53.85900000000001,19022210
2022-08-18,54.341,56.056,54.163000000000004,55.845000000000006,23459590
2022-08-19,55.086000000000006,55.55800000000001,54.787000000000006,54.842999999999996,16924550
2022-08-22,54.257000000000005,54.309000000000005,52.705,52.875,18555840
2022-08-23,53.385000000000005,53.762,52.891,52.978,9003170
2022-08-24,52.955999999999996,53.129999999999995,52.344010000000004,53.084,11884960
2022-08-25,53.345000000000006,55.048,53.226,55.013000000000005,17345230
2022-08-26,54.883500000000005,55.099000000000004,52,52.086000000000006,25682560
2022-08-29,52,52.274,51.2,51.418,16580150
2022-08-30,51.684000000000005,51.791,50.139,50.639,18281670
2022-08-31,51.016000000000005,51.016000000000005,49.654,49.911,32444690
2022-09-01,49.147000000000006,49.32900000000001,48.084,49.201,31930460
2022-09-02,51.800000000000004,51.980999999999995,49.830000000000005,50.022000000000006,40425870
2022-09-06,49.853,50.400000000000006,49.037000000000006,49.82,24738550
2022-09-07,50.291000000000004,50.943000000000005,49.908,50.513000000000005,20440270
2022-09-08,50.260000000000005,51.274,49.8695,51.193000000000005,22534770
2022-09-09,51.54400000000001,52.59700000000001,51.54400000000001,52.24,23018880
2022-09-12,52.675000000000004,53.126000000000005,52.455999999999996,52.906,18158000
2022-09-13,51.38400000000001,51.827,50.168000000000006,50.365,35136030
2022-09-14,50.713,51.300000000000004,50.277,51.075,20604500
2022-09-15,50.893,51.156000000000006,49.728,50.014,36573610
2022-09-16,49.772000000000006,50.369,48.986000000000004,50.25,59012140
2022-09-19,49.44200000000001,50.339,49.44200000000001,50.184,17948260
2022-09-20,49.6,49.883,48.97200000000001,49.306000000000004,17131640
2022-09-21,49.099000000000004,49.988,48.177,48.214,20669130
2022-09-22,48.243,48.321,47.300000000000004,47.761,23539990
2022-09-23,47.495000000000005,47.79900000000001,46.2,46.868,29649070
2022-09-26,46.898,47.330000000000005,46.131,46.226,19360950
2022-09-27,46.955000000000005,46.989000000000004,45.651,46.475,17851610
2022-09-28,46.134,46.875,45.635000000000005,46.596000000000004,27605440
2022-09-29,46.09,46.137,44.488,45.013000000000005,39996620
2022-09-30,44.906000000000006,45.78185,44.3635,44.401,27202200
2022-10-03,44.92400000000001,46.09536,44.6965,45.678,21478930
2022-10-04,46.85,48.016000000000005,46.586000000000006,47.986000000000004,27276960
2022-10-05,47.255,48.80861,47.146,48.480000000000004,18493240
2022-10-06,48.379000000000005,48.97,47.8715,47.95,17250000
2022-10-07,47.238,47.334,45.902,46.048,28425460
2022-10-10,46,46.010000000000005,43.184,43.77,33454120
2022-10-11,43.52,43.870000000000005,42.558,43.076,28046330
2022-10-12,43.225,43.572,42.801,43.057,15046250
2022-10-13,41.742000000000004,44.377,41.506820000000005,43.797000000000004,27984380
2022-10-14,44.328,44.396,42.641000000000005,42.71000000000001,22816710
2022-10-17,43.955000000000005,44.124,43.339,43.537000000000006,24120090
2022-10-18,44.821,44.855000000000004,43.016000000000005,43.483000000000004,20340870
2022-10-19,43.32300000000001,43.830000000000005,43.088,43.53,12702350
2022-10-20,43.513000000000005,44.219,42.814,43.03,23403190
2022-10-21,43.209,45.066,42.917,44.973000000000006,26979680
2022-10-24,45.273,45.87899,45.111000000000004,45.652,25287010
2022-10-25,45.79900000000001,46.426,45.683,46.007000000000005,18246090
2022-10-26,45.79900000000001,47.1755,45.5343,46.118,29315190
2022-10-27,46.605000000000004,47.077,45.49101,45.54,18511860
2022-10-28,45.696,47.434,45.5645,47.29,23096080
2022-10-31,46.685,47.281000000000006,46.50101000000001,47.012,19258610
2022-11-01,47.5795,47.682500000000005,46.31700000000001,46.79,16324380
2022-11-02,47.028,48.045,45.572,45.603,21091310
2022-11-03,45.094,45.28593000000001,44.136,44.412000000000006,23887270
2022-11-04,45.68600000000001,46.889,45.328,46.53,28890540
2022-11-07,46.677,47.774,46.157000000000004,47.522000000000006,17687450
2022-11-08,48.124500000000005,48.88,47.35,48.211000000000006,20743210
2022-11-09,47.85,47.900000000000006,46.903,46.947,23695090
2022-11-10,49.1,50.717000000000006,48.7192,50.657000000000004,33970280
2022-11-11,50.480000000000004,51.900000000000006,50.2,51.809000000000005,26728320
2022-11-14,51.539,52.502,51.300000000000004,51.322,21601820
2022-11-15,52.99600000000001,53.257000000000005,51.591,52.442,23315390
2022-11-16,51.672000000000004,51.854,51.028,51.173,25405040
2022-11-17,50.5,51.273990000000005,50.314,51.211000000000006,20385030
2022-11-18,51.687000000000005,51.773,51.1,51.516,14538710
2022-11-21,51.29400000000001,52.08500000000001,51.111000000000004,51.74400000000001,18621620
2022-11-22,52.297000000000004,53.028,51.901,53.004999999999995,18919680
2022-11-23,53.035000000000004,54.148,52.879999999999995,53.364000000000004,13967170
2022-11-25,53.06900000000001,53.458000000000006,52.94800000000001,52.991,7455390
2022-11-28,52.524,52.876000000000005,51.624,52.221000000000004,23510640
2022-11-29,52.300000000000004,52.58500000000001,51.483000000000004,52.139,12695850
2022-11-30,52.411,55.166,51.78300000000001,55.103,47349390
2022-12-01,55.103,55.242,54.19550000000001,55.075,23006450
2022-12-02,53.705,54.27000000000001,53.608000000000004,54.08,19319530
2022-12-05,53.777,53.94800000000001,52.548500000000004,53.064,18549830
2022-12-06,53.065,53.357000000000006,52.175000000000004,52.58200000000001,19655130
2022-12-07,51.96000000000001,52.49985000000001,51.605,51.85,16523850
2022-12-08,52.080999999999996,53.242,52.03848000000001,53.108000000000004,27514310
2022-12-09,55.09400000000001,55.264,54.1,54.47200000000001,37028300
2022-12-12,54.475,55.687000000000005,54.224000000000004,55.663000000000004,23418420
2022-12-13,57.58200000000001,58.184000000000005,56.503,57.104,40416290
2022-12-14,56.855,58.565,56.773,57.44400000000001,35218310
2022-12-15,56.378,56.64876000000001,55.77000000000001,55.800000000000004,36903330
2022-12-16,55.745000000000005,55.98,55.087,55.591,49548980
2022-12-19,55.402,55.648,54.572,54.963,25093180
2022-12-20,54.516999999999996,54.900000000000006,54.091499999999996,54.402,29830550
2022-12-21,54.766999999999996,56.191,54.69500000000001,56.123000000000005,25619120
2022-12-22,55.33500000000001,55.49400000000001,54.720000000000006,55.309000000000005,27554130
2022-12-23,55,55.36175,54.745000000000005,55.242999999999995,13761020
2022-12-27,55.155,55.810500000000005,54.69400000000001,55.354,16677040
2022-12-28,55.164,55.777,54.245000000000005,54.489000000000004,15411560
2022-12-29,55.185,56.260000000000005,55.05006,55.781,18176060
2022-12-30,55.18200000000001,55.965,54.801,55.913000000000004,14377250
2023-01-03,56.5,56.757000000000005,55.079,55.348000000000006,20173140
2023-01-04,56.29900000000001,56.816,55.603,56.024,17073590
2023-01-05,55.571000000000005,55.98400000000001,55.112,55.502,16278850
2023-01-06,56.312000000000005,59.1,56.2305,58.842999999999996,35261010
2023-01-09,59.23,60.1675,56.056,57.689,37738740
2023-01-10,57.2,57.513000000000005,54.999,57.492999999999995,44635320
2023-01-11,57.300000000000004,57.834,56.687000000000005,57.814,22502470
2023-01-12,57.559000000000005,58.511,57.376000000000005,58.19400000000001,19513950
2023-01-13,57.715,58.193,57.6675,57.900000000000006,19647480
2023-01-17,57.49,58.536,57.454,57.92400000000001,15835060
2023-01-18,58.321000000000005,58.756,57.37200000000001,57.429,15703660
2023-01-19,56.912000000000006,57.006,56.031,56.322,22693820
2023-01-20,56.303,57.136,55.911,57.078,22950200
2023-01-23,57.2,58.47925000000001,56.978,58.163000000000004,23428820
2023-01-24,57.84400000000001,58.66900000000001,57.563,58.503,13824660
2023-01-25,57.766999999999996,58.697,57.604,58.568,13765940
2023-01-26,59.041,60.056,58.62601,59.858000000000004,24524570
2023-01-27,59.33200000000001,59.925000000000004,59.019000000000005,59.099000000000004,19344640
2023-01-30,58.300000000000004,58.961000000000006,57.976,58.14500000000001,16984060
2023-01-31,58.20700000000001,58.723000000000006,58.0735,58.501000000000005,23719070
2023-02-01,58.357000000000006,60.83,58.27000000000001,60.275000000000006,26552700
2023-02-02,60.763000000000005,61.314,59.975,60.577,24187660
2023-02-03,59.800000000000004,60.804,59.625,59.762,19094190
2023-02-06,59.334,60.322,59.226,60.129999999999995,18709330
2023-02-07,60.066,61.701,59.97200000000001,61.44500000000001,24024870
2023-02-08,60.668,61.018,60.062000000000005,60.17100000000001,15290120
2023-02-09,61.260000000000005,61.49299,59.548,59.941,18836570
2023-02-10,59.631,59.846000000000004,58.963,59.325,21034560
2023-02-13,59.5,60.148,59.34704000000001,60.112,19847420
2023-02-14,59.417,60.55800000000001,59.331500000000005,60.230999999999995,17571190
2023-02-15,59.886,60.828,59.67000000000001,60.769000000000005,12688950
2023-02-16,60.075,60.894000000000005,59.955,60.054,17448710
2023-02-17,60,60.08500000000001,59.245000000000005,59.559000000000005,14215600
2023-02-21,59,59.309000000000005,57.98400000000001,58.153999999999996,22738740
2023-02-22,58.225,58.30875,57.21000000000001,57.617,23475250
2023-02-23,58.575,58.59400000000001,57.367999999999995,58.379999999999995,18939300
2023-02-24,57.753,58.024,57.361000000000004,57.775000000000006,15353260
2023-02-27,58.587,58.98,58.426,58.54500000000001,18322790
2023-02-28,58.556,59.85756000000001,58.217999999999996,59.429,27821940
2023-03-01,59.400000000000006,59.821000000000005,59.03,59.357000000000006,15483540
2023-03-02,58.939,60.09400000000001,58.613,59.865,27662540
2023-03-03,61.77000000000001,63.57300000000001,61.575,63.276,46087820
2023-03-06,63.5,64.405,63.173,63.292,24982590
2023-03-07,63.487,63.578,62.351,62.515,19335500
2023-03-08,62.778,63.27250000000001,62.367,63.226,20913120
2023-03-09,63.00800000000001,64.24400000000001,62.188,62.252,21778320
2023-03-10,62.81900000000001,63.016,61.28200000000001,61.483000000000004,26099180
2023-03-13,60.709,62.439,60.688,61.647000000000006,22364020
2023-03-14,62.339,63.337,61.85,63.24600000000001,25893330
2023-03-15,62.766999999999996,63.007000000000005,61.620000000000005,62.604,22962990
2023-03-16,62.185,63.70700000000001,61.781,63.650000000000006,31721520
2023-03-17,63.650000000000006,63.95699,62.708000000000006,63.09700000000001,79302800
2023-03-20,63.274,64.474,63.15950000000001,64.37100000000001,25857300
2023-03-21,64.30900000000001,64.659,63.43300000000001,63.675000000000004,25000110
2023-03-22,63.69,64.84999,63.067,63.092,25798870
2023-03-23,63.89,64.818,63.153,63.923,27164460
2023-03-24,63.803,63.93,62.85526,63.617,17229160
2023-03-27,63.900000000000006,63.910000000000004,62.599000000000004,62.684000000000005,14708840
2023-03-28,62.523,62.6535,61.886,62.470000000000006,12439110
2023-03-29,63.278,63.401,62.464,62.550000000000004,26395320
2023-03-30,63.273,63.605,62.93,63.375,21522940
2023-03-31,63.054,64.2215,62.591,64.154,22097280
2023-04-03,63.900000000000006,64.39,63.644000000000005,64.247,15682460
2023-04-04,64.315,64.4235,63.2,63.441,13429990
2023-04-05,63.114000000000004,63.17000000000001,62.57000000000001,62.901,16908750
2023-04-06,62.416,62.84001,61.897000000000006,62.264,14493170
2023-04-10,61.805,62.787000000000006,61.64506,62.739000000000004,15401740
2023-04-11,63.078,63.088,62.08200000000001,62.15700000000001,16517620
2023-04-12,62.73400000000001,62.752,61.626000000000005,61.67000000000001,14112000
2023-04-13,61.90700000000001,62.650000000000006,61.711000000000006,62.42400000000001,17264970
2023-04-14,62.048,62.803,61.52100000000001,61.954,17465940
2023-04-17,61.861000000000004,62.834,61.781,62.736000000000004,13201120
2023-04-18,63.162000000000006,63.550000000000004,62.71331000000001,63.232000000000006,16807300
2023-04-19,62.679,63.679,62.555,63.45,19061660
2023-04-20,62.786,64.27300000000001,62.714,63.302,20239270
2023-04-21,63.06,63.379999999999995,62.199000000000005,63.29,14807150
2023-04-24,63.364000000000004,63.885000000000005,63.1785,63.454,12337710
2023-04-25,63.399,63.599000000000004,62.17400000000001,62.202,23669800
2023-04-26,61.99700000000001,62.31256,61.351,61.61900000000001,17178910
2023-04-27,61.61900000000001,62.00900000000001,60.32300000000001,61.841,18249880
2023-04-28,61.90700000000001,62.678,61.455999999999996,62.650000000000006,16183050
2023-05-01,62.650000000000006,63.899,62.620000000000005,63.79500000000001,17029890
2023-05-02,62.576,62.650000000000006,60.502,61.23400000000001,28357480
2023-05-03,61.69,62.19500000000001,61.24,61.32000000000001,19815580
2023-05-04,61,61.39600000000001,60.129,61.016,17684380
2023-05-05,61.595000000000006,63.147000000000006,61.337,63.012,24876340
2023-05-08,62.978,63.07300000000001,62.05800000000001,62.906,13935030
2023-05-09,62.273,62.40700000000001,61.586000000000006,61.851,16990480
2023-05-10,62.205999999999996,62.800000000000004,61.827,62.627,19175440
2023-05-11,62.65800000000001,62.848000000000006,61.79900000000001,62.766999999999996,14429940
2023-05-12,62.838,63.27000000000001,62.42100000000001,63.115,11942460
2023-05-15,63.187000000000005,64.002,62.84700000000001,63.98,14613570
2023-05-16,64.046,64.691,63.873000000000005,64.144,14969300
2023-05-17,64.735,66.09,64.45800000000001,65.747,24132980
2023-05-18,65.60000000000001,67.936,65.60000000000001,67.79,26388890
2023-05-19,68,68.495,67.841,68.22500000000001,22967900
2023-05-22,68.14,68.468,67.412,67.837,17797760
2023-05-23,69.06400000000001,69.899,68.202,68.65,36088020
2023-05-24,68.144,68.431,67.606,67.953,23020960
2023-05-25,69.941,73.239,69.077,72.88,49262570
2023-05-26,74.74249999999999,81.498,74.702,81.27300000000001,82500380
2023-05-30,83.512,92.17799000000001,79.881,80.334,116912000
2023-05-31,79.49000000000001,82.167,79.013,80.796,89997660
2023-06-01,80.06200000000001,80.57900000000001,78.516,78.995,80792280
2023-06-02,79.06400000000001,82.37700000000001,78.72000000000001,81.2,62814840
2023-06-05,80.92000000000002,80.92000000000002,79.44800000000001,80.23,26221960
2023-06-06,80.2,80.2,77.638,79,37823450
2023-06-07,78.98200000000001,80.54500000000002,78.751,79.263,28956990
2023-06-08,79.491,80.501,78.878,80.42000000000002,21917170
2023-06-09,80.58,81.77489000000001,80.388,80.462,19246880
2023-06-12,81.11200000000001,85.80000000000001,81.11200000000001,85.536,51097880
2023-06-13,86.113,86.32600000000001,84.10000000000001,85.11200000000001,38990270
2023-06-14,85.59,88.854,84.72200000000001,88.618,43523960
2023-06-15,88.441,88.79700000000001,87.102,88.343,33813530
2023-06-16,88.92750000000001,88.995,86.54450000000001,86.811,68298940
2023-06-20,86.266,87.70700000000001,86.10102,86.803,27537230
2023-06-21,86,86.60000000000001,84.46000000000001,84.766,23228810
2023-06-22,84.50900000000001,84.891,83.531,84.243,23473260
2023-06-23,83.40100000000001,83.602,81.885,82.215,37413250
2023-06-26,82.5,83.7,82.022,82.16300000000001,21372150
2023-06-27,82.868,85,82.10000000000001,84.84,24922720
2023-06-28,83.873,85.85300000000001,83.706,84.79400000000001,19444750
2023-06-29,85.44500000000001,86.284,84.641,86.257,23385980
2023-06-30,86.852,87.45700000000001,86.433,86.743,23145170
2023-07-03,86.86200000000001,87.673,86.492,87.644,9032720
2023-07-05,86.74000000000001,87.69,86.17500000000001,86.186,14446420
2023-07-06,84.5,85.39,84.433,84.80000000000001,23950050
2023-07-07,85.043,85.799,84.46600000000001,84.67500000000001,19408660
2023-07-10,84.828,87.917,84.828,87.77300000000001,30621750
2023-07-11,88.111,88.30000000000001,86.46300000000001,88.205,25504460
2023-07-12,88.9,89.75900000000001,88.2,88.995,28196750
2023-07-13,89.894,89.894,87.827,89.036,25911990
2023-07-14,88.616,90.33500000000001,88.616,88.858,18510360
2023-07-17,89.101,91.32100000000001,88.97800000000001,91.03500000000001,26825210
2023-07-18,90.59800000000001,90.99000000000001,89.82601,90.343,24518350
2023-07-19,89.727,90.5965,88.563,90.137,24117560
2023-07-20,89.254,90.69999000000001,88.60000000000001,88.834,28268310
2023-07-21,90.44900000000001,91.11500000000001,89.38300000000001,89.67500000000001,74286760
2023-07-24,90.08,90.54400000000001,89.423,90.159,19993820
2023-07-25,90.06200000000001,92.318,90.06200000000001,91.799,20041610
2023-07-26,90.9,91.06200000000001,88.765,89.30900000000001,19876670
2023-07-27,90.85000000000001,90.98500000000001,88.60000000000001,89.35300000000001,21921780
2023-07-28,89.93200000000002,90.356,89.39500000000001,89.979,18794260
2023-07-31,89.75,90.10000000000001,89.10000000000001,89.86500000000001,14966920
2023-08-01,89.89800000000001,92.06200000000001,89.77008000000001,92,19706750
2023-08-02,91.23,91.30000000000001,89.029,89.23,26889570
2023-08-03,88.662,89.53300000000002,88.108,88.498,18292640
2023-08-04,88.498,89.36200000000001,87.33715000000001,88.165,21157850
2023-08-07,88.768,89.73700000000001,88.5266,89.706,11145650
2023-08-08,89.00900000000001,89.06,87.34,88.316,14080910
2023-08-09,88.272,88.35300000000001,84.87201,85.07300000000001,24672480
2023-08-10,85.31200000000001,86.15,83.70700000000001,84.29,20186130
2023-08-11,83.40100000000001,83.64,82.34800000000001,82.976,20331260
2023-08-14,83.113,85.418,82.738,85.41000000000001,17688000
2023-08-15,84.921,85.462,83.64600000000002,84.25200000000001,14036350
2023-08-16,84.779,85.45,83.19600000000001,83.299,16003010
2023-08-17,83.65100000000001,83.94200000000001,82.70100000000001,82.71000000000001,19227770
2023-08-18,82,82.81700000000001,81.2,82.584,17758690
2023-08-21,83.406,86.73400000000001,83.177,86.51400000000001,30011630
2023-08-22,87.34100000000001,87.47500000000001,85.08800000000001,85.57900000000001,17081640
2023-08-23,85.077,87.81900000000002,85,87.65800000000002,19692050
2023-08-24,90.23500000000001,90.9855,85.24600000000001,85.44600000000001,30934310
2023-08-25,85.702,86.94400000000002,83.767,85.18200000000002,24180530
2023-08-28,85.63900000000001,86.41299000000001,84.71100000000001,86.108,14305960
2023-08-29,85.84,89.2835,85.64199,88.993,27822390
2023-08-30,89.239,89.87100000000001,87.911,89.22800000000001,23234240
2023-08-31,89.801,92.367,89.37700000000001,92.289,55202850
2023-09-01,90.18700000000001,90.18700000000001,86.46600000000001,87.25200000000001,65017160
2023-09-05,86.95100000000001,88.30000000000001,86.7,87.217,24808070
2023-09-06,87.25,87.73700000000001,86.674,87.227,20142460
2023-09-07,85.95,86.16900000000001,84.052,85.703,27789200
2023-09-08,85.5,86.08300000000001,85.012,85.755,16819000
2023-09-11,86.87700000000001,86.9,84.565,85.914,15710390
2023-09-12,85.024,85.82650000000001,84.166,84.452,16680270
2023-09-13,84.71900000000001,85.911,84.424,85.293,17412630
2023-09-14,85.903,87.667,85.5,87.164,19648280
2023-09-15,86.816,86.816,84.29,85.168,50189580
2023-09-18,84.25800000000001,85.63300000000001,84,85,16540860
2023-09-19,84.599,85.10300000000001,83.85000000000001,84.92000000000002,13131960
2023-09-20,84.99900000000001,84.99900000000001,83.03500000000001,83.05700000000002,13701710
2023-09-21,79.51100000000001,82.25,79.50900000000001,80.83600000000001,53671650
2023-09-22,81.12400000000001,83.05799,81.03800000000001,82.90800000000002,27795010
2023-09-25,82.80000000000001,83.85599,82.301,83.38900000000001,15647580
2023-09-26,82.917,83.0265,81.12100000000001,81.61900000000001,17641380
2023-09-27,81.926,82.368,80.43801,81.681,15352680
2023-09-28,82.017,83.88600000000001,81.468,83.2,16179940
2023-09-29,83.64500000000001,84.404,82.291,83.058,16481040
2023-10-02,82.906,83.856,82.35000000000001,83.495,14675780
2023-10-03,82.7,83.575,80.891,81.483,18760860
2023-10-04,82.03300000000002,83.058,81.63025,82.381,16417060
2023-10-05,82.01100000000001,82.863,81.54801,82.38600000000001,11474240
2023-10-06,81.94,84.83850000000001,81.17200000000001,84.52600000000001,21103190
2023-10-09,84.046,85.661,83.78300000000002,85.58800000000001,15759850
2023-10-10,85.715,87.25450000000001,85.572,85.84100000000001,14718070
2023-10-11,85.971,87.534,85.655,87.456,14334120
2023-10-12,87.643,91.793,87.643,90.56,43870550
2023-10-13,90.9,92.59100000000001,88.209,88.318,28333520
2023-10-16,89.09700000000001,91.5785,89.09700000000001,90.257,21150480
2023-10-17,88.515,89.298,86.60000000000001,88.44,33008340
2023-10-18,87.99450000000002,89.563,87.52000000000001,88.703,20404340
2023-10-19,88.702,88.94900000000001,86.56700000000001,86.78300000000002,26619700
2023-10-20,87.49000000000001,87.49000000000001,85.18400000000001,85.363,26953070
2023-10-23,85.796,87.35999000000001,84.28200000000001,86.22200000000001,16455790
2023-10-24,86.4,88.30000000000001,86.31200000000001,88.111,14972440
2023-10-25,87.70700000000001,87.873,84.608,84.96300000000001,21431600
2023-10-26,84.791,85.4415,81.834,82.67500000000001,27916560
2023-10-27,83,84.02100000000002,82.854,83.83600000000001,18236280
2023-10-30,84.11000000000001,84.943,82.715,84.125,20889460
2023-10-31,84.38900000000001,84.55000000000001,83.26,84.137,14747200
2023-11-01,84.2,85.38250000000001,83.55700000000002,85.29400000000001,18683910
2023-11-02,86.2,88.05000000000001,86,87.13,18759450
2023-11-03,87.75,88.75,87.10567,88.268,18041290
2023-11-06,88.156,88.589,87.12100000000001,88.08300000000001,12871480
2023-11-07,88.23200000000001,90.177,87.6155,89.78200000000001,19366650
2023-11-08,90,91.29084,89.9,91.113,15279940
2023-11-09,91.25,92.97999,90.856,91.138,24486210
2023-11-10,92.174,95.89500000000001,91.82100000000001,95.75200000000001,36287920
2023-11-13,95.005,95.24000000000001,94.048,94.693,16892970
2023-11-14,96.23400000000001,97.677,95.52521000000002,97.296,23885580
2023-11-15,97.95100000000001,98.17500000000001,96.691,97.54,16099480
2023-11-16,96.4,96.87,95.052,95.955,26198030
2023-11-17,95.82100000000001,98.38900000000001,95.10000000000001,97.77300000000001,19794610
2023-11-20,97.30000000000001,99.98700000000001,97.30000000000001,99.57100000000001,18680340
2023-11-21,97.5,99.10000000000001,97.16300000000001,98.12,43343840
2023-11-22,98.36900000000001,98.79899,97.10000000000001,97.2,33750920
2023-11-24,97.49600000000001,97.986,96.67500000000001,97.887,23157890
2023-11-27,97.61500000000001,98.101,94.933,95.024,96962020
2023-11-28,93.99400000000001,95.08600000000001,93.416,94.635,39024940
2023-11-29,94.834,95.94299000000001,93.93700000000001,94.08300000000001,34842740
2023-11-30,94.10000000000001,94.2415,91.837,92.57300000000001,49571100
2023-12-01,92.24600000000001,93.39,90.80000000000001,93,29612440
2023-12-04,92.06400000000001,93.09700000000001,91.644,92.397,25009210
2023-12-05,91.16000000000001,91.727,90.5845,91.31200000000001,37065930
2023-12-06,92.036,92.09700000000001,90.31,90.364,24812690
2023-12-07,90.554,92.412,90.364,92.226,43516890
2023-12-08,92.784,95.07300000000001,91.05262,94.43,69668420
2023-12-11,95.70100000000001,103.95100000000001,95.60900000000001,102.924,101183700
2023-12-12,102.799,107.93900000000002,102.458,107.22800000000001,90241550
2023-12-13,106.80000000000001,109.97800000000001,106.254,108.96900000000001,71653750
2023-12-14,109.21800000000002,112.14600000000002,109.028,110.649,66964020
2023-12-15,109.522,114.98799,109.46184000000001,112.974,118543700
2023-12-18,112.08,115.182,111.86400000000002,114.7,54741370
2023-12-19,114.2,115.046,113.25050000000002,113.958,36020400
2023-12-20,113.27000000000001,114.136,110.926,111.03800000000001,34523350
2023-12-21,113.26500000000001,113.54200000000002,111.5,112.729,24105610
2023-12-22,112.798,113.2,111.35300000000001,112.19800000000001,19088970
2023-12-26,112.424,113.55000000000001,112.302,113.18900000000002,16793270
2023-12-27,113.60000000000001,113.957,112.29601000000001,112.61700000000002,20055230
2023-12-28,113.16900000000001,113.224,111.905,112.24100000000001,21249250
2023-12-29,112.14600000000002,112.43800000000002,111.46700000000001,111.625,20558000
2024-01-02,109.21199999999999,110.2,107.709,108.53800000000001,28831020
2024-01-03,107.02000000000001,107.5,105.531,105.858,34735470
2024-01-04,105.796,106.9497,104.737,104.90100000000001,25658030
2024-01-05,105.16,105.546,104.15100000000001,104.928,22474690
2024-01-08,105.65,107.79999000000001,105.20018,107.485,33110290
2024-01-09,106.562,108.85499,106.471,108.24900000000001,23225340
2024-01-10,108.035,108.2955,106.26047000000001,108.057,17643450
2024-01-11,108.432,110.13,107.45050000000002,109.998,25757220
2024-01-12,111.21,111.56899000000001,110.001,110.76800000000001,26881960
2024-01-16,111.234,112.62431,109.86300000000001,111.49600000000001,26145080
2024-01-17,110.629,111.31099999999999,109.0215,110.36700000000002,18314050
2024-01-18,112.49000000000001,114.65480000000001,112.18800000000002,114.39100000000002,32228400
2024-01-19,115.731,121.7,115.60000000000001,121.12,53077120
2024-01-22,121.625,123.133,120.82177,122.05000000000001,31222240
2024-01-23,122.10000000000001,122.69800000000001,120.352,122.631,16952110
2024-01-24,124.22950000000002,128.45499,123.10093,125.387,34804820
2024-01-25,128.1,128.1,122.88,123,36356100
2024-01-26,121.97000000000001,122.12100000000001,120.02300000000001,120.48800000000001,25817600
2024-01-29,121.49100000000001,122.36700000000002,120.4995,121.777,21526470
2024-01-30,121.677,122.80000000000001,120.429,120.81600000000002,20682540
2024-01-31,118.94500000000001,119.72200000000001,117.431,118,27400190
2024-02-01,118.735,120.309,117.911,120.001,19411280
2024-02-02,120.875,123.46900000000001,120.51500000000001,122.434,26689290
2024-02-05,122.69600000000001,124.77521999999999,122.21500000000002,124.31,22044520
2024-02-06,126.357,127.21099,121.19400000000002,122.26500000000001,25354100
2024-02-07,123.4,125.95100000000001,122.67000000000002,125.706,25767750
2024-02-08,126.7,129.597,126.501,127.476,29326240
2024-02-09,125.203,128.57500000000002,124.899,128.34400000000002,26292890
2024-02-12,129.001,129.007,125.9,126.5,24778220
2024-02-13,123.512,125.58699999999999,122.709,125.16500000000002,31906520
2024-02-14,126.924,127.30000000000001,124.13179000000001,126.22200000000001,27306260
2024-02-15,127.995,128,124.485,126.507,21873440
2024-02-16,125.904,127.56846000000002,124.23900000000002,124.548,21268050
2024-02-20,123.586,123.772,121.256,122.655,26329190
2024-02-21,121.80000000000001,122.805,120.26400000000001,122.745,20639830
2024-02-22,128.17100000000002,131.098,127.647,130.49,40819260
2024-02-23,130.837,131.962,128.882,129.637,23114640
2024-02-26,131,131.87899000000002,130.14600000000002,130.913,16282480
2024-02-27,130.913,131.19400000000002,129.222,129.62300000000002,12126050
2024-02-28,129.3,129.852,128.29734000000002,128.942,10967180
2024-02-29,130.331,130.83950000000002,128.72750000000002,130.049,27535640
2024-03-01,132.59300000000002,140.776,132,139.917,44487720
2024-03-04,140.31500000000003,143.817,138.519,140.226,34854180
2024-03-05,139.5,139.5,133.237,134.275,36039750
2024-03-06,139.158,139.483,134.706,135,43195890
2024-03-07,138.199,141.431,137.28900000000002,140.701,62831770
2024-03-08,139.425,141.3,130.158,130.872,74024840
2024-03-11,127.793,129.90200000000002,125.256,129.31199999999998,31105120
2024-03-12,130.70000000000002,130.779,125.928,129.18800000000002,42789130
2024-03-13,128.288,128.288,125.2355,125.78699999999999,37838480
2024-03-14,126.254,127.31300000000002,124.77100000000002,126.227,38029380
2024-03-15,125.346,126.737,123.007,123.55000000000001,88822510
2024-03-18,125.39800000000001,126.28800000000001,123.17000000000002,123.724,25737160
2024-03-19,121.69500000000001,124.027,120.402,123.801,24490870
2024-03-20,123.902,128.799,122.65899999999999,127.60000000000001,40946140
2024-03-21,132.832,140.361,131.6,134.8,72467730
2024-03-22,135,137.622,134.615,135.347,38623860
2024-03-25,134.50300000000001,135.84399000000002,133.747,135.158,21236600
2024-03-26,136.46900000000002,137.99377,133.05100000000002,133.149,23522180
2024-03-27,135,135,129.602,131.87300000000002,25582650
2024-03-28,131.79000000000002,133.009,131.153,132.54100000000003,19855520
2024-04-01,132.568,136.298,132.54100000000003,135.026,17251960
2024-04-02,131.579,134.237,130.34138000000002,133.876,24693560
2024-04-03,132.8,137.682,132.52700000000002,136.321,28650420
2024-04-04,138.532,140.398,131.5,131.75,27013650
2024-04-05,132.6,136.12300000000002,131.4195,133.943,19438280
2024-04-08,133.365,134.25,131.57501,133.60999999999999,17139170
2024-04-09,135.737,135.948,130.864,133.408,18007940
2024-04-10,132.3,133.57500000000002,131.548,132.237,17466520
2024-04-11,133.268,139.18699999999998,132.365,138.246,31713310
2024-04-12,135.201,136.65050000000002,133.662,134.407,27823320
2024-04-15,137,137,130.6,131.06900000000002,24370450
2024-04-16,131.538,133.6319,131.1,132.906,18922740
2024-04-17,134.311,134.70000000000002,128.14200000000002,128.263,24717800
2024-04-18,128.8,129.26500000000001,125.546,125.899,24888030
2024-04-19,125.899,126,119.756,120.471,44796580
2024-04-22,122.45,123.32000000000001,120.054,122.44600000000001,25162180
2024-04-23,122.81700000000001,125.79000000000002,122.802,124.91900000000001,22025130
2024-04-24,126.39000000000001,128.56199999999998,124.49600000000001,125.682,20107930
2024-04-25,127.245,130.803,125.7,129.442,30409670
2024-04-26,131,135.583,130.31300000000002,134.407,24099830
2024-04-29,134.408,135.298,132.5695,133.862,13371790
2024-04-30,132.888,134.835,129.905,130.02700000000002,22113360
2024-05-01,127.833,129.237,124.1345,124.286,30957830
2024-05-02,125.628,126.44500000000001,122.331,123.857,29479680
2024-05-03,125.9,128.388,124.71400000000001,127.81099999999999,24897550
2024-05-06,128.6225,131.077,127.507,131.031,16287080
2024-05-07,131.644,131.899,129.67550000000003,130.311,12412830
2024-05-08,129.35,133.7905,128.84900000000002,132.537,13917640
2024-05-09,131.783,132.161,130.20000000000002,130.567,12169550
2024-05-10,131.531,134.4,131.531,133.28,16299530
2024-05-13,134.8,135.83900000000003,133.011,133.751,18507030
2024-05-14,133.234,138.199,132.58,138.00300000000001,19420290
2024-05-15,138,143.895,136.9975,143.61700000000002,32757380
2024-05-16,142.6,144.54000000000002,140.506,141.21300000000002,28395030
2024-05-17,141.24200000000002,141.953,138.178,139.529,18173670
2024-05-20,139.6,141.69400000000002,139.316,141.403,27169950
2024-05-21,139.86800000000002,140.93900000000002,139.346,139.92000000000002,15332510
2024-05-22,139.601,140.5,138.422,139.22400000000002,21002120
2024-05-23,142.84300000000002,142.9,137.8,139.329,31038990
2024-05-24,139.979,141.35844,139.20242000000002,140.784,16729960
2024-05-28,141,141.71813,139.254,141.245,22918860
2024-05-29,139.91,139.91,138.3,139.067,26860550
2024-05-30,137.9,138.278,135.56399,136.408,21728280
2024-05-31,136.136,136.255,130.726,132.855,73091320
2024-06-03,135.27,135.3,130.25300000000001,132.19000000000003,26278470
2024-06-04,132.04000000000002,133.199,130.701,133.082,23048140
2024-06-05,134.6,141.435,134.054,141.309,32946560
2024-06-06,142.18699999999998,142.26899,138.82401000000002,140.127,20171810
2024-06-07,140.7775,142.5,139.702,140.66400000000002,17859030
2024-06-10,140.98,144.90499,140.9125,144.047,31081710
2024-06-11,143.82000000000002,146.501,141.62300000000002,146.103,34844320
2024-06-12,150,150.58,147.64000000000001,149.55100000000002,56697370
2024-06-13,171,173.585,165.252,167.899,89060650
2024-06-14,168.686,174.72400000000002,168.21,173.50400000000002,69704710
2024-06-17,180,184.3,177.858,182.887,87527620
2024-06-18,183.959,185.162,178.501,180.252,86796740
2024-06-20,180.346,180.47500000000002,172.22201,173.45600000000002,68156620
2024-06-21,169.56600000000003,171.3999,165.14200000000002,165.86300000000003,99998610
2024-06-24,164.205,166.10000000000002,159.06600000000003,159.221,58575380
2024-06-25,160.01300000000003,160.604,156.4,158.079,56810450
2024-06-26,159.762,161.818,157.359,159.20000000000002,46478750
2024-06-27,159.20000000000002,160.562,157.10000000000002,158.66600000000003,31649060
2024-06-28,159.58800000000002,163.923,158.60000000000002,160.553,69376630
2024-07-01,160.82000000000002,164.875,159.35000000000002,164.08,47623440
2024-07-02,164.08,165.91999,162.20000000000002,165.74800000000002,32538840
2024-07-03,167,172.92200000000003,166.44600000000003,172.92200000000003,39953820
2024-07-05,175.556,176.54700000000003,169.60001,170.33100000000002,45240480
2024-07-08,170.5,175.68999,170.5,174.586,36398460
2024-07-09,175.656,177.098,170.556,173.33100000000002,37916210
2024-07-10,174.60000000000002,176.64899000000003,172.63628000000003,174.46900000000002,41074200
2024-07-11,176.466,176.487,166.85000000000002,170.59500000000003,51111680
2024-07-12,171.103,172.591,169.131,170.067,30453000
2024-07-15,170,173.5099,169.26,171.42,22999200
2024-07-16,172.4,172.81,166.4,169.375,22244940
2024-07-17,162.31,162.84,155.61,155.98,43343360
2024-07-18,158.89,161.51,153.9,160.52,37973500
2024-07-19,161.84,163.95,157.12,157.35,26309550
2024-07-22,160.23,162.99,157.9,161.06,28813330
2024-07-23,160.395,165.33,159.9,163.77,21570180
2024-07-24,160.355,161.405,151.1,151.34,37162620
2024-07-25,151.26,153.55,145.52,149.26,30872130
2024-07-26,153.5,153.58,149.9202,151.63,20839870
2024-07-29,152.02,155,149.15,150.22,16625760
2024-07-30,153.28,153.47,143.35,143.52,31102340
2024-07-31,151.47,161.33,151,160.68,45827510
2024-08-01,157.5,158.91,146.17,147.02,40319960
2024-08-02,141.925,145.35,139.6,143.82,33745840
2024-08-05,129.61,145.42,128.5,142.08,41309260
2024-08-06,141.73,148.91,140.25,143.92,24751290
2024-08-07,148.25,150.1,135.83,136.27,29749760
2024-08-08,141.2,146.27,138.4,145.74,27583200
2024-08-09,144.2,149.55,144.11,148.26,18438660
2024-08-12,148.08,151.13,146.37,148.62,17778470
2024-08-13,151.55,156.38,149.81,156.16,22053600
2024-08-14,158.02,160.25,154.72,157.69,20184200
2024-08-15,161.2,166.67,160.3351,166.13,27944970
2024-08-16,164.47,166.09,162.68,165.72,19296870
2024-08-19,164.86,167.83,160.42,167.71,20441690
2024-08-20,167.05,168.3699,164.15,165.95,19417490
2024-08-21,165.12,166.47,162.88,165.78,16097690
2024-08-22,170.84,172.42,161.49,162.34,30044530
2024-08-23,165.025,168.28,163.46,166.36,18848020
2024-08-26,164.96,165.7,158.66,159.62,18521150
2024-08-27,157.6,162.03,155.83,161.39,16683110
2024-08-28,160.08,162.28,156.25,158.18,18063620
2024-08-29,158.49,163.2,155.41,156.93,23519290
2024-08-30,161.12,163.24,158.71,162.82,25158510
2024-09-03,160.38,160.74,151.38,152.79,37179060
2024-09-04,150.3,157.79,149.15,154.12,20324060
2024-09-05,150.565,156.36,150.11,152.82,31548540
2024-09-06,143.25,143.5,136.6,136.995,76634630
2024-09-09,139.11,141.585,134.9,140.82,39516690
2024-09-10,141.22,149.86,141.04,148.21,36067470
2024-09-11,148.39,158.87,145.04,158.27,39700770
2024-09-12,158.1,166.32,156.83,164.56,43581920
2024-09-13,166.735,168.08,164.0401,167.69,29850050
2024-09-16,165.19,165.5,160.41,164.02,26126930
2024-09-17,165.49,166.02,160.7,162.47,19844340
2024-09-18,163.77,167.47,161.36,161.67,26557560
2024-09-19,167.68,170,165.66,167.42,32453060
2024-09-20,167.18,172.02,166.47,171.1,91758510
2024-09-23,172,173.32,168.3501,172.94,29431110
2024-09-24,172.81,175.99,171.68,174.84,34223410
2024-09-25,174.65,177.14,173.76,175.52,16613800
2024-09-26,178.5,180.25,175,178.09,24340000
2024-09-27,178.17,178.47,171.76,172.69,20580910
2024-09-30,171.87,172.92,169.6302,172.5,16900030
2024-10-01,172.16,172.25,165.8,167.47,23770420
2024-10-02,167.55,172.84,167.0201,170.66,14317830
2024-10-03,169.62,174.94,169.19,171.89,13072280
2024-10-04,176.3,176.8998,172.6,176.64,17941390
2024-10-07,174.82,178.31,173.86,175.08,15588330
2024-10-08,175.42,181.6,174.89,180.73,20774190
2024-10-09,179.24,186.42,176.42,185.95,25504060
2024-10-10,183.56,186.31,182.53,185.69,16317970
2024-10-11,181.14,182.59,177.4,181.48,23070020
2024-10-14,183.3,184.95165,180.13,182.31,17195820
2024-10-15,180.79,181.7,173.3652,175.98,27657530
2024-10-16,178.51,179.25,175.33,176.82,15285050
2024-10-17,181.37,185.51,180.69,181.53,25232430
2024-10-18,182.32,182.71,178.68,179.89,17835250
2024-10-21,179.38,181.7199,178.25,179.99,13695150
2024-10-22,178.66,180.69,177.41,179.38,12062650
2024-10-23,177.585,178.98,172.57,173.51,19513710
2024-10-24,174.26,174.3,169.5,171.35,20485170
2024-10-25,174.19,176.796,172.72,173,19977680
2024-10-28,173,173.9728,171.345,172.02,13195830
2024-10-29,172.435,180.23,171.2101,179.24,23702340
2024-10-30,177.47,179.19,175.62,176.64,17911490
2024-10-31,174.45,174.45,167.38,169.77,26086590
2024-11-01,168.26,171.3255,167.5,168.92,17847040
2024-11-04,169.28,172.45,168.42,168.55,13621310
2024-11-05,170.05,174.4,170.05,173.9,13441750
2024-11-06,179.63,180.21,175.96,179.55,24300760
2024-11-07,181.9853,184.8722,181.79,183.81,18970580
2024-11-08,182.99,185.05,181.83,183.64,13503150
2024-11-11,183.4,183.63,176.8201,178.91,17036660
2024-11-12,178.9,179.56,173.2,176.22,15861980
2024-11-13,174.705,175.5926,172.6,173.58,17472510
2024-11-14,174.77,175.57,169.87,170.38,20638860
2024-11-15,168.47,169.135,163.43,164.84,20836160
2024-11-18,165.66,166.3463,162.22,165.67,17870330
2024-11-19,166.66,166.8,164.31,165.35,18003400
2024-11-20,165.54,165.54,160.86,163.25,17196730
2024-11-21,166.25,166.34,160.6,163.94,24835250
2024-11-22,164.3,164.9092,162.4,164.23,17332470
2024-11-25,165.395,167.225,162.89,164.82,26850590
2024-11-26,164.6,166.37,162.69,164.74,16308770
2024-11-27,163.2,163.2,157.54,159.67,19722720
2024-11-29,159.57,162.69,159.08,162.08,11024010
2024-12-02,162.95,168.3797,162.75,166.51,21472440
2024-12-03,164.48,168.27,164.03,168.15,17024430
2024-12-04,173.44,175.39,168.56,170.56,32748250
2024-12-05,170.75,172.3981,169.2,170.47,18489990
2024-12-06,170.1,180.68,169.3301,179.53,27830830
2024-12-09,178.95,180.7933,176.0209,178.94,20886310
2024-12-10,177.81,178.5,169.73,171.81,27762630
2024-12-11,180.01,184.87,176.4296,183.2,41295180
2024-12-12,180.93,182,175.99,180.66,46967170
2024-12-13,213.9,228.7,211.11,224.8,121336600
2024-12-16,231.79,251.88,230.81,250,111623200
2024-12-17,240.65,242.47,233.8,240.23,70382130
2024-12-18,239.41,239.85,219.22,223.62,53960100
2024-12-19,227.91,228.05,217.58,218.32,40845170
2024-12-20,220.36,230.29,218.91,220.79,131910400
2024-12-23,226.69,233.3994,225.13,232.35,40643780
2024-12-24,240.115,240.228,234.8,239.68,22827190
2024-12-26,240,247.28,237.6,245.36,28537540
2024-12-27,245.64,245.78,236.3532,241.75,29282230
2024-12-30,234.695,238.77,231.62,235.58,27316800
2024-12-31,235.88,237.46,231.31,231.84,17927720
2025-01-02,236.155,239.5,230.2425,231.98,31525830
2025-01-03,233.59,236.4893,229,232.55,24973190
2025-01-06,236.5,241.75,233.3,236.41,34028380
2025-01-07,239.5,239.5,227.6,228.64,25928610
2025-01-08,229.7,232.47,226.06,229.31,18756490
2025-01-10,227.3,227.83,221.25,224.31,23864010
2025-01-13,219.99,229.26,219.51,225.29,23772090
2025-01-14,226.57,230.26,223.1,224.7,18143120
2025-01-15,228.55,230.34,225.58,228,21745620
2025-01-16,235.22,238.6,229.21,229.41,23471870
2025-01-17,237.08,238.1,232.66,237.44,31196640
2025-01-21,241.5,242.75,237.4,240.31,30903190
2025-01-22,246.75,246.99,240.69,240.91,29610500
2025-01-23,238.41,240.4,236.12,240.28,17653940
2025-01-24,244.7,249.59,241.91,244.7,25387830
2025-01-27,213.4,218.43,196.23,202.13,90569380
2025-01-28,208.01,209.95,198.89,207.36,50315990
2025-01-29,208.84,211.45,202.77,206.35,32533740
2025-01-30,218.57,221.96,213.7,215.66,42449480
2025-01-31,219.66,226.8,216.3,221.27,41150980
2025-02-03,215.46,220.9377,213.51,217.73,24507270
2025-02-04,219.35,223.03,215.3,222.43,23768520
2025-02-05,233.94,237.9299,227.5,232,29250580
2025-02-06,234.5,234.8,228.56,231.36,21169530
2025-02-07,235,235.65,224.11,224.87,22117470
2025-02-10,227.43,235.82,227.12,235.04,23901640
2025-02-11,232.48,237.89,229.9739,235.04,18476200
2025-02-12,230.355,236.48,230,236.35,16397340
2025-02-13,236.06,236.95,230.7276,235.8,20962030
2025-02-14,234.53,235.74,228.9,233.04,16988780
2025-02-18,230.1,232.2,224.3001,228.53,26080550
2025-02-19,227.85,229.0653,224.4,228.73,16375490
2025-02-20,228.645,228.98,222.75,226.74,16104000
2025-02-21,225.65,227.75,215.63,218.66,24883560
2025-02-24,218.6,219.48,207.54,207.93,33050430
2025-02-25,207,208.6425,200.92,202.54,33100810
2025-02-26,206.91,213.54,206,212.94,21368300
2025-02-27,217.28,219.25,197.4,197.8,27572890
2025-02-28,195.76,201.19,193.15,199.43,39747250
2025-03-03,204,204.06,184.53,187.37,37435600
2025-03-04,189.215,193.95,180.48,187.48,37910480
2025-03-05,191.86,194.08,187.1,191.58,25644540
2025-03-06,181.04,186.83,177.61,179.45,56864100
2025-03-07,187.73,195.48,181.56,194.96,74528860
2025-03-10,189.6,191.978,180.43,184.45,44217120
2025-03-11,188.05,195.6155,185.345,190.09,42153250
2025-03-12,196.215,199.98,192.4527,194.23,30409730
2025-03-13,193.15,196.32,189.465,191.36,27236140
2025-03-14,196.2,197.5,193.2,195.54,25900940
2025-03-17,188.05,196.72,187.5,194.5,26830620
2025-03-18,190.44,192.89,186.9,188.67,24951030
2025-03-19,189.34,198.27,186.9,195.57,37962700
2025-03-20,191.52,193.8365,188.94,190.54,31430020
2025-03-21,188.21,192.07,187.37,191.66,43086520
2025-03-24,194.295,196.69,190.67,191.25,33180280
2025-03-25,190.885,191.6,187.68,188.26,23417250
2025-03-26,186.66,188.06,177.582,179.27,30670540
2025-03-27,177.655,178.38,170.46,171.99,32151670
2025-03-28,171.93,173.3,166.47,169.12,30391480
2025-03-31,164.485,167.94,160.62,167.43,35656450
2025-04-01,166.37,168.71,163.42,168.52,20472440
2025-04-02,166.08,173.43,165.5,172.09,19523660
2025-04-03,160.54,163.425,153.7,154.01,44354860
2025-04-04,148.17,152.8,139.1701,146.29,72302230
2025-04-07,144.49,160.43,138.1,154.14,68503510
2025-04-08,167.62,169.78,153.09,156.03,58888230
2025-04-09,160.5,187.33,157.51,185.15,72708310
2025-04-10,175.3,176.95,166.4,172.3,51212220
2025-04-11,173.62,182.66,173.31,181.94,33964140
2025-04-14,185.075,186,175.82,178.36,25748300
2025-04-15,179.725,182.2644,178.08,178.95,17242350
2025-04-16,170.43,176.08,166.92,174.61,34638640
2025-04-17,176.25,176.25,169.9156,170.99,22501790
2025-04-21,166.99,168,161.61,166.21,23469790
2025-04-22,167.43,170.52,165.2229,169.58,18504860
2025-04-23,177.78,180.45,175.82,176.91,24380470
2025-04-24,179.69,188.57,178.295,188.15,27576900
2025-04-25,186.92,193.37,186.89,192.31,21242340
2025-04-28,190.53,193.1,187.68,192.47,16385850
2025-04-29,191.72,193.25,190.1,191.17,14630020
2025-04-30,185.895,193.2,184.02,192.47,22768860
2025-05-01,198.14,201.4,196.235,197.33,24939700
2025-05-02,203.9,205.68,201.08,203.64,17766750
2025-05-05,200.25,203.2347,200,200.72,14025430
2025-05-06,196.44,201.91,195.94,200.09,16348810
2025-05-07,199.285,206.23,198.43,204.81,20277830
2025-05-08,208,211.1625,203.69,207.77,18460930
2025-05-09,209.33,209.96,206.52,208.2,13289170
2025-05-12,219.49,221.8,215.88,221.58,25437670
2025-05-13,222,235.28,222,232.42,28790540
2025-05-14,230.23,233.5,228.35,232.12,19751450
2025-05-15,230.16,234.455,228.07,232.64,18803680
2025-05-16,232.32,232.64,226.39,228.61,23094610
2025-05-19,221.85,231.2499,221.6,230.63,15355450
2025-05-20,226.49,231.77,226.34,231.68,11787160
2025-05-21,228.39,236.5,227.8301,229.73,17642940
2025-05-22,228.34,233.6899,227.43,230.53,14340230
2025-05-23,226.94,230.65,226.18,228.72,15385630
2025-05-27,232.865,236.48,231.1308,235.65,17941670
2025-05-28,237.15,240.99,234.425,239.43,20443000
2025-05-29,245.905,246.07,237.4,241.97,20768030
2025-05-30,241.215,243.17,234.9,242.07,27088560
2025-06-02,243.25,250,243.19,248.71,19197010
2025-06-03,250.075,257.88,249.4,256.85,30380250
2025-06-04,258.06,265.43,257.59,261.08,31536050
2025-06-05,262.95,264.89,259.06,259.93,42334080
2025-06-06,251.14,255.32,246.1348,246.93,41146650
2025-06-09,245.045,248.17,241.11,244.28,25334080
2025-06-10,244.215,246.2795,241.4,244.63,25491290
2025-06-11,246.355,254.77,243.8,252.91,24598990
2025-06-12,250.185,257.89,249.5,256.07,20410900
2025-06-13,250.66,254,248.35,248.7,19028440
2025-06-16,250.35,255.19,249.565,252.1,20363010
2025-06-17,250.95,253.96,247.92,249.37,22014310
2025-06-18,250.89,255.64,249.41,251.26,30435490
2025-06-20,253.21,253.52,244.17,249.99,42134900
2025-06-23,249.105,254.21,246.46,253.77,19747030
2025-06-24,258.77,265.87,258.77,263.77,32764860
2025-06-25,266,269.87,263.43,264.65,18894160
2025-06-26,265.075,271.67,264.125,270.17,23569590
2025-06-27,270.3,271.85,266.88,269.35,27477580
2025-06-30,274.73,277.705,272.13,275.65,24708430
2025-07-01,274.4,274.5,262.6555,264.74,28847630
2025-07-02,263.99,272,262.73,269.9,17582090
2025-07-03,270.73,275.8,270.12,275.18,10592660
2025-07-07,275.13,277.56,272.66,274.18,16760620
2025-07-08,276.345,276.345,271.1545,271.8,14869410
2025-07-09,272.96,279.45,272.72,277.9,20133000
2025-07-10,279.785,281.18,272.7,275.4,17891600
2025-07-11,274.14,276.47,271.89,274.38,14274670
2025-07-14,274.13,278.355,269.58,275.6,11934240
2025-07-15,279.805,283.36,277.8501,280.94,17918350
2025-07-16,280.105,281.51,275.67,280.81,15031020
2025-07-17,281.14,288.28,279.91,286.45,17231100
2025-07-18,287.11,287.53,281,283.34,15012410
2025-07-21,283.955,290.54,283.63,288.21,17726800
2025-07-22,287.655,288,276.43,278.59,16564830
2025-07-23,276.78,284,273,283.69,20556240
2025-07-24,289.79,291.2,283.5,288.71,16413780
2025-07-25,288.07,292.5943,287.27,290.18,12476250
2025-07-28,292.46,295.45,290.59,294.3,13683380
2025-07-29,297.5,302.19,294.87,297.42,19210780
2025-07-30,297.15,303.255,295.8,302.62,16738930
2025-07-31,302.8,306.949,290.225,293.7,25488480
2025-08-01,286.535,292.6365,281.61,288.64,21428130
2025-08-04,292.2,298.48,291.4,297.72,17164630
2025-08-05,297.81,301.2,291.45,292.93,18477470
2025-08-06,292.9,302.81,291.9044,301.67,17392100
2025-08-07,306.17,310.34,299.8807,303.76,16319440
2025-08-08,304.05,307.87,302.5518,304.97,12458750
2025-08-11,305.05,308.31,301.29,303.9,12396380
2025-08-12,306.63,313.44,304.665,312.83,17624010
2025-08-13,316.75,317.35,304.75,309.09,17371170
2025-08-14,307.01,314.1651,307.0001,311.23,15717630
2025-08-15,311.03,311.5,299.76,306.34,22806940
2025-08-18,302.7,306.17,299,305.76,14724670
2025-08-19,302.415,302.8999,292.39,294.91,20149580
2025-08-20,295.46,295.49,281.87,291.17,23600510
2025-08-21,290.06,292.385,286.17,289.6,14946310
2025-08-22,291.745,300.09,289.0101,294,16301330
2025-08-25,292.81,298.4016,291.71,294.23,15124750
2025-08-26,294.35,300.2499,293.99,298.01,25689110
2025-08-27,297.53,301.18,293.78,300.25,13830300
2025-08-28,302.928,311,302.333,308.65,18907050
2025-08-29,307.01,307.01,293.66,297.39,21610680
2025-09-02,289.34,298.71,287.17,298.24,19693020
2025-09-03,302.29,304.45,296.4,302.39,18529390
2025-09-04,305.06,308.78,302.2501,306.1,31220800
2025-09-05,355.78,356.34,331.42,334.89,78401550
2025-09-08,342.75,354.1656,341.2501,345.65,43535640
2025-09-09,349.545,350.98,335.83,336.67,26972320
2025-09-10,351.52,372.97,350.55,369.57,51086830
2025-09-11,371.18,374.23,358.7604,359.63,29430950
2025-09-12,362.91,364.385,357.16,359.87,31949800
2025-09-15,359.87,365.5,356.34,364.09,21792190
2025-09-16,365.425,365.69,356.99,360,21306510
2025-09-17,358.85,359.93,341.5,346.17,45197130
2025-09-18,350,350.7,343.79,345.35,24663890
2025-09-19,344.65,346.27,336.43,344.94,41240070
2025-09-22,342.425,346.67,337.94,338.79,28660030
2025-09-23,340.24,345.215,337.0216,338.94,21944080
2025-09-24,339.755,340.0799,333.81,339.31,19677300
2025-09-25,332.99,338.062,327.3,336.1,21678190
2025-09-26,337.43,339.08,330.5801,334.53,15464700
2025-09-29,336,341.05,327.55,327.9,21336000
2025-09-30,330.12,331.05,324.61,329.91,20109460
