date,open,high,low,close,volume
2019-01-02,25.927999999999997,26.974990000000005,25.658,26.766000000000005,116129700
2019-01-03,27.02,27.579000000000004,26.443,27.12,149469700
2019-01-04,28.188000000000002,29.78,27.854000000000003,29.757,192994500
2019-01-07,30.210000000000004,31.680000000000003,30.165,31.534,185862600
2019-01-08,31.998000000000005,32.0593,30.801000000000002,32.027,152795500
2019-01-09,31.771,32.33508,31.35,31.996,133079800
2019-01-10,31.457,32.537,31.25,32.466,133981800
2019-01-11,33.096,34.109,32.852,33.759,194586900
2019-01-14,33.424,33.548,32.913000000000004,33.294000000000004,104604200
2019-01-15,34.96,35.722,34.7,35.464,211334500
2019-01-16,35.4,35.885000000000005,34.811,35.139,153456700
2019-01-17,34.95,35.579,34.641000000000005,35.319,182383500
2019-01-18,35.197,35.300000000000004,33.673,33.910000000000004,265833400
2019-01-22,33.489,33.688,32.103,32.516000000000005,179094400
2019-01-23,32.825,33.175000000000004,31.860000000000003,32.199000000000005,134562600
2019-01-24,32.06,33.18,31.900000000000002,32.667,111150400
2019-01-25,32.87200000000001,34,32.851,33.805,111470400
2019-01-28,33.47,33.63,32.888,33.566,86394030
2019-01-29,33.587,33.822,32.8151,32.89,76198080
2019-01-30,33.275,34.178,33.080000000000005,34.066,90812660
2019-01-31,33.968,34.599000000000004,33.80919,33.95,84937250
2019-02-01,33.718,34.684,33.65,33.98500000000001,98226150
2019-02-04,34.260000000000005,35.2,34.13,35.134,90240970
2019-02-05,35.32,36,35.29,35.581,90307200
2019-02-06,35.7,35.704,34.719,35.219,67072790
2019-02-07,34.79,34.875,33.902,34.471,78503530
2019-02-08,33.800000000000004,34.800000000000004,33.800000000000004,34.757,75502680
2019-02-11,35,35.287,34.481,34.573,54381190
2019-02-12,34.809,36,34.652,35.99700000000001,103881900
2019-02-13,35.730000000000004,35.96,35.028,35.177,105297100
2019-02-14,35.175000000000004,36.045,34.833,35.907000000000004,92803930
2019-02-15,35.847,36.44,35.550000000000004,35.687000000000005,92180660
2019-02-19,35.580000000000005,36.5,35.532000000000004,36.192,73796830
2019-02-20,36.48500000000001,36.671,35.67,35.99100000000001,81014120
2019-02-21,36.003,36.285000000000004,35.388,35.697,62171850
2019-02-22,36.034,36.613,36.005,36.302,70777530
2019-02-25,36.701,37.149,36.379000000000005,36.391000000000005,75375070
2019-02-26,36.298,36.57,35.933,36.49700000000001,49246160
2019-02-27,36.35,36.803,35.980000000000004,36.287,56216150
2019-02-28,36.24700000000001,36.639,35.770900000000005,35.81,61572850
2019-03-01,36.226,36.287,35.469150000000006,35.732,54661020
2019-03-04,35.972,36.225,34.80436,35.104000000000006,74789140
2019-03-05,35.146,35.617000000000004,34.825,35.43,59199360
2019-03-06,35.36000000000001,35.988,35.17,35.961000000000006,61941890
2019-03-07,36.016000000000005,36.286,35.050000000000004,35.260000000000005,61444010
2019-03-08,34.575,34.992000000000004,34.24700000000001,34.96,68912510
2019-03-11,35.2,35.898,35.003,35.886,53426090
2019-03-12,35.937000000000005,36.013,35.38,35.627,51617060
2019-03-13,35.581,36.248000000000005,35.2765,36.121,63991410
2019-03-14,36.050000000000004,36.384,35.81008,35.882,52639470
2019-03-15,36.102,36.4,35.889,36.146,84380900
2019-03-18,36.24700000000001,37.09705,36.186,36.344,71877420
2019-03-19,36.64,36.696,35.68,35.878,72347570
2019-03-20,35.891000000000005,37.589999999999996,35.701,37.522000000000006,107846800
2019-03-21,37.4,37.9,37.061,37.787,85229900
2019-03-22,37.595,37.643,36.004000000000005,36.101,86271850
2019-03-25,35.9,36.70399,35.744,36.623000000000005,84645120
2019-03-26,36.787,36.838,35.802,35.99700000000001,76482490
2019-03-27,36.1,36.24700000000001,35.037,35.337,78264260
2019-03-28,35.4485,35.594,34.92,35.461000000000006,43498200
2019-03-29,35.716,35.825,35.371,35.656,47006830
2019-04-01,35.9,36.833,35.851,36.696,69740450
2019-04-02,36.625,36.842000000000006,36.222,36.772000000000006,51144660
2019-04-03,36.926,37.34105,36.619,36.975,53664980
2019-04-04,37.007,37.205000000000005,36.24,36.788000000000004,46219650
2019-04-05,36.9,36.980000000000004,36.466,36.549,38988880
2019-04-08,36.511,36.594,35.993,36.141000000000005,46488770
2019-04-09,36.054,36.674,35.9,36.471,54314670
2019-04-10,36.579,36.88481,36.225,36.392,45379630
2019-04-11,36.5,37.012,36.081,36.765,64161550
2019-04-12,36.069,36.175000000000004,34.936,35.114,156055800
2019-04-15,35.071,35.221,34.227,34.887,88190810
2019-04-16,35.5,36.44787,35.272000000000006,35.946,184164500
2019-04-17,36.505,36.876400000000004,35.06,35.474000000000004,180093500
2019-04-18,35.5,36.041000000000004,35.164,36.035000000000004,83464700
2019-04-22,35.97,37.769,35.9,37.734,119599400
2019-04-23,37.545,38.480000000000004,37.470690000000005,38.189,99920220
2019-04-24,38.107,38.19,37.32698,37.423,65199780
2019-04-25,37.449000000000005,37.476,36.57,36.833,62425180
2019-04-26,36.835,37.514,36.624,37.48500000000001,56158140
2019-04-29,37.368,37.457530000000006,36.911500000000004,37.183,37649110
2019-04-30,36.956,37.45,36.8348,37.054,38639730
2019-05-01,37.4,38.599000000000004,37.317460000000004,37.881,92572840
2019-05-02,37.800000000000004,38.35,37.451,37.906,53981670
2019-05-03,38.153,38.503,37.82717,38.503,51303010
2019-05-06,37.769,38.135000000000005,37.6,37.867000000000004,57931440
2019-05-07,37.7,37.99100000000001,36.581,37.046,69749240
2019-05-08,36.792,36.9,36.136,36.437000000000005,65719570
2019-05-09,36.089999999999996,36.42,35.275,36.275,58825720
2019-05-10,36.162,36.52578,35.306000000000004,36.104000000000006,56571230
2019-05-13,35.229000000000006,35.426,34.31,34.526,80266970
2019-05-14,34.871,34.995,34.25,34.561,53530290
2019-05-15,34.333999999999996,35.65,34.139,35.499,63401180
2019-05-16,35.637,36.4,35.3935,35.931000000000004,64414630
2019-05-17,35.639,35.962,35.3785,35.445,47254480
2019-05-20,35.123000000000005,35.241800000000005,34.54,34.811,46215150
2019-05-21,35.095,35.642500000000005,34.993,35.427,40263690
2019-05-22,35.801,37.046,35.730000000000004,35.973000000000006,62293890
2019-05-23,35.550000000000004,35.742000000000004,34.77,35.221,56304430
2019-05-24,35.541000000000004,35.944,35.3791,35.439,38309630
2019-05-28,35.439,36.12,35.364,35.478,47171440
2019-05-29,35.36000000000001,35.38476,34.589999999999996,34.919000000000004,56589130
2019-05-30,35.055,35.421,34.830000000000005,35.185,40080420
2019-05-31,34.722,34.934,34.292,34.327999999999996,50234490
2019-06-03,34.356,34.766000000000005,33.265,33.663000000000004,78495890
2019-06-04,34.5,35.361000000000004,34.325,35.339999999999996,78916320
2019-06-05,35.438,35.788000000000004,34.871,35.573,50200810
2019-06-06,35.484,35.821,35.208999999999996,35.713,37099550
2019-06-07,35.739,36.515,35.569,36.087,47773210
2019-06-10,36.365,36.71,34.92850000000001,35.201,78102610
2019-06-11,35.5,35.758,34.85,35.127,53967120
2019-06-12,35.182,35.361000000000004,34.323,34.556000000000004,45847040
2019-06-13,34.723000000000006,34.85,33.925000000000004,34.343,62093470
2019-06-14,34.163000000000004,34.339999999999996,33.6155,33.973000000000006,50190110
2019-06-17,34.269,35.177,34.206,35.062000000000005,53582190
2019-06-18,35.557,36.15,35.375,35.712,54285420
2019-06-19,36.172000000000004,36.474000000000004,35.612,36.352,56671560
2019-06-20,36.591,37.012,36.1215,36.521,58994670
2019-06-21,36.5,37.145,36.5,36.921,74483560
2019-06-24,37.027,37.5,37.02,37.104000000000006,48302400
2019-06-25,37.075,37.09994,35.829,36.03,57503830
2019-06-26,36.160000000000004,36.679,36.160000000000004,36.22,36696770
2019-06-27,36.32,37.085,36.32,37.002,41385750
2019-06-28,37.026,37.15448,36.487,36.732,45927060
2019-07-01,37.35,37.666000000000004,37.2,37.46,50015180
2019-07-02,37.489,37.6,37.031,37.543,36289620
2019-07-03,37.669000000000004,38.199000000000005,37.583999999999996,38.172000000000004,37990090
2019-07-05,37.829,38.14,37.5555,38.055,37321620
2019-07-08,37.819,37.825,37.536,37.61600000000001,31134020
2019-07-09,37.906,38.476,37.75,37.993,69328220
2019-07-10,38.277,38.43399,37.74,38.1,58787900
2019-07-11,38.11000000000001,38.45400000000001,37.88,37.95,43362870
2019-07-12,37.868,37.97375,37.27917,37.325,66369370
2019-07-15,37.294000000000004,37.368,36.230000000000004,36.660000000000004,79446800
2019-07-16,37.009,37.134,36.492000000000004,36.599000000000004,58632220
2019-07-17,36.625,36.65,36.175000000000004,36.244,136395400
2019-07-18,32.376,32.98500000000001,32.03,32.521,313059000
2019-07-19,32.339999999999996,32.585,31.423000000000002,31.510000000000005,163024800
2019-07-22,31.200000000000003,31.454000000000004,30.581000000000003,31.062,177253300
2019-07-23,31.144000000000002,31.35,30.6,30.730000000000004,91710680
2019-07-24,31.051000000000002,31.999000000000002,30.725,31.794,119618200
2019-07-25,31.886000000000003,32.769,31.630000000000003,32.646,107985000
2019-07-26,32.879000000000005,33.6,32.75,33.577999999999996,108475000
2019-07-29,33.598000000000006,33.64,32.877,33.27,57828170
2019-07-30,32.92,32.964999999999996,32.323,32.593,60293200
2019-07-31,32.516000000000005,33.177,31.852999999999998,32.299,62594940
2019-08-01,32.425000000000004,32.858,31.873500000000003,31.950000000000003,65631560
2019-08-02,31.749000000000002,31.941000000000003,31.180000000000003,31.883,62803430
2019-08-05,31.096,31.34179,30.467700000000004,30.763,86924850
2019-08-06,31.058,31.188000000000002,30.53,31.010000000000005,61790900
2019-08-07,30.256,30.5,29.681259999999998,30.429000000000002,93224330
2019-08-08,31.102999999999998,31.636480000000002,30.663,31.59,59058650
2019-08-09,31.374000000000002,31.664,30.568,30.893,53490590
2019-08-12,30.546,31.289,30.324,31.083,65317220
2019-08-13,30.977,31.643,30.816000000000003,31.227999999999998,53387610
2019-08-14,30.801000000000002,30.841000000000005,29.8005,29.911,73557530
2019-08-15,29.950000000000003,30.063000000000002,28.8,29.576,96833840
2019-08-16,29.886000000000003,30.355000000000004,29.627,30.28,70907570
2019-08-19,30.625,31.175,30.475,30.938000000000002,49517330
2019-08-20,30.457,30.5,29.768110000000004,29.899,73521620
2019-08-21,30.161,30.288,29.62,29.781000000000002,56897460
2019-08-22,29.865,30.033,29.314999999999998,29.693,49770420
2019-08-23,29.5,29.901,29.032,29.144000000000002,63311890
2019-08-26,29.524,29.695,29.25,29.498000000000005,46969820
2019-08-27,29.454000000000004,29.677,28.71968,29.102999999999998,63145590
2019-08-28,28.947000000000003,29.282,28.775000000000002,29.177,39580430
2019-08-29,29.5,29.993000000000002,29.499000000000002,29.677999999999997,43925320
2019-08-30,29.878,29.894000000000002,29.085000000000004,29.375,44479900
2019-09-03,29.082,29.39,28.806,28.929000000000002,36841770
2019-09-04,29.125,29.238,28.651,29.152,46536650
2019-09-05,28.532,29.397000000000006,28.278500000000005,29.325000000000003,89723560
2019-09-06,29.335000000000004,29.335000000000004,28.703,29.017000000000003,51665560
2019-09-09,29.481,30.155,29.060000000000002,29.433999999999997,82327440
2019-09-10,29.116000000000003,29.717000000000002,28.266289999999998,28.799000000000003,123202500
2019-09-11,28.57,29.265,28.461000000000002,28.826999999999998,74059490
2019-09-12,28.810000000000002,29.273000000000003,28.660000000000004,28.886000000000003,50109270
2019-09-13,29.061000000000003,29.662000000000003,29.004000000000005,29.415,65831240
2019-09-16,29.423000000000002,29.743000000000002,28.977999999999998,29.429000000000002,53073860
2019-09-17,29.450000000000003,29.915,29.179000000000002,29.860000000000003,48171190
2019-09-18,29.499000000000002,29.605000000000004,28.745,29.156000000000002,78415390
2019-09-19,29.156000000000002,29.381,28.34,28.660000000000004,85457610
2019-09-20,28.026,28.25,26.6,27.075000000000003,239541900
2019-09-23,26.834500000000006,27.339,26.189,26.592000000000002,136102900
2019-09-24,26.25,26.5,25.228,25.459000000000003,163928100
2019-09-25,25.571,26.660000000000004,25.37,26.475,118467500
2019-09-26,26.642000000000003,26.805000000000003,26.02,26.331000000000003,76968580
2019-09-27,26.617500000000003,26.744,26.039,26.308,73674910
2019-09-30,26.400000000000002,26.888,26.278,26.762,68231000
2019-10-01,26.735000000000003,27.22,26.403,26.958,87862840
2019-10-02,26.361000000000004,26.935000000000002,26.219,26.802999999999997,77732990
2019-10-03,26.778,26.884300000000003,25.701,26.814999999999998,90688100
2019-10-04,26.82,27.548460000000002,26.647000000000006,27.279000000000003,99927740
2019-10-07,27.199,27.668000000000003,27.128,27.445999999999998,67968110
2019-10-08,27.302999999999997,27.552999999999997,27.06427,27.072000000000003,63022690
2019-10-09,27.002,27.1,26.457,26.753,68434880
2019-10-10,26.597000000000005,28.052999999999997,26.503370000000004,28.048000000000002,109611900
2019-10-11,28.480000000000004,28.787000000000003,27.589470000000002,28.293000000000003,88173010
2019-10-14,28.393,28.693,28.200000000000003,28.552999999999997,55431200
2019-10-15,28.382,28.587000000000003,27.939999999999998,28.425,77281610
2019-10-16,28.312,28.817000000000004,28.074310000000004,28.628,184133400
2019-10-17,30.449,30.875,28.83001,29.335000000000004,384623400
2019-10-18,28.936000000000003,29.09,27.336000000000002,27.53,234496400
2019-10-21,27.289,27.993990000000004,26.900000000000002,27.805000000000003,126339600
2019-10-22,27.1159,27.541000000000004,26.580000000000002,26.669,118655900
2019-10-23,26.806,27.392000000000003,26.663,27.127,71544300
2019-10-24,27.181,27.402,26.880000000000003,27.150000000000002,49110330
2019-10-25,27.068,27.777,27.018,27.682000000000002,47478290
2019-10-28,27.805000000000003,28.575000000000003,27.735000000000003,28.186000000000003,62484330
2019-10-29,28.187,28.441000000000003,27.754500000000004,28.121,43561810
2019-10-30,28.433999999999997,29.349000000000004,28.3,29.145,93455620
2019-10-31,29.1,29.145,28.477999999999998,28.741000000000003,50900210
2019-11-01,28.87,28.912000000000003,28.302,28.681,55942930
2019-11-04,28.8,29.539,28.716000000000005,29.286,55662130
2019-11-05,28.999000000000002,29.119,28.631,28.802999999999997,40623700
2019-11-06,28.819000000000003,29.056,28.584,28.858999999999998,34382570
2019-11-07,29.07,29.819000000000003,28.826790000000003,28.957,59284710
2019-11-08,28.873000000000005,29.399,28.750500000000002,29.157,45095880
2019-11-11,28.916000000000004,29.636000000000003,28.85,29.418000000000003,39458850
2019-11-12,29.532,29.534500000000005,28.87,29.201,57748330
2019-11-13,29.102999999999998,29.341000000000005,28.114,28.311000000000003,92330660
2019-11-14,28.325000000000003,29.063000000000002,28.322000000000003,28.962000000000003,65397710
2019-11-15,29.058999999999997,29.581860000000002,28.7568,29.503,63377790
2019-11-18,29.6,30.499000000000002,29.328,30.257,86215660
2019-11-19,30.401,30.56699,29.852010000000003,30.260000000000005,59197100
2019-11-20,30.101,30.825000000000003,30.1,30.516000000000005,51155460
2019-11-21,30.6,31.269000000000002,30.42622,31.169,74883730
2019-11-22,30.910000000000004,31.14,30.441000000000003,31.048000000000002,59700560
2019-11-25,30.883,31.573000000000004,30.525000000000002,31.555000000000003,78789430
2019-11-26,31.5,31.650000000000002,31.169,31.249000000000002,53283480
2019-11-27,31.393,31.682000000000002,31.275000000000002,31.593000000000004,41009750
2019-11-29,31.578,31.662000000000003,31.334,31.466000000000005,24117490
2019-12-02,31.439,31.439,30.375,30.999000000000002,62231350
2019-12-03,30.222000000000005,30.736000000000004,30.188000000000002,30.616000000000003,52724470
2019-12-04,30.843000000000004,30.843000000000004,30.32727,30.432000000000002,35135510
2019-12-05,30.527,30.648000000000003,29.881,30.286,46188670
2019-12-06,30.47,30.78495,30.260000000000005,30.735000000000003,44596840
2019-12-09,30.735000000000003,31.149,30.244,30.25,57660060
2019-12-10,29.612000000000002,29.894000000000002,29.201999999999998,29.312,104812400
2019-12-11,29.449,29.943,29.42,29.893,56071550
2019-12-12,29.567000000000004,29.916500000000003,29.506,29.844,47714040
2019-12-13,29.85,30.180000000000003,29.725,29.85,38830690
2019-12-16,30.085000000000004,30.570999999999998,29.863,30.421,46601660
2019-12-17,30.736000000000004,31.680000000000003,30.660000000000004,31.548000000000002,104371300
2019-12-18,31.626,32.536,31.560000000000002,32.080000000000005,112107400
2019-12-19,32.45,33.283,32.418,33.222,98333550
2019-12-20,33.5,33.800000000000004,33.06,33.69,99232600
2019-12-23,33.776,33.795,33.10201,33.31,57679370
2019-12-24,33.401,33.57,33.160000000000004,33.32,20193220
2019-12-26,33.46,33.64623,33.201,33.263,35958540
2019-12-27,33.296,33.382,32.601,32.909,50371560
2019-12-30,32.908,32.9185,32.286,32.331,43152670
2019-12-31,32.2,32.4916,32.109,32.357,37148370
2020-01-02,32.61000000000001,32.998000000000005,32.478,32.981,43484930
2020-01-03,32.678,32.98599,32.553,32.589999999999996,37954660
2020-01-06,32.312000000000005,33.636,32.12,33.583,56685770
2020-01-07,33.647000000000006,33.67,33.03,33.075,47424580
2020-01-08,33.149,34.27,33.105000000000004,33.926,71091170
2020-01-09,34.2,34.34196,33.46101,33.566,47174300
2020-01-10,33.713,33.85,32.727,32.905,47205400
2020-01-13,33.18,34.085,33.151,33.892,62961740
2020-01-14,34.44,34.538000000000004,33.552,33.869,72015440
2020-01-15,33.868,34.317,33.660000000000004,33.907000000000004,51580350
2020-01-16,34.35,34.3555,33.585,33.862,50159970
2020-01-17,34.1,34.157000000000004,33.738,33.967000000000006,60665470
2020-01-21,34,34.1,33.259,33.811,143503200
2020-01-22,33.255,33.63,32.36000000000001,32.6,217299600
2020-01-23,32.604000000000006,34.988,32.501,34.96,182002900
2020-01-24,34.846,35.98500000000001,34.588,35.316,179396800
2020-01-27,34.595,35.19,34.102,34.288000000000004,77094820
2020-01-28,34.588,35.24,34.278,34.852,68215810
2020-01-29,34.9,34.94,33.855000000000004,34.316,76491830
2020-01-30,34.11000000000001,34.82,33.925000000000004,34.774,53281360
2020-01-31,34.739,34.739,34.098000000000006,34.509,52300010
2020-02-03,34.724000000000004,35.963,34.628,35.800000000000004,66748850
2020-02-04,36.1,36.957,35.609640000000006,36.901,71614510
2020-02-05,37.5125,37.525,36.230000000000004,36.967000000000006,64370260
2020-02-06,36.96,37.15499,36.2505,36.695,39204280
2020-02-07,36.504000000000005,37.18,36.357,36.677,43852270
2020-02-10,36.5,37.480000000000004,36.252,37.107,52941380
2020-02-11,37.375,37.811,36.972,37.369,47728700
2020-02-12,37.718,38.062000000000005,37.588,38.001,46247720
2020-02-13,37.696,38.537000000000006,37.651,38.14,44853830
2020-02-14,38.147000000000006,38.515,37.943419999999996,38.04,37362660
2020-02-18,37.93,38.95400000000001,37.919000000000004,38.778,51804000
2020-02-19,38.812000000000005,39.295,38.49,38.619,48963680
2020-02-20,38.656000000000006,38.97,37.668,38.6,40794250
2020-02-21,38.533,38.732,37.79008,38.007,39356180
2020-02-24,36.476,37.282000000000004,36.1,36.87,69364180
2020-02-25,37.2,37.565,35.772000000000006,36.009,64812430
2020-02-26,36.631,38.2,36.5,37.924,89611260
2020-02-27,37.146,39.156240000000004,37.05962,37.171,109677000
2020-02-28,36.421,37.677,35.68,36.903,111785700
2020-03-02,37.311,38.136,36.4502,38.105000000000004,69978910
2020-03-03,38.103,39.352000000000004,36.74,36.877,83646230
2020-03-04,37.777,38.401,37.051,38.379000000000005,54873400
2020-03-05,38.1,39.14,36.86401,37.278,87469850
2020-03-06,36.77,37.131,35.685,36.897000000000006,81471650
2020-03-09,34.386,35.74700000000001,34.17209,34.649,74054580
2020-03-10,35.642500000000005,36.454,34.785000000000004,36.413000000000004,76044440
2020-03-11,35.892,36.298,34.479000000000006,34.992000000000004,60587820
2020-03-12,32.65,33.572,30.732,31.525000000000002,120715900
2020-03-13,33.051,33.642,30.739,33.6295,94581970
2020-03-16,30.663,33.435,29.475,29.884,105599400
2020-03-17,30.619,32.29,29.025000000000002,31.975,100139100
2020-03-18,30.2395,33.15794,30,31.547000000000004,125936500
2020-03-19,32.433,34.851,31.682000000000002,33.202999999999996,106159600
2020-03-20,34.231,35.049,33.2,33.283,108538500
2020-03-23,34.789,36.611000000000004,34.08838,36.027,134493800
2020-03-24,36.999,37.293,35.30301,35.732,116386800
2020-03-25,36.102,36.2,33.917,34.239,87671710
2020-03-26,34.4,36.384,34.173,36.299,72350160
2020-03-27,35.909,36.856,35.300000000000004,35.712,79487750
2020-03-30,36.300000000000004,37.78,36.117000000000004,37.096,86219640
2020-03-31,36.793,38.301,36.644,37.550000000000004,93664640
2020-04-01,37.605000000000004,38.0233,36.102,36.408,66724540
2020-04-02,36.408,37.099000000000004,36.006,37.008,45924770
2020-04-03,36.74700000000001,37.089999999999996,35.751,36.176,48607680
2020-04-06,36.522000000000006,38.029,36.171,37.996,81839210
2020-04-07,38,38.133,36.934,37.228,70464380
2020-04-08,37.401,37.839,36.831,37.112,69088790
2020-04-09,37.106,37.21,36.303,37.072,77112960
2020-04-13,37.131,40.051,36.770030000000006,39.672000000000004,116929200
2020-04-14,39.75,41.782000000000004,39.48468,41.355000000000004,115809800
2020-04-15,41.300000000000004,43.498000000000005,41.225,42.675000000000004,135612200
2020-04-16,43.7,44.952,43.161,43.917,161286700
2020-04-17,43.1,43.2,41.469500000000004,42.296,126162600
2020-04-20,43.517,44.449000000000005,43.056000000000004,43.749,126558200
2020-04-21,44.477000000000004,44.7,42.56,43.383,231775500
2020-04-22,42.972500000000004,43.300000000000004,41.300000000000004,42.142,211237700
2020-04-23,41.926,43.841300000000004,41.926,42.67,139523300
2020-04-24,42.5,42.717000000000006,41.588,42.499,86703620
2020-04-27,42.5,42.900000000000006,42.084,42.138000000000005,62774800
2020-04-28,41.999,42.1,40.29101,40.383,101012300
2020-04-29,39.953,41.586000000000006,39.36000000000001,41.189,96931370
2020-04-30,41.031000000000006,42.444,40.800000000000004,41.98500000000001,79539750
2020-05-01,41.510000000000005,42.797000000000004,41.173,41.527,82998580
2020-05-04,41.778,42.854000000000006,41.487,42.815,77990580
2020-05-05,42.755500000000005,43.1,42.156000000000006,42.468,62862930
2020-05-06,42.93000000000001,43.977000000000004,42.6385,43.426,66607370
2020-05-07,43.689,43.888000000000005,43.066,43.653,56502810
2020-05-08,43.414,44.2,43.36389,43.55500000000001,50543080
2020-05-11,43.633,44.48899,43.556000000000004,44.052,54860370
2020-05-12,44.2,44.417,43.136,43.182,45982110
2020-05-13,43.569,44.7,42.727000000000004,43.827,70145630
2020-05-14,44.49,45.238,43.282000000000004,44.195,90074670
2020-05-15,44.07,45.5,43.751000000000005,45.419000000000004,72439980
2020-05-18,45.11600000000001,45.636,44.33500000000001,45.258,77803090
2020-05-19,45.3397,45.897000000000006,45.0465,45.104000000000006,48104870
2020-05-20,45.425000000000004,45.581,44.400000000000006,44.767,56072570
2020-05-21,44.856,44.896,43.025000000000006,43.625,91173250
2020-05-22,43.7,43.909,42.718,42.932,54223340
2020-05-26,42.777,42.85,41.314,41.477000000000004,78811150
2020-05-27,41.038000000000004,42.002,39.786,41.989000000000004,104463400
2020-05-28,41.724000000000004,42.23717,41.150000000000006,41.344,56601600
2020-05-29,41.746,42.029500000000006,41.185,41.973000000000006,52704840
2020-06-01,41.883,42.672000000000004,41.598000000000006,42.592000000000006,37485730
2020-06-02,42.587,42.759,41.946,42.731,34948010
2020-06-03,42.695,42.71000000000001,41.80500000000001,42.197,43160440
2020-06-04,42.239000000000004,42.871,41.003,41.433,54105290
2020-06-05,40.729000000000006,42.023920000000004,40.425000000000004,41.96000000000001,50995610
2020-06-08,41.6,42.080000000000005,40.650000000000006,41.949000000000005,58514530
2020-06-09,42.165,43.473000000000006,42.031000000000006,43.405,67969990
2020-06-10,43.6,43.969,43.05500000000001,43.44800000000001,48968930
2020-06-11,42.82,44.557,42.41601,42.556000000000004,74628680
2020-06-12,42.900000000000006,43.406000000000006,41.245000000000005,41.807,64611270
2020-06-15,42.14,42.649,41.54238000000001,42.550000000000004,44714990
2020-06-16,42.576,43.796,42.518,43.613,55140160
2020-06-17,44.182,45.046,43.922000000000004,44.777,65295680
2020-06-18,44.873000000000005,45.276,44.28,44.987,42776270
2020-06-19,44.912000000000006,45.397000000000006,44.56,45.37200000000001,59336510
2020-06-22,45.501000000000005,46.859,45.421,46.804,62721050
2020-06-23,46.650000000000006,47.401,46.45,46.626000000000005,59484360
2020-06-24,46.854000000000006,47.236000000000004,45.400000000000006,45.785000000000004,48261910
2020-06-25,45.886,46.701,45.400000000000006,46.59100000000001,41345130
2020-06-26,46.639,46.803,44.224000000000004,44.34,68047260
2020-06-29,44.523,44.767,43.214,44.724000000000004,48439780
2020-06-30,45.002,45.759,44.7,45.504000000000005,41985450
2020-07-01,45.400000000000006,48.82300000000001,45.400000000000006,48.564,97058700
2020-07-02,48.564,49.228,47.552580000000006,47.689,63514850
2020-07-06,48.077,49.95,47.980000000000004,49.381,78389900
2020-07-07,49.7311,50.482,49.083,49.316,56698700
2020-07-08,49.857600000000005,50.510000000000005,49.381,50.278,56916820
2020-07-09,50.84,51,49.578,50.776,58405410
2020-07-10,51.973000000000006,55.587990000000005,51.128,54.873000000000005,216055900
2020-07-13,56.798,57.537000000000006,52.096000000000004,52.550000000000004,183990200
2020-07-14,51.708000000000006,52.550000000000004,49.04900000000001,52.488,150833000
2020-07-15,51.629999999999995,52.900000000000006,51.018,52.326,100666500
2020-07-16,52.648,53.554,50.43627000000001,52.739000000000004,244989900
2020-07-17,49.487,50.359,48.414,49.29900000000001,249913500
2020-07-20,48.914,50.45,48.420010000000005,50.24100000000001,119403100
2020-07-21,50.6,50.62200000000001,48.861000000000004,49.010000000000005,91272180
2020-07-22,49.219,49.72,48.72,48.982,69540780
2020-07-23,49.113,49.19,47.20201,47.758,77220340
2020-07-24,46.877,48.717000000000006,46.754000000000005,48.045,77462470
2020-07-27,48.451,49.69200000000001,48.231,49.565,78630690
2020-07-28,49.602000000000004,49.779270000000004,48.77601000000001,48.851,59867270
2020-07-29,49.225,49.492000000000004,48.413000000000004,48.44800000000001,66117690
2020-07-30,48.07072,48.83500000000001,47.75101000000001,48.580000000000005,66085690
2020-07-31,48.82900000000001,49.480000000000004,48.45,48.888000000000005,59243100
2020-08-03,49.086000000000006,50.309,49.023,49.862,58761900
2020-08-04,49.865,51.044360000000005,49.865,50.964,56079680
2020-08-05,50.868,51.01021,50.120000000000005,50.211000000000006,43135260
2020-08-06,50.411,51.082,49.870000000000005,50.908,37258610
2020-08-07,50.545,50.82900000000001,48.668000000000006,49.473000000000006,59103480
2020-08-10,49.33500000000001,49.74584,47.86269,48.338,46911850
2020-08-11,47.975,48.092000000000006,46.655,46.693000000000005,73292260
2020-08-12,47.134,48.249,47.018,47.547000000000004,54412430
2020-08-13,47.84,48.445,47.645,48.133,30089330
2020-08-14,48.282000000000004,48.8325,48.021,48.268,29434870
2020-08-17,48.419000000000004,48.624,47.910000000000004,48.23500000000001,24235450
2020-08-18,48.435,49.53,48.28,49.187000000000005,35055180
2020-08-19,49.393,49.44985,48.35,48.453,31562180
2020-08-20,48.469,49.894000000000005,48.389,49.79,51324800
2020-08-21,49.646,49.813,49,49.231,39212930
2020-08-24,49.543800000000005,50.1,48.316,48.881,47621830
2020-08-25,48.819,49.24700000000001,48.509,49.058,57277210
2020-08-26,49.25,54.903999999999996,49.2075,54.753,203736800
2020-08-27,53.7775,54.1,52.12471000000001,52.627,90629120
2020-08-28,53.2,53.900000000000006,52.2,52.389,44175170
2020-08-31,52.116,53.199000000000005,51.75800000000001,52.955999999999996,49414090
2020-09-01,53.260000000000005,55.73895,53.245000000000005,55.655,95819070
2020-09-02,55.378,55.650000000000006,53.736900000000006,55.284000000000006,58869300
2020-09-03,54.5,55.400000000000006,52.132000000000005,52.575,90710890
2020-09-04,52.018,52.736000000000004,48.598000000000006,51.605,82701180
2020-09-08,49.84,52.2,49.5,50.702,55726840
2020-09-09,51.92100000000001,52,49.25743,50.019000000000005,68481270
2020-09-10,50.33500000000001,50.629000000000005,47.884,48.06700000000001,62401810
2020-09-11,48.648500000000006,49.373000000000005,47.681000000000004,48.203,50352000
2020-09-14,48.062000000000005,48.899,47.13001,47.626000000000005,73591260
2020-09-15,48.400000000000006,49.74700000000001,48.163000000000004,49.599000000000004,53369920
2020-09-16,49.999,50.46600000000001,48.331,48.386,44014120
2020-09-17,47.516000000000005,47.84,46.327,47.02,53793010
2020-09-18,47.251000000000005,47.94,45.86000000000001,46.996,67177110
2020-09-21,46.769200000000005,48.7775,46.632000000000005,48.73500000000001,54575390
2020-09-22,48.901,49.182,47.926,49.117000000000004,34823240
2020-09-23,49.104000000000006,49.104000000000006,46.900000000000006,47.06100000000001,37264230
2020-09-24,47.053,47.7,46.782000000000004,47.308,37272010
2020-09-25,47.439,48.487,46.802580000000006,48.288000000000004,37694360
2020-09-28,48.9109,49.2,47.788000000000004,49.065,47734970
2020-09-29,48.95,49.62868,48.653,49.348000000000006,35431930
2020-09-30,49.257000000000005,50.463,48.927040000000005,50.003,46341110
2020-10-01,50.603,52.955,50.36000000000001,52.751000000000005,81537100
2020-10-02,51.643,52.63714,50.27,50.306000000000004,60711650
2020-10-05,50.68000000000001,52.099000000000004,50.169970000000006,52.065,40880690
2020-10-06,51.87200000000001,52.18200000000001,50.416000000000004,50.587,41990340
2020-10-07,51.800000000000004,53.649,51.581500000000005,53.466,79886830
2020-10-08,53.348000000000006,53.5,52.415,53.179,53864880
2020-10-09,53.7834,54.428,53.5,53.94400000000001,47812590
2020-10-12,54.881,55.181,53.824000000000005,53.980999999999995,53910740
2020-10-13,54.056,55.765,53.720000000000006,55.409000000000006,56024980
2020-10-14,56.261,57.249,54.1,54.14500000000001,95100810
2020-10-15,54.552,55.12200000000001,53.510000000000005,54.19400000000001,51131260
2020-10-16,54.95,55.43300000000001,53.003,53.079,63473630
2020-10-19,53.70700000000001,54.18,52.538000000000004,53.072,75675060
2020-10-20,52.814,53.378,52.226,52.542,100471800
2020-10-21,50.103,50.685,48.825,48.905,174057100
2020-10-22,49.469,49.514,48.2,48.523,69979220
2020-10-23,48.81100000000001,49.006,48.135000000000005,48.828,49278620
2020-10-26,48.7025,49.682,47.89,48.824000000000005,61860870
2020-10-27,49.001000000000005,49.04900000000001,48.293000000000006,48.893,36271750
2020-10-28,48.636,49.400000000000006,48.328,48.624,59927310
2020-10-29,48.85,51.389990000000004,47.934,50.421,111206900
2020-10-30,50.201,50.588,47.221000000000004,47.574000000000005,78138970
2020-11-02,47.887,48.63,47.5,48.412000000000006,44081930
2020-11-03,48.493,49.5305,47.876000000000005,48.72200000000001,36902130
2020-11-04,49.536,50.773,49.398,49.695,51373300
2020-11-05,50.656000000000006,51.87337,50.345,51.376000000000005,53727810
2020-11-06,51.5,51.52100000000001,50.251000000000005,51.473000000000006,42363490
2020-11-09,48.554,49.58500000000001,46.726,47.050000000000004,104196800
2020-11-10,47.095,48.46000000000001,46.34100000000001,48.024,83061420
2020-11-11,48.300000000000004,49.168000000000006,47.826,49.076,54605320
2020-11-12,49.1,49.652,48.042550000000006,48.677,50711550
2020-11-13,48.677,48.894000000000005,47.78,48.284,30065100
2020-11-16,48,48.558,47.730000000000004,47.910000000000004,39535630
2020-11-17,48.012,48.751000000000005,47.885250000000006,48.063,36980820
2020-11-18,48.195,48.861000000000004,47.77212,48.179,36292370
2020-11-19,48.2,48.78,48.047000000000004,48.467000000000006,22546530
2020-11-20,48.522000000000006,49.476,48.157000000000004,48.824000000000005,42559240
2020-11-23,49.046,49.115,47.584,47.662000000000006,54165710
2020-11-24,47.884,48.405,47.589,48.288000000000004,35578940
2020-11-25,48.513000000000005,48.69,47.8919,48.5,35986290
2020-11-27,48.658,49.325,48.18450000000001,49.136,28057620
2020-11-30,49.008,49.255,48.126780000000004,49.07,35309400
2020-12-01,49.23404,50.947,49.19812,50.458,50632340
2020-12-02,50.162000000000006,50.679500000000004,49.35,50.338,30283580
2020-12-03,50.29900000000001,50.877,49.604000000000006,49.752,28261160
2020-12-04,49.75,50.45,49.364000000000004,49.831,36662430
2020-12-07,50.001000000000005,51.776,49.777,51.578,42892930
2020-12-08,51.79,52.14909,50.55500000000001,51.266,42289500
2020-12-09,51.053,51.45,49.129000000000005,49.36000000000001,41787680
2020-12-10,49.456,50.377,49.291000000000004,50.109,30182030
2020-12-11,49.5,50.334,49.48500000000001,50.322,32109280
2020-12-14,50.544000000000004,52.416030000000006,50.118,52.242,57704240
2020-12-15,51.85,52.470000000000006,51.355999999999995,51.978,33982090
2020-12-16,52.011,52.738,51.769000000000005,52.483000000000004,36823920
2020-12-17,52.900000000000006,53.54900000000001,52.644000000000005,53.29,31933770
2020-12-18,53.32000000000001,53.637,52.602000000000004,53.44500000000001,45026920
2020-12-21,53.004999999999995,53.262,52.115,52.891,38939640
2020-12-22,52.769000000000005,53.04,52.050000000000004,52.733000000000004,19085290
2020-12-23,52.476,52.632000000000005,51.42000000000001,51.44800000000001,23931870
2020-12-24,51.512,51.93450000000001,51.22104000000001,51.397000000000006,11439520
2020-12-28,51.643,52.366,50.713,51.912000000000006,28918670
2020-12-29,51.99,53.65478000000001,51.548010000000005,53.087,40223580
2020-12-30,53.013000000000005,53.325750000000006,52.36900000000001,52.459,18762860
2020-12-31,52.553,54.550000000000004,52.315020000000004,54.07300000000001,53923220
2021-01-04,53.900000000000006,54.08,51.508500000000005,52.286,44444070
2021-01-05,52.155,52.678,51.589,52.08,31338720
2021-01-06,51.197,51.309979999999996,49.95,50.04900000000001,53462100
2021-01-07,50.828,51.644000000000005,50.642,50.889,36864480
2021-01-08,51.131,51.324000000000005,50.451,51.04,29739490
2021-01-11,50.784,51.072500000000005,49.795,49.910000000000004,38127200
2021-01-12,50,50.109,48.56701,49.425000000000004,59904250
2021-01-13,49.55012,51.235420000000005,49.301,50.779,50320990
2021-01-14,50.73500000000001,51.45,49.958,50.086000000000006,41773570
2021-01-15,50,50.632000000000005,49.510000000000005,49.798,58957880
2021-01-19,50.1,50.925000000000004,49.35427000000001,50.177,123158100
2021-01-20,56.542,59.32877,55.68600000000001,58.63400000000001,326374500
2021-01-21,58.245000000000005,58.875,57.04,57.98400000000001,118406300
2021-01-22,58.21000000000001,58.399,56.435,56.516999999999996,75508220
2021-01-25,56.7,56.975,54.865,55.678,72073290
2021-01-26,55.473000000000006,56.79900000000001,55.406,56.193,50238470
2021-01-27,55.071000000000005,55.64187,51.57300000000001,52.328,86702770
2021-01-28,53.588,55.31482,53.074000000000005,53.86000000000001,59689780
2021-01-29,53.800000000000004,54.1,53.018,53.239000000000004,43252640
2021-02-01,53.679,54.506,53.173,53.903999999999996,35475070
2021-02-02,54.201,55.548,53.893499999999996,54.816,37675690
2021-02-03,55.016999999999996,55.048,53.82430000000001,53.94500000000001,31722880
2021-02-04,53.980999999999995,55.94800000000001,53.751000000000005,55.216,51645370
2021-02-05,55.226,55.44400000000001,54.54778,55.079,23761750
2021-02-08,55.5,55.5,54.370000000000005,54.792,27917210
2021-02-09,54.6,56.6,54.300000000000004,55.90700000000001,37034990
2021-02-10,56.25,56.665,55.3463,56.35900000000001,39912640
2021-02-11,56.4442,56.592999999999996,55.422000000000004,55.75900000000001,27305870
2021-02-12,55.69400000000001,56.124990000000004,55.08500000000001,55.652,21971280
2021-02-16,55.7286,56.363,55.273,55.728,26240970
2021-02-17,55.099000000000004,55.525000000000006,54.303,55.13400000000001,20715900
2021-02-18,54.900000000000006,55,53.82265,54.822,24576040
2021-02-19,54.800000000000004,54.899,53.88132000000001,54.022000000000006,28414570
2021-02-22,53.499,54.179,53.079,53.378,30785940
2021-02-23,52.500400000000006,54.854,51.828,54.615,41365320
2021-02-24,53.98,55.684990000000006,53.90650000000001,55.341,32450380
2021-02-25,55.027,55.648,53.575,54.67000000000001,42528790
2021-02-26,54.651,55.309000000000005,53.800000000000004,53.885000000000005,37555740
2021-03-01,54.5573,55.214,54.2,55.064,30421800
2021-03-02,55.334,55.699000000000005,54.602000000000004,54.78200000000001,30422260
2021-03-03,54.592999999999996,54.8005,51.781,52.07000000000001,53624430
2021-03-04,52.150000000000006,53.150000000000006,50.768,51.129000000000005,50347920
2021-03-05,51.19800000000001,51.776,49.87901,51.639,50699730
2021-03-08,51.446000000000005,51.88400000000001,49.285000000000004,49.333,39817580
2021-03-09,50.731,51.31100000000001,50.38221,50.644000000000005,34700420
2021-03-10,51.35,51.897000000000006,50.425000000000004,50.45400000000001,37714840
2021-03-11,51.22050000000001,53.023500000000006,51.071,52.306,47144690
2021-03-12,51.25,52.651,50.659,51.802,39817430
2021-03-15,51.632000000000005,52.072900000000004,50.803,52.025000000000006,34855190
2021-03-16,52.447,53.342,52.321000000000005,52.403,32388880
2021-03-17,52.2,52.83654000000001,51.43,52.44400000000001,28173760
2021-03-18,51.6396,51.79,50.385000000000005,50.479000000000006,40966060
2021-03-19,50.496,51.31900000000001,50.163000000000004,51.217999999999996,43863600
2021-03-22,50.913000000000004,52.931,50.913000000000004,52.31100000000001,33605870
2021-03-23,52.987,54.312000000000005,52.94,53.50900000000001,55834610
2021-03-24,53.378,53.442,52,52.080999999999996,41022110
2021-03-25,51.699000000000005,51.853,49.7,50.286,49267640
2021-03-26,50.282000000000004,50.87200000000001,49.668000000000006,50.80500000000001,34677970
2021-03-29,50.566,51.800000000000004,50.44,51.39500000000001,33300490
2021-03-30,51.0505,51.441,50.691,51.339,24181290
2021-03-31,51.567499999999995,52.813,51.54400000000001,52.166,35031110
2021-04-01,52.992999999999995,54.050000000000004,52.703,53.942,39386370
2021-04-05,54.001000000000005,54.285000000000004,52.923,54.067,33559040
2021-04-06,54.480999999999995,55.4165,54.33,54.453,34742050
2021-04-07,54.35,54.964,54.14500000000001,54.699000000000005,21513190
2021-04-08,55.113,55.6899,54.757000000000005,55.458000000000006,43098290
2021-04-09,55.269000000000005,55.69,54.711000000000006,55.531,28940340
2021-04-12,55.105,55.798,54.958000000000006,55.278,29440600
2021-04-13,55.7,55.975,55.03,55.373000000000005,27203440
2021-04-14,55.487,55.487,53.853,54.002,37402940
2021-04-15,54.417,55.349000000000004,54.266,54.922000000000004,31390500
2021-04-16,55.054,55.19800000000001,53.951,54.653999999999996,32090750
2021-04-19,54.69,55.644000000000005,54.553,55.44400000000001,42887150
2021-04-20,55.442,56.355999999999995,54.629999999999995,54.95700000000001,112576500
2021-04-21,50.800000000000004,51.54600000000001,50.36001,50.89,228974500
2021-04-22,51.382000000000005,51.39600000000001,50.05500000000001,50.878,90610620
2021-04-23,50.901,50.97,50.07,50.55500000000001,73146590
2021-04-26,50.676,51.048,50.300000000000004,51.03,43888390
2021-04-27,51.262,51.29900000000001,50.45808,50.55500000000001,37613270
2021-04-28,50.52,50.8395,50.334,50.652,31929830
2021-04-29,50.760000000000005,50.929,49.900000000000006,50.900000000000006,51277920
2021-04-30,50.5,51.455,50.5,51.34700000000001,44132420
2021-05-03,51.265,51.89500000000001,50.52,50.911,40918950
2021-05-04,51.078,51.163000000000004,49.679,50.318000000000005,43495020
2021-05-05,50.499,50.77843,49.463,49.608000000000004,31293660
2021-05-06,49.599000000000004,49.955000000000005,49.137,49.955000000000005,37836980
2021-05-07,50.462,50.855000000000004,50.112,50.384,31327860
2021-05-10,50.2,50.315,48.611000000000004,48.669000000000004,51316320
2021-05-11,47.975,49.79900000000001,47.863,49.508,44010000
2021-05-12,48.683,49.354000000000006,48.27,48.498000000000005,41215400
2021-05-13,48.913000000000004,49.0775,48.271,48.666000000000004,27165610
2021-05-14,48.786,49.48500000000001,48.659,49.337,28824640
2021-05-17,48.559,49.271,48.281000000000006,48.894000000000005,27010570
2021-05-18,48.8395,49.34778,48.618950000000005,48.628,23504960
2021-05-19,48.1625,48.857,47.854000000000006,48.77,33499300
2021-05-20,48.955000000000005,50.27,48.89750000000001,50.167,37212180
2021-05-21,50.312000000000005,50.54,49.726,49.789,33229250
2021-05-24,50.105000000000004,50.425000000000004,49.951,50.29,24125950
2021-05-25,50.6,50.636500000000005,49.922000000000004,50.134,26994590
2021-05-26,50.234,50.414,50.050000000000004,50.236000000000004,24653030
2021-05-27,50.18000000000001,50.510000000000005,49.854000000000006,50.386,32537730
2021-05-28,50.44,51.176,50.253,50.281000000000006,29112970
2021-06-01,50.401,50.541000000000004,49.77443,49.908,24825550
2021-06-02,49.982,50.322,49.582,49.92400000000001,22689790
2021-06-03,49.519000000000005,49.666000000000004,48.725,48.943000000000005,38874450
2021-06-04,49.2,50.18600000000001,49.095,49.474000000000004,31604870
2021-06-07,49.2917,49.67,49.05500000000001,49.46600000000001,27919320
2021-06-08,49.7,49.882000000000005,48.937000000000005,49.239000000000004,23740370
2021-06-09,49.45,49.609,48.465,48.581,30550290
2021-06-10,48.7165,49.021,48.214,48.727000000000004,43829280
2021-06-11,49,49.141000000000005,48.778,48.877,31239690
2021-06-14,48.968,50.35,48.691,49.989000000000004,44002220
2021-06-15,50.123000000000005,50.123000000000005,49.04,49.19,31040730
2021-06-16,49.5,49.646,48.628,49.24100000000001,35332060
2021-06-17,49.025000000000006,50.18000000000001,49.015,49.834,31982730
2021-06-18,49.64,50.449000000000005,49.524,50.077,51975760
2021-06-21,50.164,50.205000000000005,49.228,49.7,52772970
2021-06-22,49.854000000000006,51.355,49.5795,50.882000000000005,58092710
2021-06-23,50.848000000000006,51.663000000000004,50.82,51.274,39447820
2021-06-24,51.79600000000001,52.096000000000004,51.44001,51.806,33612020
2021-06-25,52.88400000000001,53.306,52.5,52.70700000000001,52990720
2021-06-28,52.812000000000005,53.39399,52.455999999999996,53.303,28202270
2021-06-29,53.355,53.613,52.857000000000006,53.35,23146470
2021-06-30,53.405499999999996,53.438,52.68200000000001,52.821000000000005,27734450
2021-07-01,52.572,53.704,52.572,53.354,28054020
2021-07-02,53.550000000000004,53.85351000000001,52.939,53.398,19803160
2021-07-06,53.300000000000004,54.286,53.300000000000004,54.164,27750510
2021-07-07,54.42400000000001,54.464,53.166,53.596000000000004,27224980
2021-07-08,53.092999999999996,53.550000000000004,52.909000000000006,53.076,32689880
2021-07-09,53.1,53.826,52.858000000000004,53.598000000000006,27772310
2021-07-12,54.03,54.06497000000001,53.292,53.730999999999995,17807380
2021-07-13,53.576,54.53300000000001,53.576,54.068,27515930
2021-07-14,54.101,55.410000000000004,54.101,54.79500000000001,46595350
2021-07-15,55.397000000000006,55.75399,53.82000000000001,54.29500000000001,57138730
2021-07-16,54.181,54.406,52.705,53.031,34421010
2021-07-19,52.605,53.4913,52.22401,53.228,38857640
2021-07-20,52.607000000000006,53.664,52.03,53.105,69304400
2021-07-21,52.613,53.099000000000004,50.56100000000001,51.363,119067900
2021-07-22,51.0206,51.367999999999995,50.7,51.177,43280610
2021-07-23,51.216,51.741,50.46600000000001,51.541,38204780
2021-07-26,51.438,52.113,50.90101000000001,51.649,22545380
2021-07-27,51.80800000000001,52.19500000000001,51.205,51.891,27590370
2021-07-28,52.18200000000001,52.447,51.69800000000001,51.93,23904660
2021-07-29,51.99600000000001,52.07799,51.37927,51.425000000000004,17360140
2021-07-30,51.269000000000005,51.979,51.09642,51.757000000000005,25371070
2021-08-02,51.900000000000006,51.98500000000001,51.051,51.515,20966320
2021-08-03,51.439,51.563,50.537000000000006,51.082,25794270
2021-08-04,51.300000000000004,51.798,51.037000000000006,51.73500000000001,20393740
2021-08-05,51.713,52.541,51.402,52.489000000000004,25566870
2021-08-06,52.400000000000006,52.684000000000005,51.939,52.055,19197980
2021-08-09,52.114689999999996,52.26699,51.79900000000001,51.99700000000001,13677820
2021-08-10,52,52.079,51.29650000000001,51.584,19605440
2021-08-11,51.7,51.95700000000001,50.977000000000004,51.24,16739040
2021-08-12,51.18600000000001,51.300000000000004,50.72014,51.072,16861700
2021-08-13,51.264,52.144000000000005,51.151,51.592,21777360
2021-08-16,51.524,52.338,51.23,51.792,20331760
2021-08-17,51.54650000000001,52.079,51.42000000000001,51.891,23098030
2021-08-18,52,52.638000000000005,51.865,52.187000000000005,25820460
2021-08-19,52.274,54.839,52.187000000000005,54.37100000000001,74972920
2021-08-20,54.50900000000001,55.13883,53.910000000000004,54.688,37764290
2021-08-23,54.598000000000006,55.555,54.374,55.333000000000006,26020100
2021-08-24,55.14840000000001,55.53141000000001,54.927,55.341,21095250
2021-08-25,55.016,55.284000000000006,54.54500000000001,54.75800000000001,20656210
2021-08-26,54.616,55.260400000000004,54.59,55.012,15954990
2021-08-27,55.160000000000004,56.417,54.925000000000004,55.891999999999996,32525950
2021-08-30,55.725,56.716480000000004,55.64500000000001,56.617999999999995,24348390
2021-08-31,56.612,56.94800000000001,56.161100000000005,56.91900000000001,24318860
2021-09-01,56.900000000000006,59.1,56.900000000000006,58.20700000000001,56262140
2021-09-02,58.367999999999995,59.87567000000001,58.367999999999995,58.855,61847820
2021-09-03,58.58,59.18783,58.314,59.053,26840050
2021-09-07,59.46900000000001,61.385000000000005,59.399,60.67100000000001,58309790
2021-09-08,60.38400000000001,61.56,59.571000000000005,60.605,54245030
2021-09-09,60.647000000000006,60.94400000000001,59.655,59.754,29542140
2021-09-10,59.816,60.94500000000001,59.367,59.87200000000001,39507640
2021-09-13,59.857000000000006,59.857000000000006,58.2775,58.929,30628710
2021-09-14,58.489000000000004,58.728,57.556,57.776,34569580
2021-09-15,57.817,58.462,57.537000000000006,58.287000000000006,27556150
2021-09-16,58.43,58.748000000000005,57.772000000000006,58.650000000000006,18320280
2021-09-17,58.785000000000004,59.028,58.085010000000004,58.935,41451450
2021-09-20,58.679,59.153,56.80800000000001,57.543,37322270
2021-09-21,57.830999999999996,58.188,56.937000000000005,57.314,22508840
2021-09-22,57.96900000000001,59.565,57.96900000000001,59.065,40218450
2021-09-23,59.079,59.93200000000001,58.91301,59.326,25261610
2021-09-24,59.25,59.298,58.364000000000004,59.239000000000004,21262460
2021-09-27,58.79500000000001,59.358000000000004,57.693,59.264,25047380
2021-09-28,58.900000000000006,59.95353,58.016,58.385000000000005,44310510
2021-09-29,58.901,60.98799,58.801,59.906,62210260
2021-09-30,60.805,61.900000000000006,60.805,61.034000000000006,66160400
2021-10-01,60.42400000000001,61.499,59.7505,61.315,40908470
2021-10-04,61.339,62.612500000000004,59.467999999999996,60.33500000000001,49959320
2021-10-05,60.69400000000001,64.039,60.689,63.480999999999995,95342930
2021-10-06,62.818,63.986990000000006,62.636,63.910000000000004,45804340
2021-10-07,64.22250000000001,64.68400000000001,63.04500000000001,63.185,35568860
2021-10-08,63.4165,64.38,63.086000000000006,63.266,32720930
2021-10-11,63.319500000000005,63.942,62.678,62.704,28624700
2021-10-12,63.302,63.7655,62.199000000000005,62.49400000000001,32273490
2021-10-13,63.217909999999996,63.217909999999996,62.21000000000001,62.976,24246380
2021-10-14,63.223000000000006,63.688,62.679,63.379999999999995,26725350
2021-10-15,63.800000000000004,63.942,62.516,62.829,41168740
2021-10-18,63.21000000000001,63.841,62.05901,63.797000000000004,46690710
2021-10-19,63.69690000000001,64.10000000000001,63.23,63.900000000000006,76331470
2021-10-20,62.5573,63.74,61.715,62.514,106220000
2021-10-21,62.889,65.401,62.865,65.316,84370700
2021-10-22,65.181,66.546,65.181,66.478,61860160
2021-10-25,66.37400000000001,67.58800000000001,65.70700000000001,67.166,38335260
2021-10-26,67.376,67.64899000000001,66.277,66.852,29048400
2021-10-27,66.9,67.141,66.185,66.292,22769140
2021-10-28,67.0949,67.67999999999999,66.803,67.405,28594090
2021-10-29,67.306,69.09699,67.12400000000001,69.03099999999999,38252790
2021-11-01,68.90599999999999,68.997,67.654,68.117,31109110
2021-11-02,68.311,68.768,67.382,67.772,38885970
2021-11-03,67.727,68.93900000000001,67.727,68.829,23348520
2021-11-04,68.589,68.59400000000001,66.55,66.84,48650230
2021-11-05,66.397,66.56400000000001,64.501,64.572,52834880
2021-11-08,65.029,65.60000000000001,64.379,65.14500000000001,28875230
2021-11-09,65.37,66.05,65.052,65.599,24156300
2021-11-10,65.301,66.03306,64.211,64.691,24057850
2021-11-11,65.024,66.58200000000001,64.9705,65.75800000000001,28683110
2021-11-12,66.001,68.334,65.382,68.26100000000001,41984100
2021-11-15,68.1235,68.52599000000001,67.149,67.933,28721860
2021-11-16,67.827,68.83599000000001,67.69,68.74,20773870
2021-11-17,69,70.09894000000001,68.60900000000001,69.16900000000001,27328310
2021-11-18,69.161,69.174,67.9735,68.202,20149920
2021-11-19,69.235,69.416,67.5,67.88,26148520
2021-11-22,67.602,67.94800000000001,65.647,65.92,27653180
2021-11-23,65.818,66.643,64.605,65.40599999999999,23209170
2021-11-24,65.801,66.144,65.11,65.829,18672820
2021-11-26,67.5,67.6405,66.067,66.56400000000001,28725130
2021-11-29,66.32000000000001,66.799,65.829,66.384,25293640
2021-11-30,66.8198,67.538,64.001,64.19,56089190
2021-12-01,64.94800000000001,65.452,61.70700000000001,61.777,38970190
2021-12-02,61.71000000000001,62.536,61.288000000000004,61.647000000000006,33311310
2021-12-03,62.275000000000006,62.550000000000004,59.400000000000006,60.213,48292820
2021-12-06,60.601,61.729,60.1,61.269000000000005,30756720
2021-12-07,61.983000000000004,62.889,61.14,62.55800000000001,31251900
2021-12-08,63,63.24550000000001,62.32000000000001,62.80800000000001,22203080
2021-12-09,62.75800000000001,63.024,61.04400000000001,61.1,23763210
2021-12-10,61.678,61.774,60.588,61.166,27487740
2021-12-13,61.2,61.264,59.952,60.455999999999996,25179150
2021-12-14,59.87100000000001,60.229,58.813,59.79900000000001,29845360
2021-12-15,59.818,60.56900000000001,58.451,60.504,28661960
2021-12-16,59.709,60.28308,58.800000000000004,59.105999999999995,31432170
2021-12-17,59.161,59.325,58.17400000000001,58.673,44337060
2021-12-20,58.643,60.28847,58.426,59.374,33584040
2021-12-21,59.754340000000006,60.78200000000001,59.38611,60.492,23193900
2021-12-22,60.336000000000006,61.482000000000006,60.263000000000005,61.42400000000001,23357450
2021-12-23,61.64,61.688,60.757000000000005,61.409000000000006,16211460
2021-12-27,61.5,61.5,60.925000000000004,61.312000000000005,20622330
2021-12-28,61.495000000000005,61.841,60.96900000000001,61.071000000000005,18841160
2021-12-29,61.071000000000005,61.398,60.467999999999996,61.054,12875130
2021-12-30,61.29900000000001,62.06100000000001,61.12401,61.209,16250930
2021-12-31,61.001000000000005,61.407500000000006,60.205,60.24400000000001,19959180
2022-01-03,60.56100000000001,60.999,59.056,59.737,30688080
2022-01-04,59.991,60.04099,58.160000000000004,59.115,43931350
2022-01-05,59.2,59.284000000000006,56.688,56.752,41487490
2022-01-06,55.434000000000005,56.336000000000006,54.201,55.329,57117950
2022-01-07,54.946000000000005,55.342999999999996,53.82175,54.105999999999995,33828730
2022-01-10,53.849000000000004,54.36900000000001,52.632000000000005,53.98500000000001,44861450
2022-01-11,53.699000000000005,54.391,53.007000000000005,54.084,30778360
2022-01-12,54.427,54.427,53.202,53.72200000000001,37873720
2022-01-13,53.705999999999996,54.079,51.826,51.92000000000001,44750630
2022-01-14,51.760000000000005,53.837,51.188,52.56900000000001,78611090
2022-01-18,52.00800000000001,52.175000000000004,50.868,51.080000000000005,48444180
2022-01-19,51.5,52.321000000000005,51.051,51.586000000000006,43535080
2022-01-20,51.775000000000006,52.664,50.693000000000005,50.825,126589900
2022-01-21,40.042500000000004,40.91499,37.999,39.75,589042700
2022-01-24,38.391000000000005,38.726,35.146,38.715,323867800
2022-01-25,37.914,38.771,36.513,36.642,151458200
2022-01-26,37.827,38.266000000000005,35.662,35.97,126839800
2022-01-27,38.206,39.480000000000004,37.81,38.67,243247500
2022-01-28,38.676,38.7,37.208,38.43600000000001,119666100
2022-01-31,40.197,42.77,39.82,42.714,200474500
2022-02-01,43.296,45.848000000000006,42.554010000000005,45.713,225681000
2022-02-02,44.825,45.19800000000001,42.648,42.94800000000001,143460100
2022-02-03,42.144000000000005,42.926,40.428,40.56,99052100
2022-02-04,40.731,41.277,39.66391,41.017,77897980
2022-02-07,41.017,41.23500000000001,39.355000000000004,40.21000000000001,82328590
2022-02-08,39.818000000000005,40.661,39.583,40.353,68185430
2022-02-09,40.865,41.298,39.879000000000005,41.289,77382270
2022-02-10,40.21000000000001,40.800000000000004,39.636,40.627,84529150
2022-02-11,40.533,41.161030000000004,38.765,39.131,75589390
2022-02-14,38.759,40.93600000000001,38.6891,39.657000000000004,72021550
2022-02-15,40.379000000000005,40.91619,40.101,40.746,53956410
2022-02-16,40.153,40.156000000000006,39.03842,39.808,52776500
2022-02-17,39.423500000000004,39.911,38.57,38.667,46692220
2022-02-18,39.253,40.287000000000006,38.90466000000001,39.129000000000005,68016680
2022-02-22,38.895,39.242000000000004,37.302,37.738,66975150
2022-02-23,38.272000000000006,38.6,36.666000000000004,36.746,46142900
2022-02-24,35.509,39.07300000000001,35.472,39.003,70687240
2022-02-25,38.661,39.129000000000005,37.558,39.080000000000005,48416360
2022-02-28,38.733000000000004,39.775000000000006,38.213,39.452,50350460
2022-03-01,39.160000000000004,39.5,38.3705,38.624,32904390
2022-03-02,38.893,38.922000000000004,37.521,38.003,53568090
2022-03-03,38.6,38.612,36.464999999999996,36.807,60768360
2022-03-04,36.800000000000004,37.481860000000005,35.717000000000006,36.173,53291800
2022-03-07,36.041000000000004,36.1995,35.02,35.026,57083830
2022-03-08,34.980000000000004,35.886,34.067,34.176,64286550
2022-03-09,35.7685,36.414,35.05089,35.879000000000005,65201860
2022-03-10,35.62,36.702,35.330000000000005,35.677,48077670
2022-03-11,36.119,36.336000000000006,34,34.032000000000004,48199250
2022-03-14,33.87200000000001,34.132,32.982,33.101,59078170
2022-03-15,33.510000000000005,34.536,33.236000000000004,34.375,54606400
2022-03-16,34.82,35.999,34.306000000000004,35.753,69824690
2022-03-17,35.97,37.331,35.488,37.14,58183480
2022-03-18,37.2,38.18,36.847,38.06,83248250
2022-03-21,37.802,38.182,36.894,37.458999999999996,48664630
2022-03-22,37.114,38.666000000000004,36.676,38.292,42427620
2022-03-23,37.977,38.246,37.449000000000005,37.449000000000005,37289540
2022-03-24,37.976,37.976,36.89,37.571,38884610
2022-03-25,37.707,37.764,36.643,37.385000000000005,35759530
2022-03-28,37.523,38.028,36.673,37.851,43234350
2022-03-29,38.439,39.650000000000006,38.033,39.182,58807230
2022-03-30,38.955000000000005,39.27,37.862500000000004,38.147000000000006,40233010
2022-03-31,38.359,38.400000000000006,37.361000000000004,37.458999999999996,41347200
2022-04-01,37.68,38.087,36.85,37.347,46442370
2022-04-04,37.355000000000004,39.602000000000004,37.313,39.150000000000006,70092350
2022-04-05,38.93000000000001,39,37.7305,38.015,42345080
2022-04-06,37.415,37.64699,36.273,36.835,43548850
2022-04-07,36.5,36.854000000000006,35.368970000000004,36.214999999999996,49489090
2022-04-08,36.196,36.25,35.4865,35.588,40251830
2022-04-11,35,35.478,34.52,34.800000000000004,37770960
2022-04-12,35.591,35.941,34.225,34.410000000000004,38242610
2022-04-13,34.392,35.2,34.1155,35.043,32309500
2022-04-14,35.095,35.2,33.986000000000004,34.113,43438370
2022-04-18,34,34.236000000000004,33.161500000000004,33.786,51050410
2022-04-19,33.322,35.168,33.322,34.861000000000004,209068900
2022-04-20,24.52,24.87,21.251,22.619,1333875000
2022-04-21,22,22.768,21.152,21.822000000000003,535016000
2022-04-22,22.018,22.627000000000002,21.005000000000003,21.552000000000003,375151300
2022-04-25,21.381,21.666,20.451,20.991,281520500
2022-04-26,20.880000000000003,20.915000000000003,19.827730000000003,19.840000000000003,203180900
2022-04-27,19.4005,20.019000000000002,18.777,18.854,222983900
2022-04-28,19.156000000000002,20.148,18.56,19.952,213631600
2022-04-29,19.868000000000002,20.471000000000004,19,19.036,163918900
2022-05-02,19.171000000000003,20.021410000000003,19.001,19.946,145916000
2022-05-03,19.829,20.32,19.477000000000004,19.987000000000002,118394300
2022-05-04,19.765,20.438000000000002,19.101,20.401,122187800
2022-05-05,20.045,20.071,18.6,18.832,139713300
2022-05-06,18.675,18.721,17.581,18.097,171854800
2022-05-09,17.7655,18.32,17.23,17.31,140313300
2022-05-10,17.601,18.18712,17.057,17.766000000000002,138839100
2022-05-11,17.609,18.092,16.555000000000003,16.637,126655200
2022-05-12,16.396,17.758000000000003,16.271,17.431,176621200
2022-05-13,17.716,18.777,17.601,18.764,131363300
2022-05-16,19.330000000000002,19.589,18.57,18.651,161450100
2022-05-17,18.916999999999998,19.14,18.517,19.056,98766850
2022-05-18,18.672,18.77,17.627000000000002,17.719,96656320
2022-05-19,17.8045,18.630000000000003,17.571,18.348,104485100
2022-05-20,18.5867,19.019000000000002,17.977,18.635,104294000
2022-05-23,18.615000000000002,18.766000000000002,17.788999999999998,18.744,96020270
2022-05-24,18.2,18.400000000000002,17.717,18.034000000000002,77063720
2022-05-25,18.028000000000002,18.887,18.017,18.783,85220920
2022-05-26,18.649,19.23402,18.309160000000002,19.14,80499330
2022-05-27,19.319000000000003,19.525000000000002,19.03722,19.519000000000002,85859870
2022-05-31,19.618000000000002,19.995,19.080000000000002,19.744,113984600
2022-06-01,19.87,20.274,19.166059999999998,19.291,84161510
2022-06-02,19.202,20.547,19.172,20.509,96231210
2022-06-03,20.014,20.295,19.805000000000003,19.898,71917750
2022-06-06,20.209000000000003,20.387,19.538,19.714,53720430
2022-06-07,19.487000000000002,19.96,19.3,19.861000000000004,48394910
2022-06-08,19.795,20.738,19.764,20.283,72441210
2022-06-09,20.065,20.169,19.254,19.277,69489670
2022-06-10,18.264,18.586000000000002,18.085,18.294,130742800
2022-06-13,17.707,17.909000000000002,16.89571,16.969,102224100
2022-06-14,16.975,17.20622,16.428,16.754,115553200
2022-06-15,16.925800000000002,18.3845,16.853,18.011000000000003,123960400
2022-06-16,17.400000000000002,17.627000000000002,17.156000000000002,17.335,82013060
2022-06-17,17.363,17.965,17.334,17.551,121333700
2022-06-21,17.76,17.86189,16.98,17.091,121775900
2022-06-22,17.075,18.282,17.02,17.889,120106200
2022-06-23,18.05,18.276,17.587,18.171000000000003,95382260
2022-06-24,18.35,19.119,18.184,19.085,124239700
2022-06-27,19.177000000000003,19.178,18.239,18.913999999999998,83638790
2022-06-28,18.919999999999998,19.22,17.937,17.96,72018970
2022-06-29,17.955000000000002,18.0665,17.51,17.836000000000002,57668470
2022-06-30,17.707,17.945,17.03,17.487000000000002,78947100
2022-07-01,17.649,18.01,17.427000000000003,17.995,52015830
2022-07-05,17.628,18.592,17.26801,18.588,73390230
2022-07-06,18.52,18.622,18.082,18.406000000000002,57533850
2022-07-07,18.427000000000003,19.021,18.35,18.927000000000003,63345450
2022-07-08,18.602,18.991,18.275000000000002,18.6975,58356800
2022-07-11,18.473,18.499000000000002,17.689,17.734,60484470
2022-07-12,17.733,17.97839,17.342,17.445,68452640
2022-07-13,17.05,17.918000000000003,16.970200000000002,17.656000000000002,127344200
2022-07-14,17.556,17.752000000000002,17.182,17.478,90394570
2022-07-15,17.558000000000003,18.922,17.456,18.911,163191200
2022-07-18,19.25,19.967,18.98,19.092,163228500
2022-07-19,19.302000000000003,20.197000000000003,18.84,20.163,281787200
2022-07-20,20.817,21.69699,20.01,21.644000000000002,539202700
2022-07-21,21.430000000000003,22.432000000000002,21.150000000000002,22.388,234301200
2022-07-22,22.238,22.935000000000002,21.844,22.044,178054500
2022-07-25,22.131,22.523,21.635,21.851,109352500
2022-07-26,21.666,21.939,21.164,21.391000000000002,95085320
2022-07-27,21.648,22.778000000000002,21.458000000000002,22.675,105083900
2022-07-28,22.46,22.810000000000002,21.967,22.602000000000004,89727380
2022-07-29,22.329,23.075000000000003,22.240000000000002,22.490000000000002,90649370
2022-08-01,22.3095,22.839,22.1,22.621000000000002,55250440
2022-08-02,22.276,22.82,22.088,22.142,63613270
2022-08-03,22.479,22.810000000000002,22.242,22.673000000000002,64007010
2022-08-04,22.768,23.207,22.505000000000003,22.991,71427410
2022-08-05,22.53,22.862000000000002,22.287000000000003,22.678,55397330
2022-08-08,22.749000000000002,24.195990000000002,22.641000000000002,23.349000000000004,109974100
2022-08-09,23.162000000000003,23.219990000000003,22.465000000000003,22.994,61811940
2022-08-10,23.699,24.454,23.659580000000002,24.411,92547600
2022-08-11,24.468000000000004,25.162000000000003,24.151,24.27,87800620
2022-08-12,24.481,24.941000000000003,24.376,24.930000000000003,60985310
2022-08-15,24.811000000000003,25.199,24.751,24.911,65273910
2022-08-16,24.716,24.929000000000002,24.403000000000002,24.569000000000003,51368060
2022-08-17,24.118000000000002,24.424000000000003,23.756,24.115000000000002,56272240
2022-08-18,24.196,24.647940000000002,23.92801,24.517,52803870
2022-08-19,24.095,24.329,23.568,24.116,75047070
2022-08-22,23.255000000000003,23.3475,22.459000000000003,22.654,86300940
2022-08-23,22.646,22.990000000000002,22.430000000000003,22.455000000000002,52769450
2022-08-24,22.566000000000003,23.41,22.394000000000002,22.961000000000002,54263160
2022-08-25,23.024,23.416,22.900000000000002,23.398,37668670
2022-08-26,23.3625,23.695,22.315,22.328000000000003,53498480
2022-08-29,22.193,22.987000000000002,22.152,22.457,71093970
2022-08-30,22.666,22.979,21.874000000000002,22.065,57404340
2022-08-31,22.700000000000003,23.387870000000003,22.343000000000004,22.356,86159060
2022-09-01,22.072000000000003,23.037000000000003,21.947000000000003,23.004,72929170
2022-09-02,23.103,23.388140000000003,22.504,22.611000000000004,81648830
2022-09-06,22.559,22.685000000000002,21.469,21.839,74690160
2022-09-07,22.021,22.933000000000003,21.826810000000002,22.896,81493290
2022-09-08,22.416,22.873500000000003,22.130000000000003,22.744,67374360
2022-09-09,22.962000000000003,23.477990000000002,22.962000000000003,23.357,67020600
2022-09-12,23.361000000000004,23.949,23.337000000000003,23.653000000000002,60474250
2022-09-13,22.650000000000002,22.769000000000002,21.772000000000002,21.813000000000002,80001280
2022-09-14,21.982,22.8,21.580000000000002,22.412000000000003,82303400
2022-09-15,23.047,24.228710000000003,22.91,23.538,194541200
2022-09-16,23.122,24.1355,22.783,24.013,189141800
2022-09-19,24.505000000000003,24.525000000000002,23.575000000000003,24.363,179123700
2022-09-20,24.037000000000003,25.049000000000003,23.966,24.285,160374300
2022-09-21,24.267,24.829990000000002,23.668000000000003,23.687,91667720
2022-09-22,23.535,24.05,23.166,23.705000000000002,100179700
2022-09-23,23.514,23.644990000000004,22.143,22.641000000000002,112072300
2022-09-26,22.560000000000002,23.27,22.301000000000002,22.407,82342850
2022-09-27,22.863,23.064,22.072000000000003,22.436000000000003,77622230
2022-09-28,22.969,24.665000000000003,22.738,24.52,175796700
2022-09-29,24.161,24.698,23.568,23.971000000000004,189949400
2022-09-30,23.700000000000003,24.244,23.326,23.544,118486100
2022-10-03,23.785,24.154,23.285,23.904,86574430
2022-10-04,24.484,24.579990000000002,23.325000000000003,24.074,139258500
2022-10-05,23.876,24.159000000000002,22.738,23.673000000000002,108256300
2022-10-06,23.668000000000003,24.428,23.39101,24.002000000000002,91889400
2022-10-07,23.577,23.733000000000004,22.428,22.475,98061280
2022-10-10,22.564,23.383000000000003,22.423000000000002,22.998,99911450
2022-10-11,22.605000000000004,23.044,21.37,21.429000000000002,152824100
2022-10-12,21.430000000000003,22.367,21.264,22.087000000000003,129526400
2022-10-13,21.269000000000002,23.447000000000003,21.173000000000002,23.251,175050100
2022-10-14,23.78,23.880000000000003,22.951,23,152934000
2022-10-17,23.441000000000003,24.99221,23.44,24.51,210578200
2022-10-18,24.980000000000004,25.037000000000003,23.773,24.086000000000002,257767300
2022-10-19,26.5,27.930000000000003,26.266000000000005,27.238,466852600
2022-10-20,27.278,27.83755,26.638,26.816000000000003,172071000
2022-10-21,26.895,29.075000000000003,26.568,28.957,248890600
2022-10-24,29.023000000000003,29.049000000000003,28.036,28.245,133264200
2022-10-25,28.695,29.759,28.55501,29.102,151007200
2022-10-26,29.004000000000005,30.563000000000002,28.804000000000002,29.862000000000002,157492500
2022-10-27,29.833,30.521,29.477999999999998,29.694000000000003,146125900
2022-10-28,29.77,30.119,29.22924,29.572000000000003,99605470
2022-10-31,29.513,29.761989999999997,28.950000000000003,29.188000000000002,75051330
2022-11-01,29.617000000000004,29.97,28.642000000000003,28.675,69164240
2022-11-02,28.64,28.733,27.284,27.3,103676200
2022-11-03,27.125,27.629000000000005,26.880000000000003,26.906000000000002,70573500
2022-11-04,27.201999999999998,27.497000000000003,25.532,26.079000000000004,111246900
2022-11-07,26.106,26.115499999999997,25.209000000000003,25.860000000000003,79270330
2022-11-08,25.992000000000004,26.608,25.688010000000006,26.346,76838260
2022-11-09,25.966000000000005,26.09,25.422020000000003,25.466,72659940
2022-11-10,26.599000000000004,27.536,26.009010000000004,27.497000000000003,96673230
2022-11-11,27.447000000000003,29.066000000000003,27.155770000000004,29.013,95738340
2022-11-14,29,31.1,28.819000000000003,29.927,179734000
2022-11-15,30.92,31.271,30.255000000000003,31.02,146269300
2022-11-16,30.994,31.049000000000003,30.361000000000004,30.602,80385560
2022-11-17,29.472000000000005,29.982,29.1,29.528,98382200
2022-11-18,29.733,29.8,28.700000000000003,28.798000000000002,84001080
2022-11-21,29.1,29.187,28.266000000000005,28.505000000000003,72565070
2022-11-22,28.499000000000002,28.698000000000004,27.733999999999998,28.669,62451190
2022-11-23,28.591000000000005,29.247000000000003,28.376,29.150000000000002,59189880
2022-11-25,28.900000000000002,28.921,28.417,28.554000000000002,32359530
2022-11-28,28.400000000000002,28.955000000000002,28.052999999999997,28.117000000000004,47070490
2022-11-29,28.25,28.296,27.594,28.096,57868740
2022-11-30,28.137,30.826,28.041000000000004,30.552999999999997,160701200
2022-12-01,30.399,31.980000000000004,30.302999999999997,31.695,146648700
2022-12-02,31.049000000000003,32.199000000000005,31,32.041000000000004,126906000
2022-12-05,31.646,32.277,31.092000000000002,31.259,84230290
2022-12-06,31.1,31.32231,30.313000000000002,30.556,71953950
2022-12-07,30.650000000000002,30.961000000000002,30.210000000000004,30.842000000000002,78216340
2022-12-08,30.911,31.238,30.480980000000002,31.026,72053260
2022-12-09,32.145,32.9,31.951999999999998,32.001,143640300
2022-12-12,32,32.318000000000005,30.885000000000005,31.518,101486100
2022-12-13,32.800000000000004,33.27236,31.719900000000003,32.034,107564300
2022-12-14,31.897000000000006,32.471,31.442000000000004,31.783,75432910
2022-12-15,30.212000000000003,30.339,28.655,29.041000000000004,177245600
2022-12-16,28.876,29.47199,28.87,29.070999999999998,140800500
2022-12-19,28.973000000000003,29.225,28.613,28.830000000000002,61636670
2022-12-20,28.124000000000002,28.927999999999997,28.081000000000003,28.819000000000003,69181140
2022-12-21,28.999000000000002,30.066000000000003,28.650000000000002,29.796,63761730
2022-12-22,29.808999999999997,29.888,29.081310000000002,29.775000000000002,78561920
2022-12-23,29.618000000000002,29.846140000000005,29.191000000000003,29.496499999999997,42511080
2022-12-27,29.319000000000003,29.357,28.213,28.417,57780980
2022-12-28,28.192000000000004,28.519000000000002,27.341000000000005,27.688000000000002,59643690
2022-12-29,28.318,29.549990000000005,28.101,29.112000000000002,95885270
2022-12-30,28.552999999999997,29.501,28.322000000000003,29.488,75668920
2023-01-03,29.806,29.839,28.87,29.495,67639640
2023-01-04,29.824,31.113500000000002,29.551000000000002,30.941000000000003,93450540
2023-01-05,30.700000000000003,31.418000000000003,30.454500000000003,30.97,83283900
2023-01-06,31.157,31.677,30.369,31.555000000000003,89598390
2023-01-09,31.683,32.17,31.322000000000003,31.517000000000003,67666280
2023-01-10,31.107,32.935,31.107,32.754000000000005,130722900
2023-01-11,32.65,32.888,32.135000000000005,32.726,95796810
2023-01-12,33.25,33.295,32.314,33.013,108562500
2023-01-13,32.99700000000001,33.665,32.8885,33.282000000000004,82868160
2023-01-17,33.108,33.25,32.36000000000001,32.62200000000001,92469870
2023-01-18,32.675000000000004,33.008,32.125,32.633,78141150
2023-01-19,32.257,32.489,31.339,31.578,180082000
2023-01-20,33.679,34.4,33.2625,34.25,284303400
2023-01-23,34.1715,36.22453,34.06329,35.742000000000004,156468500
2023-01-24,35.753,36.565,35.514010000000006,36.383,117965300
2023-01-25,36.057,36.889990000000004,35.8501,36.796,77669070
2023-01-26,36.877,36.902,36.17,36.487,82568440
2023-01-27,36.32,36.592000000000006,36.059,36.077,67035480
2023-01-30,35.844,36.095,35.285500000000006,35.311,51275930
2023-01-31,34.998000000000005,35.595,34.871,35.386,56607380
2023-02-01,35.386,36.5385,34.99100000000001,36.199000000000005,80051700
2023-02-02,36.516000000000005,36.832,35.843,36.689,78569520
2023-02-03,35.908,37.94301,35.9,36.589999999999996,94020340
2023-02-06,36.364200000000004,36.845,36.068000000000005,36.148,49949420
2023-02-07,35.851,36.417989999999996,35.418,36.295,62893680
2023-02-08,36.002,36.8193,35.831,36.683,62531790
2023-02-09,37.24100000000001,37.383,36.17444,36.25,69011000
2023-02-10,35.916000000000004,36.214,34.714,34.736000000000004,72910960
2023-02-13,34.95,35.97034,34.425000000000004,35.857,71344450
2023-02-14,35.755,36.375,35.339999999999996,35.996,46247580
2023-02-15,35.663000000000004,36.288000000000004,35.424,36.142,39699450
2023-02-16,35.5,36.15,35.031,35.071,52157260
2023-02-17,34.7905,34.9,34.244,34.796,52947270
2023-02-21,34.285000000000004,34.41253,33.64177,33.75,57102920
2023-02-22,33.75,34.191,33.282000000000004,33.488,45462490
2023-02-23,33.123000000000005,33.128,31.430000000000003,32.365,132386700
2023-02-24,31.930000000000003,32.15,31.451999999999998,31.715,68306920
2023-02-27,32.387,33,32.2121,32.303,61425800
2023-02-28,32.37,32.762,32.117000000000004,32.213,36760750
2023-03-01,32.155,32.660000000000004,31.236000000000004,31.348000000000003,49113110
2023-03-02,31.096,31.557000000000002,31.038,31.188000000000002,49210530
2023-03-03,31.545,31.749000000000002,31.082,31.518,59533190
2023-03-06,31.700000000000003,32.330000000000005,31.184120000000004,31.203,56607430
2023-03-07,31.267500000000002,31.430000000000003,30.66226,30.847000000000005,45530820
2023-03-08,30.929000000000002,31.183,30.575000000000003,31.179000000000002,34794740
2023-03-09,31.208,31.251,29.488,29.778,74433500
2023-03-10,29.790499999999998,29.879000000000005,28.900000000000002,29.276,57593150
2023-03-13,28.733999999999998,29.924000000000003,28.533010000000004,29.351,62923850
2023-03-14,29.597000000000005,29.745,29.031000000000002,29.494,59566920
2023-03-15,29.251,30.631,29.227999999999998,30.379000000000005,92153400
2023-03-16,30.475,31.660000000000004,30.171,31.006,79123710
2023-03-17,31.006,31.076,30,30.35,69187770
2023-03-20,29.979000000000003,30.75,29.6,30.513,51134300
2023-03-21,30.632,30.792,30.043000000000003,30.579000000000004,48862790
2023-03-22,30.631,30.645,29.354000000000003,29.39,58080350
2023-03-23,30.468000000000004,32.278,30.414,32.037,156533500
2023-03-24,32.063,33.183,32.063,32.839,130040900
2023-03-27,32.755,33.644,32.441,32.766000000000005,86257630
2023-03-28,32.606,33.332,32.128,32.352,64893880
2023-03-29,32.629000000000005,33.285000000000004,32.573,33.202999999999996,62873360
2023-03-30,34.027,34.329,33.53,33.843,71314680
2023-03-31,34.005,34.583999999999996,33.72001,34.548,56101610
2023-04-03,34.183,34.858,34.04001,34.827999999999996,44136500
2023-04-04,34.849000000000004,34.980000000000004,34.395,34.675000000000004,32980720
2023-04-05,34.53,34.543,33.62526,34.23500000000001,42055450
2023-04-06,33.934,34.048,33.263,33.933,46605420
2023-04-10,33.527,33.988,33.336000000000006,33.899,26578980
2023-04-11,34.345,34.714,33.7635,33.821,40447780
2023-04-12,34.081,34.28,33.004000000000005,33.103,39654400
2023-04-13,33.999,34.643,33.875,34.619,74064370
2023-04-14,34.294000000000004,34.4853,33.641000000000005,33.863,53505080
2023-04-17,33.800000000000004,33.839,32.75,33.272000000000006,61360470
2023-04-18,33.5,33.719,33.050000000000004,33.37,179445000
2023-04-19,32.421,32.575,31.610000000000003,32.312000000000005,221282700
2023-04-20,32.039,33.14298,31.833,32.535000000000004,99478000
2023-04-21,32.300000000000004,32.829,31.950000000000003,32.798,63480000
2023-04-24,33.02,33.466,32.675000000000004,32.902,55866270
2023-04-25,32.85,32.8655,32.11000000000001,32.255,54266420
2023-04-26,32.136,32.589999999999996,32.047000000000004,32.115,46232380
2023-04-27,32.43,32.745,31.744,32.585,56187680
2023-04-28,32.524,33.08077,32.4,32.993,42283740
2023-05-01,32.9435,33.123000000000005,31.808999999999997,32.412,53414840
2023-05-02,32.5,32.607,31.562,31.755000000000003,43186120
2023-05-03,31.755000000000003,32.462,31.585000000000004,31.930000000000003,50640570
2023-05-04,31.901,32.361000000000004,31.795,32.077999999999996,38796570
2023-05-05,32.361000000000004,32.415,31.94401,32.276,39906370
2023-05-08,32.299,33.256,32.202999999999996,33.121,54885930
2023-05-09,33.067,33.632,32.97401,33.214,55448520
2023-05-10,33.521,33.711000000000006,32.951,33.542,42898970
2023-05-11,33.498000000000005,34.547000000000004,33.184,34.476,80335310
2023-05-12,34.476,34.81664,33.73637,33.989,60823600
2023-05-15,34.062000000000005,34.19,33.554,33.589,36529700
2023-05-16,33.4,33.517,33.191,33.375,33348630
2023-05-17,33.176,34.138,32.9615,33.996,39588070
2023-05-18,34.725,37.587,34.637,37.129000000000005,209252400
2023-05-19,36.986000000000004,36.999,36.381,36.536,78597030
2023-05-22,36.536,37.201,36.25,36.301,54064200
2023-05-23,36.024,36.417,35.431000000000004,35.599000000000004,68660780
2023-05-24,35.693000000000005,36.7151,35.6625,36.48500000000001,79733160
2023-05-25,35.961000000000006,36.74499,35.742000000000004,35.9,62631050
2023-05-26,36.11000000000001,38.376,35.6,37.888,93604360
2023-05-30,39.748000000000005,40.511,38.57900000000001,39.298,108649900
2023-05-31,39.189,39.626000000000005,38.891000000000005,39.523,69880470
2023-06-01,39.74100000000001,40.752,39.308,40.313,71601450
2023-06-02,40.289,40.658,39.59,40.047000000000004,59023810
2023-06-05,40.047000000000004,41.386,40.015,40.354000000000006,72474130
2023-06-06,40.5,40.512,39.693000000000005,39.929,49915320
2023-06-07,41.043000000000006,41.895,39.923,39.977000000000004,119323900
2023-06-08,39.977000000000004,40.95400000000001,39.634,40.937000000000005,59910870
2023-06-09,42.45,42.59,41.476,42.002,123728300
2023-06-12,41.883,42.47,41.65669,42.397000000000006,59677120
2023-06-13,43.001000000000005,43.727000000000004,42.84,43.57300000000001,78205350
2023-06-14,43.499,44.733000000000004,43.35,44.086000000000006,84130890
2023-06-15,44.410000000000004,44.865,43.95,44.527,70999150
2023-06-16,44.615,44.751000000000005,43.09,43.196,87537400
2023-06-20,43.018,44,43,43.47,47623130
2023-06-21,43.265,43.455000000000005,42.254000000000005,42.445,51464410
2023-06-22,42.293000000000006,42.471000000000004,41.86801,42.248000000000005,48722460
2023-06-23,41.859,42.582,41.773,42.402,82986000
2023-06-26,42.243500000000004,43.09599,41.49,41.594,46400220
2023-06-27,41.739000000000004,42.08789,41.150000000000006,41.708,48180660
2023-06-28,42.31,43.729150000000004,42.289,42.984,88113420
2023-06-29,43.433,43.785000000000004,42.615,42.824000000000005,49323100
2023-06-30,43.11000000000001,44.412000000000006,43.11000000000001,44.04900000000001,73463940
2023-07-03,43.976,44.154500000000006,43.162000000000006,44.144000000000005,37284610
2023-07-05,44.49100000000001,45.09700000000001,43.96244,44.59,68754140
2023-07-06,44,44.27999,43.072,43.884,49448920
2023-07-07,43.86000000000001,44.2325,43.58354,43.81,41651440
2023-07-10,43.852000000000004,44.441,43.682,44.171,42517370
2023-07-11,43.865,44.080000000000005,43.104150000000004,44.021,45745590
2023-07-12,44.455000000000005,44.540850000000006,43.77494,44.405,57316570
2023-07-13,44.7,45.167,44.117700000000006,45.038000000000004,61574750
2023-07-14,45.27850000000001,45.648,43.97,44.191,71958600
2023-07-17,44.557,45.668000000000006,44.51053,45.005,69011410
2023-07-18,45.1,47.815,44.878,47.480000000000004,131968800
2023-07-19,47.68600000000001,48.5,47,47.759,209964800
2023-07-20,44.7,44.85,43.2,43.742000000000004,239897100
2023-07-21,43.737,43.824000000000005,42.319,42.75,173400300
2023-07-24,42.5,42.864000000000004,41.919000000000004,42.837,82824340
2023-07-25,42.718,43.087990000000005,42.613,42.77,48598430
2023-07-26,42.42,42.526,41.559,42.267,60092420
2023-07-27,42.69,42.752,41.188,41.31700000000001,65944660
2023-07-28,41.556000000000004,42.74700000000001,41.376000000000005,42.578,64280730
2023-07-31,42.651,43.913000000000004,42.63,43.897000000000006,65876190
2023-08-01,43.737,44.52499,43.14,43.862,57255440
2023-08-02,43.523,43.556000000000004,42.656000000000006,42.97,49217810
2023-08-03,42.78,44.193000000000005,42.719,43.1,62593090
2023-08-04,43.306000000000004,43.650000000000006,42.627,43.160000000000004,54418110
2023-08-07,43.6455,44.111000000000004,42.890570000000004,44.076,47813030
2023-08-08,44.036,44.357,43.510000000000005,43.830000000000005,37671950
2023-08-09,43.974000000000004,44.062000000000005,42.759,42.89,38466390
2023-08-10,43.112,43.812000000000005,42.869,42.998000000000005,54676070
2023-08-11,42.898,43.06317000000001,42.13277,42.166000000000004,39279140
2023-08-14,42.199000000000005,42.8845,41.878,42.778,39659630
2023-08-15,42.441,42.912000000000006,42.104000000000006,42.370000000000005,33679980
2023-08-16,42.373000000000005,42.451,41.525000000000006,41.545,39670210
2023-08-17,41.5,41.524,40.15818,40.300000000000004,60314690
2023-08-18,39.933,40.652,39.815,40.453,43121960
2023-08-21,40.223000000000006,40.961000000000006,39.95,40.82900000000001,38615790
2023-08-22,40.900000000000006,41.574000000000005,40.74,41.31700000000001,36032730
2023-08-23,41.84,43.702,41.771,42.755,81747320
2023-08-24,42.541000000000004,42.759,40.6165,40.693000000000005,56877990
2023-08-25,41.2,41.925000000000004,40.75641,41.603,53909330
2023-08-28,41.804,41.983000000000004,41.327,41.806000000000004,29286130
2023-08-29,41.6,43.217000000000006,41.45,42.999,44867030
2023-08-30,43.08500000000001,43.816,42.83500000000001,43.467000000000006,36253800
2023-08-31,43.123000000000005,43.715,43.123000000000005,43.368,38029540
2023-09-01,43.77250000000001,44.550000000000004,43.593,43.988,47933790
2023-09-05,43.839,45.345,43.800000000000004,44.868,61558650
2023-09-06,44.861000000000004,45.139,44.04900000000001,44.576,38622740
2023-09-07,44.115,44.46000000000001,43.67,44.314,29226760
2023-09-08,44.356,44.681000000000004,43.885000000000005,44.28,27043530
2023-09-11,44.307,44.989000000000004,44.275000000000006,44.536,29137670
2023-09-12,44.285000000000004,44.54399000000001,43.412000000000006,43.469,31240240
2023-09-13,43.550000000000004,43.84,41.069,41.224000000000004,118430300
2023-09-14,41.04,41.139,40,40.04900000000001,107090400
2023-09-15,40.1,40.46997,39.503,39.694,91167450
2023-09-18,39.550000000000004,39.9465,39.260000000000005,39.44,47047060
2023-09-19,39.284,39.82300000000001,39.0245,39.620000000000005,40800540
2023-09-20,39.705000000000005,39.798500000000004,38.612,38.63,38666190
2023-09-21,38.650000000000006,39.58999,38.342000000000006,38.415,55563880
2023-09-22,38.5,38.688,37.836000000000006,37.981,36997960
2023-09-25,38.29,38.662000000000006,38.081,38.480000000000004,37572780
2023-09-26,38.288000000000004,38.456,37.7355,37.925000000000004,40893920
2023-09-27,38.24,38.42230000000001,37.625,37.759,38435210
2023-09-28,37.56,37.896,37.11000000000001,37.636,43699060
2023-09-29,38,38.258,37.535000000000004,37.760000000000005,42052980
2023-10-02,37.748000000000005,38.4808,37.68,38.033,31021010
2023-10-03,37.711000000000006,39.49,37.28492,37.675000000000004,88781340
2023-10-04,37.65,38.022000000000006,37.358,37.69,43036580
2023-10-05,37.801,37.85999,36.724000000000004,37.259,50347730
2023-10-06,36.843,38.252,36.777,38.151,47781180
2023-10-09,37.805,38.717000000000006,37.7755,38.595,32998020
2023-10-10,38.558,38.870000000000005,37.225,37.332,72889390
2023-10-11,37.277499999999996,37.781,36.534,36.593,91513950
2023-10-12,36.648,36.883,35.905,36.12,73760860
2023-10-13,35.564,35.893,35.205000000000005,35.568000000000005,63163200
2023-10-16,35.621,36.307990000000004,35.477,36.082,51289470
2023-10-17,36.11000000000001,36.27049,35.389,35.572,59084120
2023-10-18,35.1,35.479000000000006,34.473000000000006,34.619,114296400
2023-10-19,40.474000000000004,40.895,39.22601,40.177,280744200
2023-10-20,40.563,41.064,39.801,40.096000000000004,127829200
2023-10-23,40.332,40.754000000000005,39.85201000000001,40.684,73900320
2023-10-24,40.968,41.66899000000001,40.839,41.373000000000005,64592470
2023-10-25,41.602000000000004,41.884,41.011,41.125,62995870
2023-10-26,41.142,41.731,40.15444,40.354000000000006,68497020
2023-10-27,40.642,41.021,39.562000000000005,39.787000000000006,49976120
2023-10-30,40.23500000000001,41.282000000000004,39.941,41.008,53171470
2023-10-31,40.92400000000001,41.252,40.463010000000004,41.169000000000004,38776230
2023-11-01,41.477000000000004,42.06,41.41798,42.019000000000005,48061080
2023-11-02,42.117000000000004,42.669000000000004,41.71000000000001,42.471000000000004,44759840
2023-11-03,42.876000000000005,43.481500000000004,42.553,43.236000000000004,36670510
2023-11-06,43.438,43.503,42.961000000000006,43.474000000000004,30032350
2023-11-07,43.618,43.764,43.1,43.461000000000006,32910640
2023-11-08,43.5,43.807,43.368,43.665,23568450
2023-11-09,43.803,44.038000000000004,43.435,43.515,27355070
2023-11-10,43.748000000000005,44.748000000000005,43.551,44.724000000000004,44432840
2023-11-13,44.725,44.843,44.260000000000005,44.462,28961430
2023-11-14,44.878,45.4075,44.564,44.865,40608840
2023-11-15,45.281000000000006,46.27499,45.245000000000005,46.194,50352830
2023-11-16,46.300000000000004,46.728,45.965,46.695,36559740
2023-11-17,46.695,46.765,46.276,46.59100000000001,28002140
2023-11-20,46.54,47.675580000000004,46.54,47.447,36210950
2023-11-21,47.263000000000005,47.702,47.121,47.495000000000005,29977230
2023-11-22,47.68000000000001,48.27,47.656000000000006,47.800000000000004,28438910
2023-11-24,47.711000000000006,48.04,47.52,47.956,14047320
2023-11-27,47.903,48.2,47.535000000000004,47.917,36259240
2023-11-28,47.81100000000001,48.050000000000004,47.595,47.900000000000006,28901640
2023-11-29,47.900000000000006,48.09885,47.449000000000005,47.719,28555400
2023-11-30,47.531000000000006,47.85907,47.042,47.397000000000006,42873490
2023-12-01,47.31700000000001,47.52299,46.46000000000001,46.574000000000005,43414710
2023-12-04,46.099000000000004,46.120000000000005,45.120000000000005,45.39,51577130
2023-12-05,45.07,45.639,44.958,45.515,33806740
2023-12-06,46,46.050000000000004,44.57300000000001,44.673,41787550
2023-12-07,45.08500000000001,45.2885,44.832,45.2,35067220
2023-12-08,45.076,45.550000000000004,45.076,45.376000000000005,34583840
2023-12-11,45.93600000000001,47.065,45.721000000000004,45.989000000000004,49296620
2023-12-12,46.523,46.56100000000001,45.91962,46.300000000000004,33026600
2023-12-13,46.19800000000001,48.125,46.19800000000001,47.998000000000005,58201920
2023-12-14,48.036,48.076,46.47601,46.983000000000004,51764370
2023-12-15,46.730000000000004,47.300000000000004,46.730000000000004,47.206,78409920
2023-12-18,47.63,49.20400000000001,47.5095,48.612,64106600
2023-12-19,48.84,49.614000000000004,48.406000000000006,49.502,38490140
2023-12-20,49.2,50.089,48.839,48.927,45636900
2023-12-21,49.266000000000005,49.44,48.677,49.161,27562250
2023-12-22,49.400000000000006,49.602000000000004,48.545,48.676,27026720
2023-12-26,48.939,49.148,48.638000000000005,49.119,20345170
2023-12-27,49.124,49.4015,48.925000000000004,49.179,25613300
2023-12-28,49.2,49.289,48.907000000000004,49.051,17104920
2023-12-29,49.037000000000006,49.22299,48.1935,48.688,27405550
2024-01-02,48.3185,48.465,46.18600000000001,46.85,50494230
2024-01-03,46.732,47.505,46.57727,47.026,34436940
2024-01-04,47.298,48.073930000000004,46.653,47.467000000000006,36365130
2024-01-05,47.650000000000006,47.9545,47.1804,47.406000000000006,26312500
2024-01-08,47.389,48.524,47.365,48.503,36757750
2024-01-09,47.553,48.5085,47.38,48.209,35267570
2024-01-10,48.160000000000004,48.7,47.295,47.833,43424480
2024-01-11,49.254000000000005,50.34100000000001,48.382000000000005,49.223000000000006,79932650
2024-01-12,50.051,50.07900000000001,49.06100000000001,49.21600000000001,50037180
2024-01-16,49,49.415,47.802,48.124,46789740
2024-01-17,48.45,48.621,47.52642,48.033,48945930
2024-01-18,48.003,48.577,47.802,48.531000000000006,40543990
2024-01-19,48.498000000000005,48.56700000000001,47.606,48.295,56723510
2024-01-22,48.755,48.980000000000004,47.99,48.571,52123090
2024-01-23,49.2,49.896,48.14,49.219,155060200
2024-01-24,53.775000000000006,56.25,53.70700000000001,54.487,264328000
2024-01-25,55.19500000000001,56.346000000000004,54.846000000000004,56.2,94519150
2024-01-26,56.181,57.964,55.84319000000001,57.042,127705700
2024-01-29,57.135000000000005,57.85499,56.268,57.579,69053900
2024-01-30,56.732000000000006,57.088,56.08200000000001,56.285000000000004,61817980
2024-01-31,56.285000000000004,57.215,56.204499999999996,56.411,48575990
2024-02-01,56.702,57.266,56.38300000000001,56.751000000000005,31740020
2024-02-02,56.452,56.78,56.237,56.464,40328430
2024-02-05,56.24700000000001,57.575,55.71950000000001,56.205999999999996,41430990
2024-02-06,56.412000000000006,56.63399,55.437000000000005,55.588,28403000
2024-02-07,55.816,56.78,55.498000000000005,55.93,43735910
2024-02-08,56.055,56.370000000000005,55.574000000000005,55.853,31754680
2024-02-09,56.5,56.6,55.81,56.132000000000005,30556980
2024-02-12,56.036,56.84400000000001,55.7,55.785000000000004,36084870
2024-02-13,55.08,55.91999,54.900000000000006,55.452,35114530
2024-02-14,56.726,58.12480000000001,56.434000000000005,57.93300000000001,56342260
2024-02-15,58.191,59.377,58.03200000000001,59.346000000000004,52209380
2024-02-16,59.69500000000001,59.7,57.74600000000001,58.39500000000001,43256890
2024-02-20,58.018,58.6,56.966,57.513000000000005,31242360
2024-02-21,57.351,57.5775,56.732000000000006,57.33500000000001,22811430
2024-02-22,58.275000000000006,59.08500000000001,57.8885,58.84700000000001,35265970
2024-02-23,58.64,59.242999999999995,57.982000000000006,58.355999999999995,25688520
2024-02-26,58.355999999999995,59.075,58.327,58.765,23937120
2024-02-27,59.5,60.536,59.233000000000004,60.167,44893550
2024-02-28,59.579,59.817,59.001000000000005,59.648,26052420
2024-02-29,60.425000000000004,60.45161000000001,59.516,60.292,35720820
2024-03-01,59.980999999999995,62.028,59.95,61.934000000000005,42703050
2024-03-04,62.156,62.442,61.50800000000001,61.583000000000006,30203060
2024-03-05,61.010000000000005,61.091,59.2,59.85,38495630
2024-03-06,60.29900000000001,60.793,59.35555000000001,59.769000000000005,24695920
2024-03-07,59.934000000000005,61.053,59.59,60.851,27428050
2024-03-08,60.827,61.60900000000001,60.084,60.482000000000006,27772430
2024-03-11,60.80800000000001,61.1,60.037000000000006,60.092999999999996,25009400
2024-03-12,60.02100000000001,61.53,59.627,61.108000000000004,28216310
2024-03-13,61.337,61.48499000000001,60.721000000000004,60.94500000000001,21920940
2024-03-14,61.5,62.08,60.73500000000001,61.301,31204520
2024-03-15,62.292,62.292,60.382000000000005,60.588,66716290
2024-03-18,61.355999999999995,62.741,61.04481,61.839,33442440
2024-03-19,61.562000000000005,62.128,60.800000000000004,62.074000000000005,21426130
2024-03-20,61.995000000000005,62.950500000000005,61.834,62.769000000000005,26395090
2024-03-21,63.065,63.436170000000004,62.233000000000004,62.27100000000001,25076710
2024-03-22,62.416,62.905,62.1,62.801,21356880
2024-03-25,62.79,63.04600000000001,62.316,62.74600000000001,18032640
2024-03-26,62.52000000000001,63.438990000000004,61.91836,62.92400000000001,28044530
2024-03-27,62.901,63.135000000000005,61.07300000000001,61.353,26282670
2024-03-28,61.499,61.5,60.159000000000006,60.733000000000004,37088030
2024-04-01,60.800000000000004,61.511,60.557100000000005,61.431,21159250
2024-04-02,61.1,61.503,60.55101,61.42100000000001,20292170
2024-04-03,61.2745,63.041,61.150000000000006,63.00800000000001,29312310
2024-04-04,63.321000000000005,63.800000000000004,61.65800000000001,61.714,30643490
2024-04-05,62.492,63.791,62.27100000000001,63.617999999999995,33788420
2024-04-08,63.639,63.900000000000006,62.81100000000001,62.841,21457310
2024-04-09,63.199000000000005,63.199000000000005,61.563469999999995,61.82000000000001,21466350
2024-04-10,61.09700000000001,62.014,60.934000000000005,61.858000000000004,28062480
2024-04-11,62.442,63.166,61.724000000000004,62.878,26626620
2024-04-12,62.82300000000001,63.31199000000001,61.8915,62.28300000000001,29592690
2024-04-15,63.016999999999996,63.016999999999996,60.387100000000004,60.715,30853940
2024-04-16,60.75,62.245000000000005,60.75,61.752,35191220
2024-04-17,62.09700000000001,62.09700000000001,60.77100000000001,61.36900000000001,33122220
2024-04-18,61.21000000000001,62.13300000000001,60.543499999999995,61.056,84684070
2024-04-19,56.788000000000004,57.900000000000006,55.216,55.504,164497000
2024-04-22,55.066,55.861000000000004,54.201,55.46000000000001,85976510
2024-04-23,55.649,57.92100000000001,55.528,57.775000000000006,49755200
2024-04-24,57.431,57.69070000000001,55.129999999999995,55.512,53553120
2024-04-25,54.946000000000005,56.653999999999996,54.57050000000001,56.48,38071010
2024-04-26,55.821000000000005,56.292,55.31900000000001,56.123000000000005,43325930
2024-04-29,55.918,55.964,55.42400000000001,55.949000000000005,25088820
2024-04-30,56,56,54.9375,55.064,33614920
2024-05-01,54.784000000000006,56.039,54.425000000000004,55.17100000000001,34732330
2024-05-02,55.602000000000004,56.54600000000001,55.559000000000005,56.515,30682280
2024-05-03,56.6,58.026,56.516,57.934000000000005,33075240
2024-05-06,58.18200000000001,59.73400000000001,58.025000000000006,59.697,36863370
2024-05-07,59.628,60.605,59.132000000000005,60.6,36140920
2024-05-08,60.163000000000004,61.822,60.163000000000004,60.947,30939040
2024-05-09,61.44,61.572,60.575,61.209,20653750
2024-05-10,61.900000000000006,62.398,60.506,61.087,26535860
2024-05-13,61.43,61.82190000000001,60.68300000000001,61.659000000000006,20861970
2024-05-14,61.516999999999996,62.148,60.84,61.366,27923580
2024-05-15,61.857000000000006,62.410000000000004,60.910000000000004,61.352000000000004,56706070
2024-05-16,61.575,61.834,60.909000000000006,61.052,30563500
2024-05-17,61.7,62.579,61.471410000000006,62.11000000000001,37827080
2024-05-20,62.04,64.437,61.952,64.08200000000001,38578530
2024-05-21,63.676,65.08800000000001,63.422000000000004,65.061,29201550
2024-05-22,64.714,64.925,63.812000000000005,64.04700000000001,21761740
2024-05-23,64.23400000000001,64.271,63,63.567,23139390
2024-05-24,63.94,65.2,63.760000000000005,64.675,26152600
2024-05-28,64.705,64.97500000000001,64.303,64.9,26094510
2024-05-29,64.413,66.425,64.389,65.462,36959350
2024-05-30,65.352,65.64899000000001,64.473,64.766,23933540
2024-05-31,64.401,64.858,62.83,64.162,40710230
2024-06-03,64.5215,64.678,62.727000000000004,63.379,23235060
2024-06-04,63.378,63.52299000000001,62.644000000000005,63.162000000000006,30081510
2024-06-05,63.402,65.125,62.825,65.027,26826140
2024-06-06,64.489,65.799,64.42368,64.852,24666640
2024-06-07,64.938,65.04,64.02401,64.147,18766310
2024-06-10,64.101,64.479,63.559000000000005,64.45,20667590
2024-06-11,64.072,65.019,64.052,64.855,21674170
2024-06-12,65.221,65.578,64.311,65.006,20943810
2024-06-13,64.4,65.525,64.235,65.32600000000001,18635870
2024-06-14,65.505,67.558,65.264,66.938,44471160
2024-06-17,66.911,68.27099,66.51101,67.58300000000001,36311840
2024-06-18,67.563,68.706,67.464,68.567,29437750
2024-06-20,68.17999999999999,68.988,67.37203,67.903,25850890
2024-06-21,68.32600000000001,68.69,67.81,68.61200000000001,45570860
2024-06-24,68.5,68.55,66.45,66.902,39163350
2024-06-25,67.34400000000001,67.3665,66.23,67.241,22787680
2024-06-26,67.241,68.296,67.002,67.769,35458150
2024-06-27,67.935,68.85700000000001,67.81400000000001,68.43400000000001,24048490
2024-06-28,67.9,68.7,67.308,67.488,34123910
2024-07-01,67.489,67.502,66.378,67.361,22128260
2024-07-02,67.354,68.174,67.007,67.95800000000001,24114260
2024-07-03,67.748,68.37499000000001,67.55,68.251,14035450
2024-07-05,68.251,69.74900000000001,67.723,69.065,26590650
2024-07-08,68.7,68.88600000000001,68.1485,68.574,19307860
2024-07-09,69,69.527,68.47200000000001,68.574,25994740
2024-07-10,68.502,68.72200000000001,67.316,67.765,26519280
2024-07-11,67.2485,67.2485,64.74400000000001,65.275,51119280
2024-07-12,65.275,65.592,64.37075,64.76,33551970
2024-07-15,64.75,66.754,64.663,65.64500000000001,32087630
2024-07-16,66.17999999999999,66.36749999999999,64.913,65.632,26857060
2024-07-17,65,65.045,63.947,64.74600000000001,40172770
2024-07-18,65.66000000000001,65.70395,63.9165,64.304,75757630
2024-07-19,66.06400000000001,67.897,62.91201,63.334,98156310
2024-07-22,63.95,65.629,63.260000000000005,64.75,52190770
2024-07-23,64.75,64.991,64.10001,64.276,24635790
2024-07-24,63.574000000000005,65.242,63.26744,63.599000000000004,48881630
2024-07-25,64.10000000000001,64.998,62.170010000000005,63.409000000000006,45545390
2024-07-26,64.5,64.69899000000001,62.977000000000004,63.137,31206590
2024-07-29,63.461000000000006,63.461000000000006,62.393,62.696000000000005,24005370
2024-07-30,63.016999999999996,63.46900000000001,61.70001,62.25800000000001,34966090
2024-07-31,62.65700000000001,63.35999000000001,62.25800000000001,62.83500000000001,31348770
2024-08-01,62.925000000000004,64.67099,61.761,62.48500000000001,37205730
2024-08-02,62.098000000000006,62.527,60.83500000000001,61.364000000000004,35230030
2024-08-05,58.704,60.456269999999996,58.704,59.855,40442350
2024-08-06,60.062000000000005,62.245000000000005,60.062000000000005,60.95700000000001,43190570
2024-08-07,61.60650000000001,63.2,61.064,61.148,31877910
2024-08-08,62.199000000000005,63.229,61.602000000000004,63.035000000000004,32835420
2024-08-09,62.29900000000001,63.662000000000006,62.29900000000001,63.394000000000005,19808360
2024-08-12,63.1,63.900000000000006,62.70700000000001,63.314,23317120
2024-08-13,63.855999999999995,65.09700000000001,63.550000000000004,64.802,26395710
2024-08-14,64.87,66.35700000000001,64.87,66.16799999999999,40143440
2024-08-15,66.849,67.319,65.98,66.322,32101730
2024-08-16,66.943,68.02300000000001,66.536,67.40700000000001,35110140
2024-08-19,67.40700000000001,68.884,67.291,68.853,30162270
2024-08-20,68.88600000000001,71.13300000000001,68.8245,69.854,48131180
2024-08-21,69.7,70.10000000000001,69.138,69.712,22353430
2024-08-22,69.10000000000001,70.15,68.62400000000001,68.896,27293890
2024-08-23,69.413,69.60700000000001,67.863,68.673,23544500
2024-08-26,68.726,69.05900000000001,68.16376000000001,68.84400000000001,13541540
2024-08-27,68.853,70.789,68.692,69.572,31648780
2024-08-28,69.58300000000001,69.667,67.71000000000001,68.384,24305830
2024-08-29,69,69.98,68.60700000000001,69.248,21869740
2024-08-30,70.036,70.186,68.816,70.135,32667230
2024-09-03,70.01,70.38600000000001,67.101,67.53200000000001,31609640
2024-09-04,67.331,68.465,67.306,67.968,17853370
2024-09-05,67.31400000000001,68.731,67.186,68.36200000000001,18100720
2024-09-06,68.186,68.31518,66.23400000000001,66.577,29912650
2024-09-09,67.4,68.35000000000001,67.214,67.542,26831110
2024-09-10,67.687,68.05899,66.5805,67.36200000000001,20791820
2024-09-11,67.74600000000001,68.29700000000001,66.08,68.147,23919240
2024-09-12,68.492,69.488,68.22000000000001,68.67999999999999,25884370
2024-09-13,68.001,69.964,68,69.706,22764820
2024-09-16,70,70.302,68.86316000000001,69.65,18437450
2024-09-17,70.08200000000001,70.763,69.837,70.691,22986300
2024-09-18,70.755,70.755,68.8,69.04700000000001,29844110
2024-09-19,70.5,71.566,69.537,70.432,42284800
2024-09-20,70.55499999999999,70.66732,69.631,70.103,39980620
2024-09-23,70.239,71.22499,69.916,70.537,32243440
2024-09-24,70.66250000000001,72.24400000000001,70.44500000000001,72.226,35657310
2024-09-25,72.10000000000001,72.512,71.62100000000001,72.15599999999999,22597750
2024-09-26,72.473,72.526,70.17200000000001,71.143,28329620
2024-09-27,70.836,71.07100000000001,70.12509,70.735,23956130
2024-09-30,70.7,71.12100000000001,70.28192,70.927,17115080
2024-10-01,71.364,71.776,69.85900000000001,70.613,28134820
2024-10-02,70.613,71.62100000000001,70.46878000000001,71.10900000000001,17581670
2024-10-03,70.426,70.881,70,70.67999999999999,22564490
2024-10-04,71.33200000000001,72.101,70.882,71.97000000000001,22301390
2024-10-07,71.4755,71.58800000000001,69.643,70.192,33605200
2024-10-08,70.388,72.506,70.35457000000001,72.176,31874020
2024-10-09,71.925,72.85900000000001,71.887,72.743,19810700
2024-10-10,72.329,73.385,72.25,73.029,27678620
2024-10-11,73.49,73.60000000000001,72.122,72.279,22995250
2024-10-14,72.5,72.66196000000001,71.13109,71.3,27970710
2024-10-15,71.251,71.34,69.97806000000001,70.598,29327520
2024-10-16,70.343,70.55900000000001,69.78200000000001,70.2,24942760
2024-10-17,70.435,70.44124000000001,67.788,68.765,89266720
2024-10-18,73.764,76.6281,73.623,76.389,159741200
2024-10-21,76.57600000000001,77.30000000000001,75.66000000000001,77.20700000000001,60570930
2024-10-22,76.527,76.97000000000001,76.11200000000001,76.424,29872520
2024-10-23,76.283,76.37899,74.426,74.929,37490070
2024-10-24,75.197,75.58200000000001,74.625,75.455,26429620
2024-10-25,75.617,76.85000000000001,75.353,75.468,28194730
2024-10-28,75.868,75.868,74.788,74.912,28624050
2024-10-29,75.113,76.388,74.801,75.944,36604330
2024-10-30,75.808,75.979,75.22775,75.37400000000001,17220020
2024-10-31,75.393,76.07899,75.223,75.603,30577090
2024-11-01,75.348,76.37999,74.777,75.61,29968290
2024-11-04,75.31400000000001,76.248,74.96900000000001,75.551,19021940
2024-11-05,75.735,76.75299,75.627,76.391,22006450
2024-11-06,77.15,78.149,75.738,78.02100000000002,36908170
2024-11-07,78.137,79.822,77.99400000000001,79.654,32950740
2024-11-08,79.736,79.906,78.86500000000001,79.504,19106260
2024-11-11,79.59,80.6823,79.55650000000001,80.54400000000001,23991500
2024-11-12,80.75,82.03697,80.375,81.95,28140640
2024-11-13,82.26150000000001,83.69899000000001,82.05368,83.04700000000001,27677720
2024-11-14,83.367,84.09997,83.00200000000001,83.726,30382310
2024-11-15,83.20400000000001,83.20400000000001,81.649,82.39600000000002,36737200
2024-11-18,81.55000000000001,84.84500000000001,80.93301000000001,84.705,40840810
2024-11-19,83.97500000000001,87.44900000000001,83.916,87.132,38142270
2024-11-20,87.998,89.06,86.84,88.385,40938430
2024-11-21,88.393,90.80000000000001,87.724,89.748,45112630
2024-11-22,89.60000000000001,90.60000000000001,89.30000000000001,89.779,32140200
2024-11-25,90.205,90.205,86.42200000000001,86.55900000000001,60142030
2024-11-26,86.74900000000001,88.63600000000001,86.72501,87.26,31382590
2024-11-27,87.206,88.09500000000001,85.891,87.73400000000001,25782220
2024-11-29,88.217,89.241,87.668,88.681,20272370
2024-12-02,88.751,90.23400000000001,88.412,89.774,23889660
2024-12-03,89.436,90.269,88.80250000000001,90.217,24016340
2024-12-04,89.805,91.59699,89.805,91.106,26896290
2024-12-05,91.78500000000001,92.7,91.11075,91.787,28353070
2024-12-06,91.52300000000001,93.527,91.27100000000002,93.474,29553830
2024-12-09,92.80000000000001,93.02999,90.25900000000001,91.36900000000001,33500820
2024-12-10,91.376,92.28800000000001,90.95800000000001,91.33500000000001,23885750
2024-12-11,92.471,94.17500000000001,92.308,93.656,35016910
2024-12-12,93.33500000000001,93.40886,92.26,92.555,24861970
2024-12-13,91.681,92.555,90.96100000000001,91.887,24858290
2024-12-16,92.394,92.894,91.95,92.108,26748920
2024-12-17,92.154,92.84500000000001,91.642,91.91300000000001,24594560
2024-12-18,91.91300000000001,92.24400000000001,88.656,88.955,29381940
2024-12-19,90.818,91.26215,89.9,90.20400000000001,28155120
2024-12-20,89.32100000000001,91.99238000000001,89.048721,90.905,45305190
2024-12-23,91.342,91.5,89.91001,91.14500000000001,23393750
2024-12-24,91.5,93.58500000000001,91.17000000000002,93.212,23202930
2024-12-26,92.84,93.049,91.53,92.414,23424180
2024-12-27,91.601,91.813,89.45,90.755,32261580
2024-12-30,89.45100000000001,90.82299,88.971,90.043,22029700
2024-12-31,90.18,90.268,88.947,89.132,18758970
2025-01-02,89.55000000000001,89.858,87.7,88.673,23156850
2025-01-03,89.313,89.88300000000001,87.98901000000001,88.105,29700190
2025-01-06,88.876,89.28300000000002,87.16900000000001,88.179,34576560
2025-01-07,87.938,88.80000000000001,86.911,87.91900000000001,26498230
2025-01-08,88,88.62150000000001,87.30000000000001,87.5,23479490
2025-01-10,86.64,86.641,83.44,83.769,48033120
2025-01-13,83.1525,84.70700000000001,82.914,84.029,30245170
2025-01-14,84.32000000000001,84.48925000000001,82.3519,82.84,30376500
2025-01-15,83.644,85.084,83.041,84.82600000000001,31813830
2025-01-16,86.096,86.89800000000001,84.202,84.23700000000001,40285370
2025-01-17,85.979,86.5,85.21300000000001,85.81,36175650
2025-01-21,86.35300000000001,91.64,85.4745,86.968,98513510
2025-01-22,99.80250000000001,99.9,95.07600000000001,95.399,142732100
2025-01-23,95.781,98.5,95.39,98.486,77521370
2025-01-24,98.441,98.628,96.768,97.75900000000001,45503970
2025-01-27,97.11000000000001,98.227,96.02600000000001,97.18900000000001,46342040
2025-01-28,96.671,97.7934,95.73,97.183,34339720
2025-01-29,98,98.76400000000001,96.82345000000001,97.815,29307280
2025-01-30,98.67500000000001,99.459,97.00101000000001,97.32400000000001,38678250
2025-01-31,97.4,99.02892000000001,97.4,97.676,36187180
2025-02-03,97.30000000000001,98.76891,96.4375,97.894,37241970
2025-02-04,98.04700000000001,100.80000000000001,97.851,99.48700000000001,60001370
2025-02-05,98.77300000000001,101.1825,98.668,101.111,39977330
2025-02-06,100.787,101.635,100.26100000000001,101.568,31342930
2025-02-07,101.7,102.77600000000001,100.56701000000001,101.393,32128530
2025-02-10,102.305,103.285,101.58800000000001,102.75999999999999,32965660
2025-02-11,102.07900000000001,102.269,100.29500000000002,100.808,33317970
2025-02-12,100.549,102.774,99.83473000000001,102.731,33889660
2025-02-13,102.66250000000001,104.59899000000001,102.50999999999999,104.36900000000001,34760680
2025-02-14,104.495,106.45,104.16900000000001,105.86,31454300
2025-02-18,106,106.2,102.37490000000001,103.585,42293390
2025-02-19,103.51800000000001,104.49999000000001,102.45100000000001,104.333,26000480
2025-02-20,104.2,104.5,101.55941000000001,102.45400000000001,31118310
2025-02-21,102.94200000000001,103.23800000000001,99.93900000000001,100.315,37387100
2025-02-24,100.80000000000001,101.517,98.44800000000001,98.84700000000001,44262270
2025-02-25,98.94,99.43999000000001,95.5,97.724,47383040
2025-02-26,97.76,100.089,97.69,99.006,33972050
2025-02-27,99.5,100.07255,96.1825,96.30700000000002,37665660
2025-02-28,96.956,98.227,95.81700000000001,98.056,47174090
2025-03-03,98.30000000000001,99.493,96.481,97.37,39074470
2025-03-04,97.161,98.63135,94.82100000000001,97.25800000000001,43928140
2025-03-05,97.36200000000001,99.55999000000001,96.94800000000001,99.092,38079350
2025-03-06,97.299,97.36900000000001,89.9,90.63600000000001,78525590
2025-03-07,89.76400000000001,90.48859,85.80700000000002,89.111,77374880
2025-03-10,87.507,88.12700000000001,85.45,86.668,69953090
2025-03-11,86.741,91.068,86.60000000000001,89.51,73989340
2025-03-12,91.46000000000001,92.718,90.10000000000001,91.968,68658370
2025-03-13,91.30000000000001,92.18892,88.751,89.017,50016980
2025-03-14,90.14600000000002,91.9625,90.10000000000001,91.80000000000001,52006840
2025-03-17,93.995,96.763,93.44200000000001,95.00200000000001,75431460
2025-03-18,94,94.82499000000001,91.63,92.998,60094000
2025-03-19,93.577,96.80000000000001,92.4,95.94900000000001,66623610
2025-03-20,95.001,96.7,94.55000000000001,95.084,44663050
2025-03-21,94.1635,96.36532,94.09500000000001,96.029,59054290
2025-03-24,96.967,97.7,95.155,97.19900000000001,46778710
2025-03-25,97.818,99.87,97.71100000000001,99.72800000000001,37822450
2025-03-26,99.381,99.679,96.632,97.065,35347070
2025-03-27,97.42200000000001,98.9,96.63664,97.67200000000001,30472370
2025-03-28,97.2,97.498,92.923,93.385,44227170
2025-03-31,92.053,93.44800000000001,90.05900000000001,93.253,46340750
2025-04-01,92.75,93.229,91.15,92.83800000000001,35199560
2025-04-02,92.30000000000001,94.95479,91.611,93.552,32568860
2025-04-03,90.18,94.65919000000001,90.04700000000001,91.705,58646220
2025-04-04,89.65,90.66282000000001,85.387,85.58600000000001,67988060
2025-04-07,82.78450000000001,90.674,82.11000000000001,86.78300000000002,66568230
2025-04-08,91.24400000000001,92.242,85.77000000000001,87.04,56253820
2025-04-09,85.593,95.143,85.44,94.54700000000001,74979740
2025-04-10,93.19400000000002,94.1235,89.4,92.117,51297550
2025-04-11,92,94.48599000000002,90.668,91.82900000000001,40736380
2025-04-14,93.27000000000001,94.89800000000001,91.94979000000001,93.128,40358950
2025-04-15,95,99.34499,94.80000000000001,97.628,77119820
2025-04-16,97.628,98.12100000000001,94.9165,96.16300000000001,60661130
2025-04-17,96.9,98.47015,95.60000000000001,97.303,88937350
2025-04-21,98.44,101.89999,97.305,98.791,97757470
2025-04-22,100.53,106.49700000000001,100.452,104.03399999999999,93688730
2025-04-23,104.7225,106.125,103.20001,104.959,64718760
2025-04-24,104.80000000000001,110.10000000000001,104.702,109.687,63818960
2025-04-25,109.70400000000001,110.67984,109.10001,110.153,39500080
2025-04-28,110,111.4,108.262,111.03800000000001,38310880
2025-04-29,110.39200000000001,112.781,109.548,112.56400000000002,37773290
2025-04-30,111.26500000000001,113.32005,110.11101000000002,113.17200000000001,42666760
2025-05-01,112.25200000000001,114.24200000000002,111.18301,113.34700000000001,34994970
2025-05-02,113.66600000000001,115.94400000000002,113.332,115.649,37742820
2025-05-05,111.47950000000002,114.402,110.70100000000001,113.406,56623170
2025-05-06,112.94300000000001,114.76600000000002,112.64000000000001,113.769,32566820
2025-05-07,113.9175,116.4,113.80000000000001,115.54100000000001,43523940
2025-05-08,116.16199999999999,116.22939,113.92000000000002,114.44300000000001,37608720
2025-05-09,114.71,115.10000000000001,113.322,114.022,25696330
2025-05-12,112.426,113,110.29301000000001,111,64790790
2025-05-13,111.44600000000001,114.78800000000001,110.63,113.84400000000001,39978690
2025-05-14,112.9595,115.29003,112.84000000000002,115.099,39101470
2025-05-15,114.774,118.78019,114.7647,117.798,44640410
2025-05-16,119.31400000000002,119.65,117.93900000000002,119.153,46983530
2025-05-19,117.35750000000002,119.16400000000002,117.171,119.16400000000002,28534150
2025-05-20,118.679,119.30000000000001,117.902,119.202,21330660
2025-05-21,118.65,121.12199000000001,118.65,119.46300000000002,29766100
2025-05-22,119.24000000000001,119.87499000000001,118.72082,118.79700000000001,18615880
2025-05-23,118.4,119.14500000000001,117.94400000000002,118.53900000000002,21864830
2025-05-27,119.533,121.177,119.309,121.157,29204690
2025-05-28,121.027,121.59101000000001,120.602,120.855,18558500
2025-05-29,120.80000000000001,120.9,117.628,118.48599999999999,33030790
2025-05-30,119.833,121.181,118.0925,120.72300000000001,46967560
2025-06-02,120.12,121.93999,119.62501,121.89800000000001,22942160
2025-06-03,121.987,122.957,121.11800000000001,121.79400000000001,23637620
2025-06-04,122.0735,124.256,121.98800000000001,123.96600000000001,23593810
2025-06-05,124.06,126.281,123.72901,125.052,28217970
2025-06-06,125.94100000000002,125.99999000000001,123.55501,124.1475,25569560
2025-06-09,123.88800000000002,123.88800000000002,122.157,122.44600000000001,24031170
2025-06-10,122.75200000000001,122.75200000000001,118.06099999999999,120.362,44544470
2025-06-11,120.25999999999999,122.82900000000001,119.60101,121.98800000000001,23822800
2025-06-12,122.259,123,121.1965,121.503,20846020
2025-06-13,120.65899999999999,122.062,120.18900000000002,121.21500000000002,22102530
2025-06-16,121.22000000000001,122.625,121.22000000000001,122.535,21127970
2025-06-17,121.995,123.23569,121.609,122.06700000000001,18921260
2025-06-18,122.99900000000001,124.19999000000001,122.05000000000001,122.229,22810470
2025-06-20,123.44500000000001,124.84999,122.4349,123.14100000000002,53481930
2025-06-23,123.80250000000001,125.484,121.501,125.354,26673180
2025-06-24,126.05450000000002,128.2571,125.5,127.911,26633070
2025-06-25,128.684,129.79999,127.381,127.525,21465100
2025-06-26,128,130.734,128,130.667,26058700
2025-06-27,130.68800000000002,133.1345,130.1,132.31199999999998,40708570
2025-06-30,133.1,134.115,132.121,133.913,32829080
2025-07-01,133.823,133.87743,128.222,129.35999999999999,49935670
2025-07-02,129.696,129.99499,127.15899999999999,128.486,30488010
2025-07-03,129.20000000000002,130.226,127.976,129.71800000000002,20062240
2025-07-07,129.5,129.5,127.602,128.962,22737370
2025-07-08,129.09,129.32500000000002,126,127.531,32925250
2025-07-09,127.399,128.829,126.62400000000001,128.828,23844770
2025-07-10,128.55,128.95999,124.601,125.059,42364940
2025-07-11,125.97860000000001,126.10000000000001,123.13,124.511,39571500
2025-07-14,124.49100000000001,127.049,124,126.19500000000001,27810480
2025-07-15,126.2,127.12200000000001,124.3245,126.027,28017310
2025-07-16,126.171,127.10000000000001,124.982,125.031,32270220
2025-07-17,125.30000000000001,127.75,124.48004000000002,127.41700000000002,64698770
2025-07-18,124.19600000000001,124.65,120.101,120.924,106933100
2025-07-21,120.60000000000001,123.71,119.80000000000001,123.327,56275910
2025-07-22,123.03800000000001,123.237,118.75,119.008,50629700
2025-07-23,118.981,119.26194000000001,117.36,117.678,45042640
2025-07-24,117.78,118.35000000000001,116.26601000000001,118.07600000000001,38455700
2025-07-25,117.8415,118.732,117.43825,118.049,26292600
2025-07-28,118.12,119.77899000000001,116.85300000000001,117.46,34469580
2025-07-29,117.9,117.96,116.32900000000001,116.87400000000001,27524890
2025-07-30,116.855,118.485,116.61,118.42000000000002,29227310
2025-07-31,118.48,119,115.774,115.94000000000001,37129490
2025-08-01,116.301,117.85050000000001,115.285,115.86,38909500
2025-08-04,116.76500000000001,117.7,116.26150000000001,117.099,22447020
2025-08-05,117.10000000000001,117.171,114.471,114.78699999999999,26607350
2025-08-06,115.352,118.1375,115.18701000000001,117.84800000000001,33621610
2025-08-07,118.176,119.12200000000001,116.82000000000001,118.03699999999999,26283210
2025-08-08,118.31900000000002,121.411,118.03701000000001,121.16400000000002,38166890
2025-08-11,121.40100000000001,122.307,120.19300000000001,121.831,24556480
2025-08-12,122.5,123.19900000000001,120.65050000000002,122.528,22826270
2025-08-13,123.4,123.71199999999999,120.30000000000001,120.44400000000002,27623550
2025-08-14,120.98900000000002,124.40899999999999,120.703,123.056,39046680
2025-08-15,123.404,124.6941,122.78800000000001,123.89500000000001,27678040
2025-08-18,123.56300000000002,125.11599000000001,123.54500000000002,124.509,21110870
2025-08-19,124.02000000000001,124.09999,119.279,121.41500000000002,37077310
2025-08-20,121.80000000000001,122.29999000000001,119.33100999999999,121.386,24343980
2025-08-21,121.14300000000001,122.13999,119.76350000000001,120.62100000000001,20471780
2025-08-22,120.88800000000002,121.362,119.82300000000001,120.46500000000002,31281330
2025-08-25,120.16500000000002,123.38,119.9,121.807,28120360
2025-08-26,122.02100000000002,123.14999,121.22000000000001,122.609,19857140
2025-08-27,122.36099999999999,122.921,121.30000000000001,122.35000000000001,16645260
2025-08-28,122.279,123.78910000000002,121.42681,123.14500000000001,19503360
2025-08-29,122.79700000000001,122.879,120.11500000000001,120.825,32098170
2025-09-02,119.7,121.54000000000002,118.28,121.411,23032690
2025-09-03,120.51400000000001,122.69999000000001,120.33800000000002,122.61800000000001,24714950
2025-09-04,122.32000000000001,125.748,122.309,125.748,30235060
2025-09-05,126,126.71,123.90201,124.382,23796730
2025-09-08,124.854,125.20405000000001,123.2,124.476,19150530
2025-09-09,124.66700000000002,126.5721,124.66700000000002,126.325,22196550
2025-09-10,126.3975,126.7,124.63550000000001,124.77100000000002,27010150
2025-09-11,125.10000000000001,125.3445,119.2,120.35000000000001,56822860
2025-09-12,120.30550000000001,121.178,118.24000000000001,118.84400000000001,37849440
2025-09-15,118.84000000000002,120.724,117.32076,120.226,29092770
2025-09-16,120.56400000000002,120.89999,119.72800000000001,120.051,24046860
2025-09-17,122.102,123.39300000000001,120.66050000000001,122.85000000000001,34597960
2025-09-18,122.082,123.30000000000001,120.55000000000001,120.778,31691050
2025-09-19,121.862,122.99499000000002,120.81,122.697,49475900
2025-09-22,122.19000000000001,122.976,121.42432,122.737,25468140
2025-09-23,122.733,122.779,120.84700000000001,121.84700000000001,24991460
2025-09-24,121.86099999999999,122.15,119.42000000000002,120.39500000000001,27731270
2025-09-25,120.309,121.684,119.15100000000001,120.82400000000001,19977830
2025-09-26,120.54200000000002,121.4,120,121.06099999999999,19449570
2025-09-29,120.5,122.44900000000001,118.754,120.64100000000002,30331740
2025-09-30,120.64100000000002,120.85000000000001,117.80000000000001,119.89200000000001,38303040
