date,open,high,low,close,volume
2019-01-02,3.266,3.4619999999999997,3.2512500000000006,3.4055,499251600
2019-01-03,3.34475,3.379,3.19233,3.19975,694202000
2019-01-04,3.2735000000000003,3.44325,3.2424999999999997,3.40475,584818000
2019-01-07,3.4625000000000004,3.6222499999999997,3.41075,3.5850000000000004,704975200
2019-01-08,3.66725,3.6695,3.4225000000000003,3.4957500000000006,782858400
2019-01-09,3.5475000000000003,3.6122500000000004,3.4965000000000006,3.5645000000000007,614864800
2019-01-10,3.5450000000000004,3.6395000000000004,3.4840000000000004,3.63075,522263200
2019-01-11,3.6082500000000004,3.7437500000000004,3.5802500000000004,3.7207500000000007,874064400
2019-01-14,3.668,3.7865,3.6442500000000004,3.761,728811600
2019-01-15,3.794,3.83375,3.72825,3.7467500000000005,616048000
2019-01-16,3.7742500000000003,3.8075000000000006,3.7153750000000003,3.721,468988400
2019-01-17,3.68775,3.8332500000000005,3.66025,3.793,491685600
2019-01-18,3.84325,3.9495,3.7912500000000002,3.9232500000000003,650003600
2019-01-22,3.8927500000000004,3.9045000000000005,3.6887675000000004,3.7192500000000006,660230000
2019-01-23,3.7750000000000004,3.8645000000000005,3.70075,3.73225,587553600
2019-01-24,3.8175,3.9637500000000006,3.81275,3.946,703780800
2019-01-25,3.886,4.022,3.7825000000000006,4.00375,1153882000
2019-01-28,3.4137500000000003,3.541,3.2750000000000004,3.45025,2509201600
2019-01-29,3.4037500000000005,3.4525,3.2752499999999998,3.29,1131961600
2019-01-30,3.3667499999999997,3.44925,3.2865,3.4347499999999997,968438800
2019-01-31,3.4314999999999998,3.62975,3.40958,3.59375,840365600
2019-02-01,3.6125000000000003,3.66975,3.5645000000000007,3.6182499999999997,623660000
2019-02-04,3.63425,3.7670000000000003,3.612,3.7295000000000003,527104800
2019-02-05,3.7415000000000003,3.78575,3.7075000000000005,3.74875,541231600
2019-02-06,3.78225,3.89,3.77675,3.825,701740800
2019-02-07,3.7782,3.7805,3.64225,3.6854999999999998,635802000
2019-02-08,3.6177500000000005,3.715,3.60325,3.70425,460099600
2019-02-11,3.65975,3.7145000000000006,3.6125000000000003,3.66125,493203200
2019-02-12,3.7,3.7950000000000004,3.6854999999999998,3.7792499999999998,588768000
2019-02-13,3.8090000000000006,3.8957500000000005,3.7952500000000002,3.822,602596400
2019-02-14,3.821,3.891625,3.7775,3.8632500000000003,779676400
2019-02-15,4.0737499999999995,4.09675,3.9105,3.9335000000000004,1515186800
2019-02-19,3.92275,3.9972499999999997,3.9034999999999997,3.916,550796400
2019-02-20,3.9455,4.0315,3.9342500000000005,3.9637500000000006,529127600
2019-02-21,3.9765,4.001250000000001,3.8795,3.8942500000000004,435746400
2019-02-22,3.9465000000000003,3.99875,3.9327500000000004,3.97975,400436800
2019-02-25,4.064,4.132000000000001,3.9585000000000004,3.96725,649702800
2019-02-26,3.9625000000000004,4.019,3.8937500000000003,3.9275,487596800
2019-02-27,3.9130000000000003,3.93975,3.8277500000000004,3.88525,499740800
2019-02-28,3.875,3.8975000000000004,3.8340000000000005,3.8565,323930960
2019-03-01,3.9067500000000006,3.9537225,3.848,3.91125,344491600
2019-03-04,3.95,3.973,3.8625000000000003,3.9195,409050000
2019-03-05,3.9037500000000005,3.9514275,3.849,3.9130000000000003,362023000
2019-03-06,3.904,3.9125,3.7985,3.8012500000000005,372919880
2019-03-07,3.7775,3.7872500000000002,3.6850025000000004,3.7315,445632000
2019-03-08,3.6415,3.77675,3.6200000000000006,3.766,408304400
2019-03-11,3.78975,4.0515,3.7422500000000003,4.0285,851726800
2019-03-12,4.0565,4.10975,3.97975,4.063000000000001,576456400
2019-03-13,4.100750000000001,4.245,4.09325,4.2155000000000005,761446400
2019-03-14,4.22475,4.23675,4.1312500000000005,4.139,518512400
2019-03-15,4.1825,4.288250000000001,4.179,4.24525,660200800
2019-03-18,4.277,4.33125,4.1964425,4.22375,483638000
2019-03-19,4.319,4.4375,4.3020000000000005,4.39275,849578400
2019-03-20,4.422,4.475750000000001,4.325,4.36,716504400
2019-03-21,4.38325,4.625,4.37825,4.5985000000000005,821669600
2019-03-22,4.571000000000001,4.6199925,4.4235,4.4375,746024800
2019-03-25,4.3965000000000005,4.46125,4.27775,4.3445,523344000
2019-03-26,4.4872250000000005,4.54375,4.3649225000000005,4.42175,699764800
2019-03-27,4.447500000000001,4.49425,4.3425,4.4125000000000005,473328800
2019-03-28,4.438750000000001,4.4975000000000005,4.377750000000001,4.43125,450775600
2019-03-29,4.4985,4.5135,4.44775,4.489,456280800
2019-04-01,4.5815,4.5875,4.509362500000001,4.557,480444000
2019-04-02,4.58125,4.6197175,4.538,4.575,439288400
2019-04-03,4.625,4.775,4.62,4.7155000000000005,783255600
2019-04-04,4.7,4.74925,4.64325,4.7065,452506800
2019-04-05,4.75,4.791250000000001,4.71325,4.77375,480972000
2019-04-08,4.743,4.82,4.71875,4.79475,423474400
2019-04-09,4.761,4.77225,4.689,4.7315,436346800
2019-04-10,4.73075,4.8285,4.72625,4.8025,440293200
2019-04-11,4.805,4.83675,4.7387500000000005,4.7885,373866600
2019-04-12,4.827500000000001,4.8315,4.7415,4.75025,471254800
2019-04-15,4.7425,4.7475000000000005,4.5775,4.6175,439496000
2019-04-16,4.657,4.7242500000000005,4.6241025,4.70525,394251280
2019-04-17,4.7405,4.761500000000001,4.65975,4.68225,315738000
2019-04-18,4.689,4.72325,4.6295,4.657500000000001,351344520
2019-04-22,4.63375,4.7275,4.602,4.71175,279323440
2019-04-23,4.7250000000000005,4.79825,4.71525,4.76675,331115600
2019-04-24,4.77725,4.820250000000001,4.716,4.77925,309274440
2019-04-25,4.7387500000000005,4.7612499999999995,4.5925,4.67275,491298800
2019-04-26,4.51775,4.52219,4.3325000000000005,4.45225,868412400
2019-04-29,4.46025,4.5112499999999995,4.3875,4.483250000000001,391022760
2019-04-30,4.45075,4.55075,4.4315,4.525,361609600
2019-05-01,4.577750000000001,4.62025,4.511500000000001,4.51175,354281240
2019-05-02,4.5215000000000005,4.6217500000000005,4.477875,4.57975,394685400
2019-05-03,4.58825,4.59825,4.51325,4.57525,336823480
2019-05-06,4.3875,4.508500000000001,4.3500000000000005,4.49625,422178000
2019-05-07,4.447500000000001,4.447500000000001,4.27925,4.327750000000001,555218400
2019-05-08,4.3,4.42875,4.288,4.348,419166000
2019-05-09,4.2785,4.288250000000001,4.135000000000001,4.2547500000000005,660246400
2019-05-10,4.22375,4.289750000000001,4.1000000000000005,4.2205,569498000
2019-05-13,4.0875,4.11075,3.94525,3.9612499999999997,656912800
2019-05-14,4.001250000000001,4.0865,3.96226,4.051,524878800
2019-05-15,3.9950000000000006,4.02625,3.93525,3.9895000000000005,502320000
2019-05-16,3.9840000000000004,4.047625,3.94125,4.0047500000000005,781088000
2019-05-17,3.9625000000000004,4.0927500000000006,3.8735,3.91325,1022068000
2019-05-20,3.8137500000000006,3.8692500000000005,3.7687500000000003,3.79375,572065200
2019-05-21,3.855,3.8925,3.816,3.8765,361849880
2019-05-22,3.8375000000000004,3.8637500000000005,3.794,3.8049999999999997,325869600
2019-05-23,3.7422500000000003,3.7422500000000003,3.6227800000000006,3.683,591844400
2019-05-24,3.7020000000000004,3.7375000000000003,3.622,3.62875,357585280
2019-05-28,3.6465000000000005,3.6795000000000004,3.5812500000000003,3.5832500000000005,428354000
2019-05-29,3.53525,3.5705,3.4735,3.5085,559801600
2019-05-30,3.50775,3.5437475000000003,3.43925,3.4777500000000003,394299600
2019-05-31,3.4284999999999997,3.4612274999999997,3.38475,3.3865000000000003,389719680
2019-06-03,3.3977500000000003,3.43675,3.315,3.3445,478643200
2019-06-04,3.4090000000000007,3.5802500000000004,3.3866875000000003,3.575,641835600
2019-06-05,3.6492500000000003,3.65475,3.4955,3.532,511615600
2019-06-06,3.53625,3.6192500000000005,3.53375,3.5945,408138400
2019-06-07,3.6005000000000003,3.672,3.5812500000000003,3.6375,348857520
2019-06-10,3.694,3.77975,3.694,3.7107500000000004,402780800
2019-06-11,3.7710000000000004,3.8090000000000006,3.729,3.7687500000000003,383870040
2019-06-12,3.725,3.73125,3.6397500000000003,3.655,358891920
2019-06-13,3.6772500000000004,3.725,3.6595,3.7065,308081080
2019-06-14,3.61275,3.6372500000000003,3.5709000000000004,3.6159999999999997,394426240
2019-06-17,3.61425,3.663015,3.5912500000000005,3.62575,276041480
2019-06-18,3.6875,3.8777500000000007,3.6765000000000003,3.822,581918000
2019-06-19,3.8575000000000004,3.86892,3.801845,3.8280000000000003,331643960
2019-06-20,3.9192500000000003,3.9332500000000006,3.837945,3.8525,350167280
2019-06-21,3.8375000000000004,3.887,3.7875,3.794,434426800
2019-06-24,3.8155,3.84625,3.7680000000000002,3.8165,282948720
2019-06-25,3.8215000000000003,3.8970000000000002,3.78425,3.787,311866440
2019-06-26,3.9152500000000003,4.043,3.9022500000000004,3.9815,584073200
2019-06-27,4.06775,4.1000000000000005,4.0315,4.08075,445441600
2019-06-28,4.125,4.134250000000001,4.05875,4.10575,397666360
2019-07-01,4.31425,4.34875,4.1165,4.15425,711533200
2019-07-02,4.1375,4.1587325,4.0424999999999995,4.05575,400227600
2019-07-03,4.07925,4.085,4.0085375,4.0687500000000005,246634240
2019-07-05,4.010000000000001,4.014500000000001,3.942,4.00575,396553880
2019-07-08,3.9457500000000003,3.9647500000000004,3.9000000000000004,3.9302500000000005,329786760
2019-07-09,3.88775,3.9610000000000003,3.875,3.9327500000000004,342860480
2019-07-10,3.9765,4.0592225,3.9625000000000004,4.0015,452076000
2019-07-11,4.075,4.1979999999999995,4.0375000000000005,4.157,682558400
2019-07-12,4.1850000000000005,4.26175,4.1850000000000005,4.190250000000001,506392800
2019-07-15,4.2115,4.227645,4.15325,4.18175,289839720
2019-07-16,4.1667499999999995,4.20425,4.1210625,4.1770000000000005,341443920
2019-07-17,4.17875,4.249750000000001,4.14935,4.24275,348204280
2019-07-18,4.253125,4.31775,4.19625,4.2545,443178800
2019-07-19,4.293,4.2995,4.205,4.211,344895800
2019-07-22,4.232500000000001,4.296,4.2250000000000005,4.283,315939920
2019-07-23,4.322500000000001,4.3935,4.30675,4.3915,428176400
2019-07-24,4.4350000000000005,4.47225,4.3585,4.4665,366237480
2019-07-25,4.42475,4.4375,4.311,4.3345,392698120
2019-07-26,4.36175,4.42375,4.36175,4.37675,274159880
2019-07-29,4.3695,4.3867424999999995,4.281750000000001,4.3705,248161960
2019-07-30,4.3237499999999995,4.3985,4.3092500000000005,4.3862499999999995,197770440
2019-07-31,4.354500000000001,4.355375,4.1755,4.218,359415640
2019-08-01,4.2284999999999995,4.319500000000001,4.0705100000000005,4.123,421212400
2019-08-02,4.02975,4.0995,3.982,4.02975,428349200
2019-08-05,3.8450000000000006,3.84625,3.7225,3.76975,589157600
2019-08-06,3.8450000000000006,3.89075,3.7607500000000003,3.80875,361270680
2019-08-07,3.7475000000000005,3.8592500000000003,3.73,3.84725,372561800
2019-08-08,3.9052500000000006,3.9577500000000003,3.8475,3.9565,309298880
2019-08-09,3.9152500000000003,3.91875,3.8037500000000004,3.8545000000000003,341816720
2019-08-12,3.8020000000000005,3.8545000000000003,3.76425,3.78625,279200480
2019-08-13,3.78475,3.9475000000000002,3.7455025,3.9012500000000006,360512440
2019-08-14,3.8125875000000002,3.82375,3.7077775000000006,3.75175,419881200
2019-08-15,3.7707500000000005,3.79075,3.6848500000000004,3.7192500000000006,554462000
2019-08-16,3.98375,4.0385,3.922,3.9890000000000003,1015385200
2019-08-19,4.103000000000001,4.2855,4.08675,4.2695,816322400
2019-08-20,4.264,4.264500000000001,4.1755,4.196750000000001,463521600
2019-08-21,4.26325,4.33625,4.2415,4.28075,427910800
2019-08-22,4.290500000000001,4.3332500000000005,4.247612500000001,4.287,303756720
2019-08-23,4.21,4.26475,4.0409999999999995,4.061,569497200
2019-08-26,4.140250000000001,4.1645,4.0977500000000004,4.1362499999999995,318594160
2019-08-27,4.17475,4.1775,4.0155,4.045000000000001,291549560
2019-08-28,4.014500000000001,4.0835,3.975,4.0305,255828120
2019-08-29,4.1225000000000005,4.2075000000000005,4.119,4.175,358373040
2019-08-30,4.221500000000001,4.2715000000000005,4.1695,4.18775,290908480
2019-09-03,4.1145000000000005,4.14775,4.081300000000001,4.1042499999999995,296510800
2019-09-04,4.16525,4.226500000000001,4.16525,4.219,228120360
2019-09-05,4.321625,4.499750000000001,4.32,4.4935,696485200
2019-09-06,4.470000000000001,4.52725,4.428,4.4662500000000005,376976760
2019-09-09,4.4975000000000005,4.5995,4.496,4.5125,417525200
2019-09-10,4.479500000000001,4.60625,4.46975,4.5795,352812200
2019-09-11,4.594250000000001,4.656750000000001,4.565015,4.608250000000001,361511280
2019-09-12,4.655,4.71,4.59875,4.606750000000001,327841000
2019-09-13,4.539750000000001,4.577000000000001,4.5045,4.5485,324591480
2019-09-16,4.473,4.54,4.4625,4.50525,231831840
2019-09-17,4.512,4.53089,4.46525,4.52675,228473120
2019-09-18,4.51975,4.5355,4.4125000000000005,4.4995,264037680
2019-09-19,4.5055000000000005,4.524,4.4127525,4.4235,256342760
2019-09-20,4.4225,4.44625,4.307,4.3172500000000005,357251800
2019-09-23,4.3175,4.4167499999999995,4.313750000000001,4.371,255825880
2019-09-24,4.4025,4.43225,4.2775,4.31325,321241800
2019-09-25,4.31275,4.4755,4.26775,4.45575,313106880
2019-09-26,4.446000000000001,4.45475,4.38225,4.4335,237825920
2019-09-27,4.3915,4.4425,4.233,4.294,365958960
2019-09-30,4.32,4.362,4.2885025,4.35175,193199080
2019-10-01,4.375,4.525,4.34525,4.3500000000000005,367566000
2019-10-02,4.328,4.34,4.25325,4.326,295661760
2019-10-03,4.3305,4.539000000000001,4.3,4.53275,462730800
2019-10-04,4.535,4.57875,4.4695,4.54925,267960200
2019-10-07,4.6145000000000005,4.7085,4.60575,4.608250000000001,488313600
2019-10-08,4.516,4.516,4.4125000000000005,4.43075,449342800
2019-10-09,4.508,4.5675,4.4790025,4.51775,307883280
2019-10-10,4.5155,4.627000000000001,4.51025,4.57575,327515560
2019-10-11,4.6602500000000004,4.7335,4.64125,4.64975,450866800
2019-10-14,4.641,4.6842500000000005,4.609625,4.663250000000001,210335760
2019-10-15,4.7540000000000004,4.9822500000000005,4.74,4.90925,667985200
2019-10-16,4.875,4.9805,4.84375,4.855250000000001,432753200
2019-10-17,4.9,4.9453575,4.8025,4.8572500000000005,264316960
2019-10-18,4.85775,4.8905,4.6875,4.762250000000001,307624200
2019-10-21,4.824000000000001,4.91375,4.805,4.90025,266967240
2019-10-22,4.9575000000000005,5.06325,4.8825,4.890250000000001,337369120
2019-10-23,4.80775,4.891500000000001,4.77575,4.87725,285770000
2019-10-24,4.91875,4.95525,4.8845,4.921500000000001,239037320
2019-10-25,5.0025,5.134510000000001,4.99475,5.1135,423091600
2019-10-28,5.157500000000001,5.2225,5.1279200000000005,5.1697500000000005,330791640
2019-10-29,5.15575,5.16225,5.0535,5.073,211236800
2019-10-30,5.1000000000000005,5.1057500000000005,5.0065,5.075,205961520
2019-10-31,5.054,5.075,4.945250000000001,5.025500000000001,209732600
2019-11-01,4.99,5.09725,4.964812500000001,5.06475,283638240
2019-11-04,5.14625,5.275,5.1230075,5.2625,376716200
2019-11-05,5.262250000000001,5.2885,5.192,5.2402500000000005,300868480
2019-11-06,5.216,5.24175,5.10275,5.19075,269013400
2019-11-07,5.27765,5.2925,5.1635,5.208500000000001,280339920
2019-11-08,5.1915000000000004,5.22625,5.1537500000000005,5.194500000000001,189407480
2019-11-11,5.1937500000000005,5.22775,5.1070025,5.2045,243789440
2019-11-12,5.243,5.296500000000001,5.207750000000001,5.2402500000000005,283838840
2019-11-13,5.20875,5.2365,5.147500000000001,5.21425,302364960
2019-11-14,5.22325,5.247,5.1629000000000005,5.24475,527006800
2019-11-15,5.2425,5.2944975,5.0159425,5.10475,1054216400
2019-11-18,5.09725,5.33375,5.094250000000001,5.307,575318400
2019-11-19,5.2758,5.2995,5.14125,5.199750000000001,415380400
2019-11-20,5.17675,5.3637500000000005,5.1641075,5.2795000000000005,473017600
2019-11-21,5.275,5.331,5.23275,5.2545,288389200
2019-11-22,5.27725,5.3240825,5.2485,5.27225,224098800
2019-11-25,5.401,5.5352500000000004,5.388000000000001,5.5302500000000006,507347600
2019-11-26,5.5125,5.5172425,5.418500000000001,5.425000000000001,385680920
2019-11-27,5.46675,5.501250000000001,5.429500000000001,5.456,216428720
2019-11-29,5.425000000000001,5.4535,5.394500000000001,5.418500000000001,141556960
2019-12-02,5.4115,5.425000000000001,5.216,5.23125,373869680
2019-12-03,5.04675,5.1955,5.009250000000001,5.1915000000000004,474146000
2019-12-04,5.275500000000001,5.298,5.20675,5.2355,273618360
2019-12-05,5.2575,5.273250000000001,5.1877075,5.218500000000001,185137760
2019-12-06,5.288,5.337250000000001,5.2780000000000005,5.30425,232418280
2019-12-09,5.28125,5.35925,5.272500000000001,5.30425,215132800
2019-12-10,5.3345,5.4015,5.2815,5.3495,256689120
2019-12-11,5.36,5.439,5.357500000000001,5.4335,234009880
2019-12-12,5.4045000000000005,5.620000000000001,5.3955,5.60175,406083200
2019-12-13,5.60475,5.7245,5.5455000000000005,5.59975,454967200
2019-12-16,5.647500000000001,5.701605000000001,5.619250000000001,5.62875,321307360
2019-12-17,5.647500000000001,5.73,5.638000000000001,5.70725,323263920
2019-12-18,5.74225,5.798500000000001,5.733750000000001,5.73775,344278760
2019-12-19,5.772500000000001,5.9,5.7675,5.886500000000001,453106800
2019-12-20,5.953250000000001,6.00975,5.9338750000000005,5.98425,603384400
2019-12-23,6.013000000000001,6.04525,5.95975,5.9705,355392600
2019-12-24,5.955,5.98275,5.9205000000000005,5.9655000000000005,138863880
2019-12-26,5.969,6.008,5.95,5.97975,183218040
2019-12-27,5.995000000000001,6.008500000000001,5.895250000000001,5.92175,254810040
2019-12-30,5.899750000000001,5.905,5.7765,5.808,258247120
2019-12-31,5.772500000000001,5.891875000000001,5.75325,5.8825,231211320
2020-01-02,5.96875,5.99775,5.918,5.99775,237678760
2020-01-03,5.8775,5.94575,5.8525,5.90175,205772320
2020-01-06,5.808,5.931750000000001,5.781750000000001,5.926500000000001,262912480
2020-01-07,5.955,6.044250000000001,5.90975,5.9982500000000005,319205760
2020-01-08,5.994,6.051,5.953725,6.0095,277240680
2020-01-09,6.09625,6.1482425,6.021375,6.075500000000001,255442120
2020-01-10,6.183250000000001,6.213750000000001,6.09375,6.1080000000000005,316462400
2020-01-13,6.1915000000000004,6.3247100000000005,6.16875,6.2995,320338040
2020-01-14,6.2565,6.282,6.16875,6.182,359579320
2020-01-15,6.19475,6.2172275,6.113250000000001,6.1392500000000005,263105440
2020-01-16,6.1930000000000005,6.22925,6.1693750000000005,6.22325,284191640
2020-01-17,6.2425,6.25,6.1842500000000005,6.232,253790560
2020-01-21,6.195125000000001,6.2322500000000005,6.164257500000001,6.1985,217917000
2020-01-22,6.244,6.33975,6.2250000000000005,6.251250000000001,239238680
2020-01-23,6.293,6.33,6.20375,6.3215,244514440
2020-01-24,6.4375,6.487500000000001,6.2075000000000005,6.2620000000000005,373513560
2020-01-27,5.956,6.05625,5.80575,6.005,470534000
2020-01-28,6.07125,6.231750000000001,6.017857500000001,6.19925,310976040
2020-01-29,6.18475,6.221,6.0985000000000005,6.1385000000000005,259451160
2020-01-30,6.04025,6.15875,5.985,6.145250000000001,290503600
2020-01-31,6.0992500000000005,6.11125,5.86875,5.91075,370419720
2020-02-03,5.8925,6.0277775,5.88625,6.00825,255928200
2020-02-04,6.15075,6.197500000000001,6.1005,6.17825,271543560
2020-02-05,6.29975,6.3100000000000005,6.18525,6.269,208220080
2020-02-06,6.3035,6.35625,6.222,6.3561250000000005,218282040
2020-02-07,6.316,6.33825,6.2643,6.289750000000001,189752120
2020-02-10,6.3125,6.575,6.307500000000001,6.574250000000001,529607600
2020-02-11,6.683,6.8125,6.62075,6.69725,638556800
2020-02-12,6.75025,6.82,6.711185,6.813500000000001,374644720
2020-02-13,6.75525,6.837000000000001,6.72775,6.7695,528015200
2020-02-14,7.1815,7.374250000000001,7.15,7.244750000000001,1041923600
2020-02-18,7.141100000000001,7.43275,7.121500000000001,7.41425,621881200
2020-02-19,7.53725,7.885250000000001,7.53714,7.8675,694331200
2020-02-20,7.819125,7.908,7.408750000000001,7.7175,810050400
2020-02-21,7.60475,7.63,7.266500000000001,7.35175,769293200
2020-02-24,6.7547500000000005,7.0468075,6.7,6.832,856914800
2020-02-25,6.9075999999999995,6.969750000000001,6.449,6.5512500000000005,1055497600
2020-02-26,6.551500000000001,6.88625,6.550000000000001,6.69125,749661600
2020-02-27,6.3725000000000005,6.675000000000001,6.22225,6.315,906414800
2020-02-28,6.061375000000001,6.8115,6.0447500000000005,6.75175,1134675200
2020-03-02,6.922499999999999,6.93975,6.525,6.91075,890745600
2020-03-03,6.9666625,7.02675,6.5615025000000005,6.64725,652793200
2020-03-04,6.755,7.12225,6.68,7.11275,597407200
2020-03-05,6.9125000000000005,7.08,6.7875000000000005,6.832250000000001,540327600
2020-03-06,6.652,6.70975,6.45,6.651000000000001,515412400
2020-03-09,5.9975000000000005,6.484999999999999,5.9545,6.136,614158400
2020-03-10,6.413500000000001,6.527,6.149750000000001,6.527,580648800
2020-03-11,6.386375000000001,6.415000000000001,6.06425,6.1617500000000005,502067600
2020-03-12,5.636500000000001,5.9029750000000005,5.3950000000000005,5.40775,816541600
2020-03-13,5.7625,6.025500000000001,5.4902500000000005,6.021000000000001,634837600
2020-03-16,5.31025,5.6525,4.8500000000000005,4.91,726972000
2020-03-17,5.02275,5.5215000000000005,4.775,5.431750000000001,833632000
2020-03-18,5.002375000000001,5.2485,4.517017500000001,5.0705,874266400
2020-03-19,5.049,5.4182500000000005,4.83475,5.32425,765514000
2020-03-20,5.4750000000000005,5.758,5.12825,5.143750000000001,804634000
2020-03-23,5.14275,5.412,4.963000000000001,5.3172500000000005,643874800
2020-03-24,5.7250000000000005,6.3165000000000004,5.701250000000001,6.229500000000001,1101644000
2020-03-25,6.345000000000001,6.5455000000000005,6.0915,6.1405,793430800
2020-03-26,6.3485000000000005,6.555500000000001,6.25,6.431000000000001,697587600
2020-03-27,6.25,6.577942500000001,6.2170000000000005,6.31825,638829600
2020-03-30,6.384,6.649,6.33975,6.639749999999999,602250000
2020-03-31,6.68,6.884997500000001,6.4437500000000005,6.590000000000001,949960400
2020-04-01,6.39125,6.53825,6.032,6.0767500000000005,656913200
2020-04-02,6.106000000000001,6.4,6.05775,6.38675,675764400
2020-04-03,6.349,6.390750000000001,5.95975,6.0977500000000004,663214000
2020-04-06,6.381,6.747,6.323250000000001,6.71,727882400
2020-04-07,6.932500000000001,6.956250000000001,6.432500000000001,6.47575,784522000
2020-04-08,6.585250000000001,6.69875,6.515000000000001,6.67375,542444400
2020-04-09,6.800000000000001,6.823,6.5105,6.57375,526248000
2020-04-13,6.513750000000001,6.755,6.425000000000001,6.746250000000001,398407280
2020-04-14,6.875,7.133,6.8472325000000005,7.09875,530946800
2020-04-15,6.93,7.1041775000000005,6.8845,7.021,366148840
2020-04-16,7.177,7.4750000000000005,7.16375,7.3675,745620400
2020-04-17,7.45,7.471500000000001,7.173500000000001,7.308,539122000
2020-04-20,7.181000000000001,7.3375,7.13175,7.1762500000000005,449388400
2020-04-21,7.05775,7.11925,6.6777500000000005,6.73775,735160000
2020-04-22,6.930750000000001,7.196750000000001,6.885,7.15375,484729200
2020-04-23,7.196,7.3284375,7.075,7.10025,424159600
2020-04-24,7.090000000000001,7.241750000000001,7.015000000000001,7.23975,352645480
2020-04-27,7.374750000000001,7.5875,7.3500000000000005,7.427,479388000
2020-04-28,7.575,7.605,7.2785,7.284000000000001,442904000
2020-04-29,7.41925,7.5145,7.34375,7.4615,379161880
2020-04-30,7.407325,7.4615,7.293000000000001,7.3069999999999995,375917720
2020-05-01,7.108750000000001,7.2225,7.021080000000001,7.0695,342097800
2020-05-04,7.022,7.295999999999999,7.022,7.282125000000001,317555200
2020-05-05,7.386750000000001,7.50675,7.282250000000001,7.343500000000001,368895640
2020-05-06,7.42325,7.550000000000001,7.385250000000001,7.444750000000001,323465560
2020-05-07,7.5845,7.685250000000001,7.533075,7.6217500000000005,373730520
2020-05-08,7.6937500000000005,7.8187500000000005,7.65975,7.8125,339907120
2020-05-11,7.807500000000001,8.1125,7.77875,8.0655,469060000
2020-05-12,8.1235,8.1725,7.79275,7.802500000000001,493059200
2020-05-13,7.9175,8.0785,7.594750000000001,7.78,625850000
2020-05-14,7.8416250000000005,8.036,7.6875,8.030500000000002,602312400
2020-05-15,7.889749999999999,8.5005,7.874,8.49075,987661600
2020-05-18,8.7605,8.916500000000001,8.680502500000001,8.75025,776403600
2020-05-19,8.79025,9.0875,8.76275,8.8055,717322000
2020-05-20,8.991,9.043000000000001,8.88875,8.97,587536400
2020-05-21,9.0515,9.052405,8.7375,8.77525,761069600
2020-05-22,8.82525,9.093000000000002,8.71325,9.026250000000001,1038765200
2020-05-26,9.15675,9.18175,8.672,8.71775,770779200
2020-05-27,8.625,8.63275,7.9967500000000005,8.52525,1175892400
2020-05-28,8.41225,8.7605,8.37925,8.487,736128000
2020-05-29,8.5545,8.8755,8.485,8.8755,745919600
2020-06-01,8.83325,8.84075,8.6895,8.80625,390511000
2020-06-02,8.79625,8.837250000000001,8.658,8.82525,391320560
2020-06-03,8.82225,8.866249999999999,8.700000000000001,8.769499999999999,365438880
2020-06-04,8.728,8.94325,8.6775,8.7665,424278400
2020-06-05,8.7945,8.997,8.707980000000001,8.92,481746000
2020-06-08,8.87725,8.889625,8.68575,8.805,387737240
2020-06-09,8.8,9.109747500000001,8.75125,9.046,468488800
2020-06-10,9.16775,9.5,9.1535,9.366750000000001,632181600
2020-06-11,9.15,9.26125,8.786,8.79625,583650400
2020-06-12,9.1625,9.18725,8.703345,8.932500000000001,570908000
2020-06-15,8.81525,9.182250000000002,8.74375,9.17375,400002000
2020-06-16,9.225,9.26675,8.8387525,9.0685,535715200
2020-06-17,9.113750000000001,9.299,9.07025,9.236,408305600
2020-06-18,9.227,9.2825,9.1145,9.218000000000002,254409520
2020-06-19,9.2425,9.445,9.2273375,9.26125,524160400
2020-06-22,9.3,9.53125,9.2733,9.52675,398466480
2020-06-23,9.551,9.6425,9.4075,9.450000000000001,375107400
2020-06-24,9.47625,9.55638,9.144505,9.2355,449370800
2020-06-25,9.35575,9.505,9.182250000000002,9.49,376072000
2020-06-26,9.5,9.5,9.125,9.155,592085600
2020-06-29,9.16975,9.204500000000001,8.9,9.200000000000001,342248120
2020-06-30,9.313992500000001,9.526250000000001,9.2665025,9.497750000000002,367892000
2020-07-01,9.52075,9.575672500000001,9.413,9.53,326646800
2020-07-02,9.639000000000001,9.7375,9.57825,9.612250000000001,364054080
2020-07-06,9.741750000000001,9.908750000000001,9.7125,9.83925,315893720
2020-07-07,9.946250000000001,10.07,9.85075,9.87175,357799720
2020-07-08,9.99375,10.225000000000001,9.9655,10.216000000000001,365480520
2020-07-09,10.38025,10.57,10.2335,10.509,494547200
2020-07-10,10.588750000000001,10.65525,10.37875,10.47925,497674800
2020-07-13,10.595,10.792247500000002,10.025,10.05225,457074800
2020-07-14,10.075000000000001,10.402750000000001,9.7855,10.377,542674400
2020-07-15,10.414250000000001,10.433,10.055750000000002,10.22725,403984800
2020-07-16,10.015,10.2067475,9.8955,10.13475,344964720
2020-07-17,10.2255,10.2485,10.0877525,10.201500000000001,266284640
2020-07-20,10.274250000000002,10.53125,10.15675,10.510750000000002,284850840
2020-07-21,10.513,10.5599275,10.286750000000001,10.3285,277666840
2020-07-22,10.3675,10.602500000000001,10.291557500000001,10.43875,367290840
2020-07-23,10.450000000000001,10.547,10.03125,10.129750000000001,411661200
2020-07-24,9.875,10.36475,9.777000000000001,10.1945,473292000
2020-07-27,10.23225,10.44175,10.21775,10.421500000000002,292130200
2020-07-28,10.374250000000002,10.382,10.20925,10.2155,271636040
2020-07-29,10.3908,10.51625,10.347000000000001,10.4655,284507680
2020-07-30,10.375,10.623045000000001,10.295250000000001,10.614,308880160
2020-07-31,10.56325,10.7665,10.433,10.61475,386286000
2020-08-03,10.732500000000002,11.09875,10.715250000000001,11.010250000000001,413018400
2020-08-04,11.05,11.22775,10.9060025,11.22775,310335600
2020-08-05,11.244,11.371680000000001,11.16625,11.286750000000001,250499720
2020-08-06,11.34975,11.358,11.17875,11.335500000000001,244315680
2020-08-07,11.3125,11.504750000000001,11.037500000000001,11.1995,342515960
2020-08-10,11.33425,11.40825,10.8565,11.165000000000001,427796000
2020-08-11,11.07375,11.136750000000001,10.79575,10.850000000000001,354510520
2020-08-12,10.99075,11.467,10.95825,11.44025,464942800
2020-08-13,11.546,11.72175,11.35575,11.443000000000001,374459560
2020-08-14,11.530000000000001,11.70475,11.4405,11.564,366436160
2020-08-17,11.85125,12.40975,11.81719,12.337000000000002,621300800
2020-08-18,12.450000000000001,12.496,12.08625,12.260750000000002,503446400
2020-08-19,12.296500000000002,12.315000000000001,12.098,12.1385,622622400
2020-08-20,11.975000000000001,12.375,11.87875,12.141,921386400
2020-08-21,12.20175,12.8087,12.195160000000001,12.6835,999869600
2020-08-24,12.883750000000001,12.912500000000001,12.5075,12.72025,490564400
2020-08-25,12.63075,12.76125,12.57375,12.75,289076800
2020-08-26,12.799235000000001,12.868490000000001,12.677750000000001,12.773000000000001,321242920
2020-08-27,12.781500000000001,12.850000000000001,12.566432500000001,12.628250000000001,317602920
2020-08-28,12.674925000000002,13.148,12.6425,13.14775,537158400
2020-08-31,13.182775000000001,13.575000000000001,13.03775,13.374500000000001,500841200
2020-09-01,13.480000000000002,13.99375,13.436500000000002,13.821000000000002,512474000
2020-09-02,14.70375,14.7267475,13.9,14.3465,874012800
2020-09-03,13.828625,13.884500000000001,12.87875,13.015500000000001,945126000
2020-09-04,12.783750000000001,13.175,11.70475,12.6225,1463682800
2020-09-08,11.7345,12.55,11.704250000000002,11.913,795729600
2020-09-09,12.4,12.80925,12.23175,12.715000000000002,736198400
2020-09-10,12.989250000000002,13.06525,12.167000000000002,12.311750000000002,698684400
2020-09-11,12.485500000000002,12.652500000000002,11.89575,12.1645,636926800
2020-09-14,13.081000000000001,13.315000000000001,12.631142500000001,12.872250000000001,1201744800
2020-09-15,13.280000000000001,13.298750000000002,12.827750000000002,12.991,727556400
2020-09-16,12.95725,13.092750000000002,12.513750000000002,12.5145,557599600
2020-09-17,12.132225,12.58975,12.03475,12.463500000000002,792511600
2020-09-18,12.59375,12.6325,11.988750000000001,12.189250000000001,698462000
2020-09-21,11.925,12.5225,11.9045,12.51725,721042400
2020-09-22,12.575000000000001,12.6479975,12.15555,12.63775,646452000
2020-09-23,12.5755,12.727,12.079250000000002,12.123750000000001,647012400
2020-09-24,12.07225,12.5695,12.014000000000001,12.348,731240400
2020-09-25,12.4475,12.883500000000002,12.245750000000001,12.873750000000001,588016400
2020-09-28,13.04025,13.051750000000002,12.75,13.035,573809200
2020-09-29,12.9375,13.442750000000002,12.933250000000001,13.22575,623004800
2020-09-30,13.157499999999999,13.6225,13.15025,13.530500000000002,689184000
2020-10-01,13.758000000000003,13.7627375,13.460752500000002,13.614500000000001,525002400
2020-10-02,13.225000000000001,13.5195,13.051,13.06225,552496000
2020-10-05,13.236000000000002,13.64425,13.222765000000003,13.642500000000002,479818400
2020-10-06,13.830000000000002,14.142,13.665000000000001,13.736500000000001,784420000
2020-10-07,13.99975,14.119250000000001,13.8635,13.963999999999999,418085200
2020-10-08,14.075000000000001,14.0845,13.758000000000003,13.83875,378900880
2020-10-09,13.767,13.824250000000001,13.66075,13.76275,346890920
2020-10-12,13.989500000000001,14.347000000000001,13.912500000000001,14.225999999999999,434744000
2020-10-13,14.296500000000002,14.3484975,14.018625,14.248249999999999,344603120
2020-10-14,14.290500000000002,14.342750000000002,13.96,14.09525,276647120
2020-10-15,13.810675000000002,14.00575,13.767750000000001,13.969999999999999,267225120
2020-10-16,14.036750000000001,14.121500000000001,13.792500000000002,13.811500000000002,242639600
2020-10-19,13.902875000000002,13.983497499999999,13.40675,13.49775,298068560
2020-10-20,13.5835,13.799750000000001,13.507002499999999,13.645500000000002,229212040
2020-10-21,13.625,13.7915,13.4775025,13.524750000000001,219597320
2020-10-22,13.5225,13.61175,13.23175,13.361000000000002,290479440
2020-10-23,13.450000000000001,13.593250000000001,13.29125,13.590250000000001,233484280
2020-10-26,13.427000000000001,13.6927925,13.038499999999999,13.14125,336894320
2020-10-27,13.306000000000001,13.442,13.1915,13.39675,250519680
2020-10-28,13.198,13.26,12.609000000000002,12.627,376518080
2020-10-29,12.8385,13.192750000000002,12.75,13.024000000000001,320081840
2020-10-30,12.850000000000001,12.936375000000002,12.3,12.534,417396000
2020-11-02,12.65775,12.836657500000001,12.395000000000001,12.580750000000002,299652640
2020-11-03,12.7085,13.105000000000002,12.60275,13.0195,272901080
2020-11-04,13.389250000000002,13.8275,13.336875000000001,13.79425,410229200
2020-11-05,14.162500000000001,14.338999999999999,13.991,14.16,319028320
2020-11-06,14.10975,14.58875,13.895,14.562000000000001,383349280
2020-11-09,14.552500000000002,14.6915,13.61075,13.63075,582978000
2020-11-10,13.6065,13.6065,12.628250000000001,12.770000000000001,644067200
2020-11-11,13.05375,13.434875,12.94825,13.418000000000001,404743600
2020-11-12,13.478925000000002,13.766,13.316,13.45675,366635000
2020-11-13,13.6272775,13.668747500000002,13.05925,13.297,346762320
2020-11-16,13.1725,13.649500000000002,13.1560025,13.515250000000002,413774800
2020-11-17,13.552500000000002,13.596250000000001,13.3038725,13.42225,312027960
2020-11-18,13.465250000000001,13.60575,13.185,13.42875,510925200
2020-11-19,13.21275,13.4875,13.100000000000001,13.44025,565934400
2020-11-20,13.454,13.494497500000001,13.065000000000001,13.08775,341089800
2020-11-23,13.171125000000002,13.3825,13.015500000000001,13.14,361354200
2020-11-24,13.142500000000002,13.162,12.885,12.957749999999999,346499960
2020-11-25,13.032499999999999,13.269390000000001,13.02,13.23475,259916400
2020-11-27,13.375,13.407499999999999,13.170545000000002,13.261250000000002,167275200
2020-11-30,13.265,13.412500000000001,12.9723525,13.401499999999999,286952000
2020-12-01,13.492250000000002,13.52875,13.228250000000001,13.39,297571280
2020-12-02,13.3505,13.6734425,13.234250000000001,13.5445,283361200
2020-12-03,13.5875,13.66,13.329,13.396,199520640
2020-12-04,13.448500000000003,13.559997500000001,13.38869,13.558250000000001,202243400
2020-12-07,13.60125,13.731250000000001,13.5,13.60675,223243240
2020-12-08,13.585,13.598750000000003,13.281500000000001,13.350000000000001,271920880
2020-12-09,13.3005,13.414,12.868237500000001,12.930750000000002,401301200
2020-12-10,12.869,13.0687475,12.849375000000002,12.97225,207764720
2020-12-11,12.967250000000002,13.02,12.823,13.01325,209265640
2020-12-14,13.087875,13.38875,13.0775,13.308750000000002,270157880
2020-12-15,13.439750000000002,13.463999999999999,13.186750000000002,13.3605,193485920
2020-12-16,13.4225,13.43725,13.2125,13.242500000000001,223114680
2020-12-17,13.36675,13.3795,13.1785,13.34125,231383880
2020-12-18,13.379,13.405000000000001,13.070500000000003,13.272,342064640
2020-12-21,13.074750000000002,13.37,12.967500000000001,13.33225,302332160
2020-12-22,13.31925,13.337247500000002,13.053880000000001,13.27825,186314880
2020-12-23,13.256,13.275,13.005000000000003,13.009250000000002,179142760
2020-12-24,13.03725,13.1325,12.938749999999999,12.99375,97883520
2020-12-28,13.0625,13.0625,12.763175,12.9,212565640
2020-12-29,12.925,13.0725,12.842250000000002,12.94325,170372160
2020-12-30,12.9903,13.21375,12.89675,13.145750000000001,225397160
2020-12-31,13.136500000000002,13.151125,12.915000000000001,13.055000000000001,192424400
2021-01-04,13.10425,13.652497500000003,12.9625,13.1135,560642000
2021-01-05,13.09975,13.4435,13.087000000000002,13.404750000000002,322759920
2021-01-06,13.2225,13.245,12.586,12.6145,580423200
2021-01-07,12.967500000000001,13.37775,12.8865025,13.344000000000001,461481600
2021-01-08,13.3625,13.420997499999999,13.042,13.276750000000002,292528600
2021-01-11,13.418750000000001,13.961000000000002,13.3625,13.621500000000001,519028800
2021-01-12,13.752500000000001,13.7545,13.344999999999999,13.48475,291477720
2021-01-13,13.489965000000002,13.624997500000001,13.385002499999999,13.53175,210028440
2021-01-14,13.575000000000001,13.59975,13.180500000000002,13.20025,283120280
2021-01-15,13.228000000000002,13.32525,12.848500000000001,12.8595,277781280
2021-01-19,13.01625,13.093982500000003,12.844000000000001,13.02525,226186880
2021-01-20,13.11175,13.430500000000002,13.056750000000001,13.36575,258570880
2021-01-21,13.418605,13.9993575,13.253002500000001,13.867500000000001,338339600
2021-01-22,13.740087500000001,13.8417325,13.627250000000002,13.7125,246818560
2021-01-25,13.78175,13.8285,13.23648,13.65325,251111160
2021-01-26,13.580449999999999,13.64475,13.387500000000001,13.43525,163980400
2021-01-27,13.230000000000002,13.23275,12.793750000000001,12.917750000000002,371272840
2021-01-28,12.996250000000002,13.339750000000002,12.9605,13.051,228315960
2021-01-29,13.075000000000001,13.33475,12.911505,12.98975,271552040
2021-02-01,13.053350000000002,13.270750000000001,12.902750000000001,13.237000000000002,217204320
2021-02-02,13.398750000000001,13.572000000000001,13.2854975,13.556750000000001,220438280
2021-02-03,13.636000000000003,13.931750000000001,13.5165,13.530500000000002,245409280
2021-02-04,13.531,13.673500000000002,13.3378625,13.664250000000003,201338480
2021-02-05,13.725000000000001,13.737250000000001,13.545750000000002,13.591000000000001,169153640
2021-02-08,13.727215000000001,14.473750000000003,13.727215000000001,14.438749999999999,434622800
2021-02-09,14.340625000000001,14.583250000000001,14.2225,14.26325,287560120
2021-02-10,14.46325,14.905000000000001,14.341375,14.764250000000002,485352400
2021-02-11,14.980250000000002,15.27225,14.925,15.25075,450827600
2021-02-12,15.05,15.2911375,14.775,14.961250000000001,374757480
2021-02-16,15.064250000000001,15.3725,14.950000000000001,15.330250000000001,321959520
2021-02-17,15.171000000000001,15.2235175,14.780000000000001,14.906,275698680
2021-02-18,14.729,14.873249999999999,14.575000000000001,14.829,234080800
2021-02-19,15.024500000000002,15.176997499999999,14.846700000000002,14.926499999999999,271724120
2021-02-22,14.774750000000001,15.133250000000002,14.325000000000001,14.35575,325885560
2021-02-23,14.07525,14.23875,13.389500000000002,14.142,391779320
2021-02-24,14.12275,14.50675,13.756,14.499000000000002,448319200
2021-02-25,14.045425000000002,14.37475,13.21625,13.3075,824436000
2021-02-26,13.752500000000001,13.8545,13.361000000000002,13.714500000000001,500930400
2021-03-01,13.875,13.925,13.553247500000001,13.84175,353183000
2021-03-02,13.9,13.920500000000002,13.396,13.40625,264114120
2021-03-03,13.42625,13.4515,12.79875,12.804750000000002,377590280
2021-03-04,12.80075,12.975000000000001,12.083750000000002,12.37025,573345200
2021-03-05,12.55,12.55,11.679250000000001,12.461500000000001,542838800
2021-03-08,12.450000000000001,12.471250000000001,11.566500000000001,11.593250000000001,543111600
2021-03-09,12.13025,12.616750000000001,12.05925,12.52025,521825600
2021-03-10,12.8405,12.980000000000002,12.457500000000001,12.468250000000001,384376560
2021-03-11,12.950000000000001,13.04625,12.7345,12.993500000000001,299914280
2021-03-12,12.64825,12.88875,12.590000000000002,12.856000000000002,243963960
2021-03-15,12.86475,13.20675,12.767125,13.19125,222520440
2021-03-16,13.3565,13.512500000000001,13.11675,13.29125,272129600
2021-03-17,13.039750000000002,13.45325,12.989500000000001,13.34125,243864200
2021-03-18,13.136500000000002,13.184000000000001,12.7170425,12.7225,294188080
2021-03-19,12.75,12.921500000000002,12.6125,12.845750000000002,299206960
2021-03-22,12.91275,13.3945,12.90675,13.186250000000001,297803080
2021-03-23,13.254249999999999,13.3445,13.021250000000002,13.070750000000002,222046080
2021-03-24,13.15125,13.159125000000001,12.636750000000001,12.643,245838520
2021-03-25,12.499500000000001,12.71475,12.272,12.535250000000001,295144560
2021-03-26,12.5545,12.856250000000001,12.3735,12.839250000000002,363968960
2021-03-29,12.82025,13.0625,12.700000000000001,12.94825,273519880
2021-03-30,12.84195,12.97525,12.705,12.87175,200202480
2021-03-31,13.015500000000001,13.470500000000001,12.9825,13.34825,314777520
2021-04-01,13.57225,13.87,13.511250000000002,13.811750000000002,308274600
2021-04-05,13.867500000000001,14.0139625,13.733000000000002,13.9875,255671400
2021-04-06,13.999677500000002,14.054124999999999,13.7736225,13.861500000000001,191745960
2021-04-07,13.88075,14.243497500000002,13.711500000000001,14.143500000000001,251284360
2021-04-08,14.25275,14.4715,14.248942500000002,14.317,244414920
2021-04-09,14.213999999999999,14.408000000000001,14.175,14.4,195170880
2021-04-12,14.289750000000002,15.352500000000001,14.139250000000002,15.209000000000001,869322000
2021-04-13,15.2315,15.700000000000001,15.12575,15.679499999999999,676212000
2021-04-14,15.625,15.720460000000001,15.227500000000001,15.277000000000001,385501920
2021-04-15,15.662500000000001,16.21415,15.6315,16.13725,598480800
2021-04-16,16.0531,16.16575,15.865250000000001,15.912500000000001,335207560
2021-04-19,15.53654,15.8075,15.233002500000001,15.36175,404418000
2021-04-20,15.32325,15.497,14.963000000000001,15.17125,334133040
2021-04-21,15.11875,15.3625,15.102250000000002,15.3605,216777040
2021-04-22,15.375,15.4385675,14.783500000000002,14.85025,277786280
2021-04-23,14.934375000000001,15.334875,14.90025,15.265250000000002,227772200
2021-04-26,15.185050000000002,15.479,15.125,15.478000000000002,197797080
2021-04-27,15.5785,15.670500000000002,15.3545,15.38175,164573000
2021-04-28,15.364500000000001,15.53225,15.215517500000002,15.276750000000002,209416200
2021-04-29,15.4,15.436500000000002,15.0715,15.324750000000002,173196480
2021-04-30,15.174500000000002,15.364997500000001,14.997,15.009500000000001,201910080
2021-05-03,15.125,15.24675,14.787500000000001,14.836750000000002,203911840
2021-05-04,14.637250000000002,14.637500000000001,14.010252500000002,14.35125,405324800
2021-05-05,14.709000000000001,14.8135,14.387500000000001,14.4585,292023040
2021-05-06,14.495249999999999,14.571250000000001,14.218090000000002,14.523,193380920
2021-05-07,14.808250000000001,14.970750000000002,14.6717075,14.81225,229327320
2021-05-10,14.78725,14.806000000000001,14.25,14.26575,268903800
2021-05-11,13.825000000000001,14.354750000000003,13.75,14.30625,285585360
2021-05-12,14.009500000000001,14.26025,13.70925,13.758500000000002,303409320
2021-05-13,14.033750000000001,14.080750000000002,13.459000000000001,13.66525,285727480
2021-05-14,13.89,14.328105,13.748500000000002,14.243000000000002,258615000
2021-05-17,14.157,14.16925,13.8535,14.165500000000002,216488840
2021-05-18,14.267,14.40425,14.004,14.01575,186254240
2021-05-19,13.5665,14.0795,13.54325,14.065750000000001,343999360
2021-05-20,14.302500000000002,14.683785,14.270500000000002,14.6125,321591920
2021-05-21,15.16375,15.222000000000001,14.869390000000003,14.99175,672992000
2021-05-24,15.2125,15.745,15.176,15.612000000000002,554816400
2021-05-25,15.766,15.818497500000001,15.4825,15.64775,435406800
2021-05-26,15.734250000000001,15.793750000000001,15.586250000000001,15.700000000000001,370438640
2021-05-27,15.699750000000002,15.75,15.46,15.488,581475200
2021-05-28,15.501,16.277475000000003,15.501,16.2445,644535600
2021-06-01,16.27,16.388125,15.90325,16.2645,472803200
2021-06-02,16.25225,16.9188675,16.2355,16.77825,594167600
2021-06-03,16.70075,17.259,16.583000000000002,16.96975,580006800
2021-06-04,17.1125,17.661,17.0955,17.57825,617120400
2021-06-07,17.57115,17.8125,17.19275,17.619,575754800
2021-06-08,17.527250000000002,17.6215875,17.251,17.457,323846760
2021-06-09,17.51575,17.575,17.255750000000003,17.35825,381657480
2021-06-10,17.35,17.492,17.176002500000003,17.425,287770440
2021-06-11,17.479499999999998,17.939225,17.44375,17.82525,416307600
2021-06-14,17.906000000000002,18.0395,17.6627525,18.01875,321374280
2021-06-15,17.915000000000003,18.01625,17.727950000000003,17.7885,243030440
2021-06-16,17.79075,17.9546775,17.584425,17.81025,307122600
2021-06-17,17.7745675,18.835,17.7562525,18.65725,809654800
2021-06-18,18.784000000000002,19.375,18.584,18.638749999999998,968854400
2021-06-21,18.43525,18.5365,17.82265,18.42725,672382000
2021-06-22,18.471500000000002,18.96375,18.385875,18.886750000000003,580145600
2021-06-23,19.007749999999998,19.15275,18.90775,19.05725,332357040
2021-06-24,19.22775,19.42,19.08825,19.2055,320922400
2021-06-25,19.280500000000004,19.3455,18.894375,19.031000000000002,278365920
2021-06-28,19.361250000000002,20.07875,19.319000000000003,19.985,495436400
2021-06-29,19.8825,20.098750000000003,19.656875,20.026750000000003,367633840
2021-06-30,19.999125000000003,20.1625,19.86375,20.0025,326566160
2021-07-01,20.125,20.456000000000003,20.019000000000002,20.212000000000003,480134800
2021-07-02,20.440125000000002,20.505250000000004,20.287750000000003,20.487000000000002,343396680
2021-07-06,20.7375,20.842,20.350250000000003,20.698500000000003,446707600
2021-07-07,20.8535,20.875,20.332050000000002,20.371750000000002,418427200
2021-07-08,19.8565,20.133000000000003,19.70075,19.90275,503299600
2021-07-09,19.962500000000002,20.080125000000002,19.75425,20.050250000000002,296622680
2021-07-12,20.240000000000002,20.53275,20.18775,20.512500000000003,321984760
2021-07-13,20.4005,20.461250000000003,20.1140025,20.25,290706320
2021-07-14,20.35775,20.41775,19.752750000000002,19.8415,380099200
2021-07-15,19.811750000000004,19.847,18.8585025,18.96625,550564400
2021-07-16,19.0305,19.15711,18.073,18.161,688222800
2021-07-19,17.91525,19.041999999999998,17.8655,18.779750000000003,749058800
2021-07-20,18.73,18.838,18.163999999999998,18.612000000000002,434686500
2021-07-21,18.882,19.527,18.742,19.41,371017400
2021-07-22,19.642,19.887,19.276,19.594,323826000
2021-07-23,19.6564,19.700000000000003,19.25,19.558000000000003,195672000
2021-07-26,19.311000000000003,19.442,18.913999999999998,19.294,203943200
2021-07-27,19.265,19.622,18.741,19.208000000000002,248862600
2021-07-28,19.319200000000002,19.646,18.995,19.503,202191200
2021-07-29,19.519000000000002,19.853,19.328030000000002,19.662000000000003,190780900
2021-07-30,19.418000000000003,19.630000000000003,19.263,19.499000000000002,183497500
2021-08-02,19.700000000000003,19.961000000000002,19.361000000000004,19.75,217444000
2021-08-03,19.740000000000002,20.222,19.22,19.815,301810700
2021-08-04,19.990000000000002,20.318,19.828000000000003,20.274,231309400
2021-08-05,20.5,20.733000000000004,20.342,20.637,211435400
2021-08-06,20.524,20.57,20.21,20.366,178496600
2021-08-09,20.446,20.507990000000003,20.143,20.295,146443100
2021-08-10,20.322000000000003,20.430000000000003,19.834540000000004,19.936000000000003,179237800
2021-08-11,20.043000000000003,20.049000000000003,19.430000000000003,19.699,185924800
2021-08-12,19.87,20.02899,19.62,19.905,151861600
2021-08-13,19.905,20.213810000000002,19.851,20.188000000000002,183062900
2021-08-16,20.135,20.287000000000003,19.453000000000003,19.950000000000003,211152800
2021-08-17,19.685000000000002,19.77,19.267,19.458000000000002,204584900
2021-08-18,19.5,19.633650000000003,19,19.040000000000003,285913500
2021-08-19,19.494,20.495,18.762,19.798000000000002,766554800
2021-08-20,19.991,20.86506,19.933000000000003,20.816000000000003,675741300
2021-08-23,20.971000000000004,21.997,20.950000000000003,21.958000000000002,575806600
2021-08-24,21.753,21.959000000000003,21.535,21.793000000000003,297298900
2021-08-25,21.737000000000002,22.47,21.722,22.213,347701000
2021-08-26,22.200000000000003,22.340000000000003,21.790000000000003,22.068,237940400
2021-08-27,22.184,22.722,22.167,22.636000000000003,304722200
2021-08-30,22.830000000000002,23.043000000000003,22.551000000000002,22.688000000000002,262579900
2021-08-31,22.695,22.695,22.12,22.385,259849700
2021-09-01,22.485,22.697000000000003,22.3565,22.441000000000003,201767000
2021-09-02,22.518,22.59299,22.2945,22.396,188109600
2021-09-03,22.325000000000003,22.986000000000004,22.200000000000003,22.843000000000004,280832000
2021-09-07,22.833000000000002,22.899,22.5224,22.662000000000003,198107200
2021-09-08,22.513,22.61,21.977000000000004,22.339,254434200
2021-09-09,22.312,22.538,22.131,22.177000000000003,196856000
2021-09-10,22.348300000000002,22.626,22.27,22.478,248375700
2021-09-13,22.684,22.964,21.858000000000004,22.152,297499900
2021-09-14,22.275000000000002,22.41,22.086000000000002,22.242,199754600
2021-09-15,22.309,22.36699,21.966,22.341,166538000
2021-09-16,22.183500000000002,22.277,21.927000000000003,22.242,156033400
2021-09-17,22.3,22.321,21.830000000000002,21.900000000000002,294502800
2021-09-20,21.146,21.433000000000003,20.662000000000003,21.113,349440500
2021-09-21,21.4165,21.425,20.950000000000003,21.246000000000002,204688100
2021-09-22,21.3655,21.96,21.196,21.941000000000003,268725600
2021-09-23,22.14,22.5345,21.89,22.482,248554900
2021-09-24,22.07,22.149,21.861000000000004,22.081000000000003,217655500
2021-09-27,21.710400000000003,21.799000000000003,21.325000000000003,21.66,245215100
2021-09-28,21.2135,21.419,20.651,20.699,343069000
2021-09-29,20.939500000000002,21.017,20.467,20.517,218393600
2021-09-30,20.7684,21.066000000000003,20.688000000000002,20.716,221009100
2021-10-01,20.75,20.859,20.203000000000003,20.742,240978000
2021-10-04,20.504,20.541790000000002,19.555000000000003,19.732,345635000
2021-10-05,19.950000000000003,20.648,19.854,20.451,279281700
2021-10-06,20.12,20.72,20.080000000000002,20.700000000000003,297201800
2021-10-07,21.092,21.322000000000003,20.972,21.075000000000003,256918900
2021-10-08,21.101,21.206000000000003,20.775000000000002,20.831000000000003,151257900
2021-10-11,20.575000000000003,21.063000000000002,20.511000000000003,20.695,163387500
2021-10-12,20.8275,21.057000000000002,20.528000000000002,20.671000000000003,162133500
2021-10-13,20.918000000000003,20.990000000000002,20.713,20.939,180651900
2021-10-14,21.288,21.755000000000003,21.122010000000003,21.746000000000002,243588800
2021-10-15,21.810000000000002,21.931,21.662000000000003,21.862000000000002,226994000
2021-10-18,21.749000000000002,22.291,21.644000000000002,22.222,189493600
2021-10-19,22.276,22.379,22.037000000000003,22.290000000000003,161473300
2021-10-20,22.3045,22.433000000000003,21.982,22.103,146275900
2021-10-21,22.097,22.711000000000002,22.083000000000002,22.692,187590300
2021-10-22,22.823,23.130000000000003,22.561000000000003,22.726,249383800
2021-10-25,22.973,23.35499,22.77,23.166,230234800
2021-10-26,23.989,25.259,23.924000000000003,24.717,485898300
2021-10-27,24.474000000000004,25.090000000000003,24.28201,24.451,245989900
2021-10-28,24.878,24.950000000000003,24.523,24.941000000000003,234204300
2021-10-29,25.000500000000002,25.709,25,25.567,292502800
2021-11-01,25.649,25.894000000000002,25.227000000000004,25.826999999999998,265739800
2021-11-02,25.822000000000003,26.677999999999997,25.8,26.401,294112400
2021-11-03,26.67,26.784,26.235000000000003,26.598000000000003,239910300
2021-11-04,27.229000000000003,31.365,27.118000000000002,29.801000000000002,1153631000
2021-11-05,30.187,31.400000000000002,29.410000000000004,29.752,851260200
2021-11-08,30.149,31.1,29.907,30.804000000000002,503100900
2021-11-09,32.282000000000004,32.31,29.964,30.657,646746200
2021-11-10,29.356,30.85,28.778,29.459,636205700
2021-11-11,30.468000000000004,30.59,29.777010000000004,30.39,332172100
2021-11-12,30.010000000000005,30.680000000000003,29.630000000000003,30.39,413054300
2021-11-15,30.552,30.644000000000002,29.247000000000003,30.025000000000002,384909000
2021-11-16,29.759,30.39,29.70587,30.203,264483700
2021-11-17,30.418000000000003,30.509,28.8,29.261000000000003,428508000
2021-11-18,32.367000000000004,32.760000000000005,31.320999999999998,31.675,781710800
2021-11-19,32.243,33.088,31.905,32.98500000000001,533866700
2021-11-22,33.517,34.647000000000006,31.900000000000002,31.956000000000003,754335200
2021-11-23,31.535000000000004,32.36000000000001,30.880000000000003,31.746,532162700
2021-11-24,31.461000000000002,32.855000000000004,30.927999999999997,32.674,435162300
2021-11-26,32.6,32.71,31.35,31.503,283068900
2021-11-29,32.36600000000001,33.412,32.036,33.376,454964000
2021-11-30,33.169000000000004,33.353,31.864010000000004,32.676,622066500
2021-12-01,33.21947,33.28934,31.380000000000003,31.435000000000002,485802000
2021-12-02,31.214,32.47799,31.025000000000002,32.126,472890300
2021-12-03,32,32.129000000000005,30.130000000000003,30.693,544325100
2021-12-06,29.880000000000003,30.241000000000003,28.038,30.037000000000003,658938500
2021-12-07,30.957,32.449000000000005,30.651,32.427,593053500
2021-12-08,31.999000000000002,32.29,31.421010000000003,31.826,475551500
2021-12-09,31.733999999999998,32.205000000000005,30.427999999999997,30.49,488507200
2021-12-10,31.150000000000002,31.305000000000003,29.861000000000004,30.198000000000004,488825100
2021-12-13,30.249000000000002,30.294,28.116000000000003,28.161,598343700
2021-12-14,27.699,28.677999999999997,27.25,28.337000000000003,667035400
2021-12-15,28.400000000000002,30.5,27.838,30.459,698296900
2021-12-16,31.152,31.160000000000004,28.093000000000004,28.387,707366000
2021-12-17,27.985000000000003,28.922000000000004,27.760000000000005,27.801000000000002,716622400
2021-12-20,27.305000000000003,28.144000000000002,27.145,27.719,461846800
2021-12-21,28.374000000000002,29.12,27.401,29.075000000000003,524384900
2021-12-22,28.891000000000005,29.555000000000003,28.449,29.400000000000002,395184400
2021-12-23,29.755000000000003,30.058999999999997,29.43101,29.64,343021700
2021-12-27,29.660000000000004,31.0865,29.64,30.945,403685900
2021-12-28,31.312,31.330000000000002,30.011810000000004,30.322000000000003,420591200
2021-12-29,30.272500000000004,30.548000000000002,29.366000000000003,30.001,343139300
2021-12-30,29.826999999999998,30.457,29.54,29.586000000000002,308864200
2021-12-31,29.674000000000003,30.03,29.33057,29.411,266529900
2022-01-03,29.814999999999998,30.711000000000002,29.785000000000004,30.121,392402900
2022-01-04,30.277,30.468000000000004,28.349000000000004,29.29,527154400
2022-01-05,28.949,29.416000000000004,27.533,27.604000000000003,498063900
2022-01-06,27.64,28.437990000000003,27.064999999999998,28.177999999999997,454186400
2022-01-07,28.141000000000005,28.422000000000004,27.057000000000002,27.247000000000003,409938500
2022-01-10,26.581000000000003,27.469,25.64384,27.400000000000002,594681000
2022-01-11,27.322500000000005,28.064999999999998,26.839,27.817000000000004,404089300
2022-01-12,28.066500000000005,28.595,27.608,27.999000000000002,383413500
2022-01-13,28.379000000000005,28.480000000000004,26.498000000000005,26.575000000000003,538868100
2022-01-14,26.3,27.1969,26.21001,26.942000000000004,395832400
2022-01-18,26.260000000000005,26.638,25.77,25.903,425306200
2022-01-19,26.079000000000004,26.54317,25.052000000000003,25.067,488314500
2022-01-20,25.304000000000002,25.579040000000003,24.078000000000003,24.150000000000002,435180700
2022-01-21,23.507,24.823,23.263,23.374000000000002,718957800
2022-01-24,22.330000000000002,23.380000000000003,20.888,23.372,915810600
2022-01-25,22.546000000000003,22.943,22,22.324,664616400
2022-01-26,23.240000000000002,24.057000000000002,22.3,22.772000000000002,755958700
2022-01-27,23.568,23.995,21.675,21.944000000000003,573352700
2022-01-28,22.012200000000004,22.858000000000004,21.296000000000003,22.840000000000003,543774300
2022-01-31,23.182000000000002,24.509,23.052000000000003,24.486000000000004,564679700
2022-02-01,25.104,25.145,23.890010000000004,24.638,518925200
2022-02-02,25.794,25.817000000000004,24.55301,25.242,543419400
2022-02-03,24.458000000000002,25.077,23.78,23.948,410177800
2022-02-04,23.972,24.635,23.632,24.319000000000003,354828500
2022-02-07,24.372,25.182000000000002,24.202,24.728,376867500
2022-02-08,24.359,25.230000000000004,23.980000000000004,25.108000000000004,410358600
2022-02-09,25.622000000000003,26.725,25.353,26.705000000000002,524281700
2022-02-10,25.995,26.924990000000005,25.6,25.824,513199700
2022-02-11,25.916000000000004,26.152,23.773,23.949,605472000
2022-02-14,23.934,24.875,23.755000000000003,24.267,440424400
2022-02-15,24.949,26.545,24.784000000000002,26.495,701752800
2022-02-16,26.259,26.582,25.552000000000003,26.511000000000003,732676300
2022-02-17,25.630000000000003,25.785000000000004,24.165000000000003,24.507,810595100
2022-02-18,24.667500000000004,24.986000000000004,23.1,23.642,761254900
2022-02-22,23.035,24.063990000000004,23,23.39,633422400
2022-02-23,23.802000000000003,24.15499,22.301000000000002,22.387,566510800
2022-02-24,21.015,23.8,20.89,23.748,735800600
2022-02-25,23.721000000000004,24.217,23.381,24.157,528865500
2022-02-28,23.992,24.665000000000003,23.70701,24.385,477318600
2022-03-01,24.291,24.377000000000002,23.132,23.477000000000004,412056000
2022-03-02,23.756,24.409000000000002,23.415000000000003,24.22,389641900
2022-03-03,24.2615,24.32599,23.469,23.714,365095000
2022-03-04,23.384,23.680000000000003,22.482,22.936000000000003,432010700
2022-03-07,22.817,23.033,21.330000000000002,21.352000000000004,450820900
2022-03-08,21.309,22.37299,20.650000000000002,21.514,557467200
2022-03-09,22.387,23.22,22.247,23.014,492742000
2022-03-10,22.531000000000002,22.788,21.882,22.658,428065700
2022-03-11,23.022000000000002,23.145,22.046000000000003,22.1,367208600
2022-03-14,21.869,22.262,21.159010000000002,21.330000000000002,385354200
2022-03-15,21.518,23.038,21.322010000000002,22.973,491995700
2022-03-16,23.5,24.597,23.172,24.496000000000002,671421700
2022-03-17,24.12,24.842,23.906000000000002,24.766000000000002,471941200
2022-03-18,24.799000000000003,26.568990000000003,24.624000000000002,26.453,730718600
2022-03-21,26.507,27.15199,25.967000000000002,26.733999999999998,591727100
2022-03-22,26.727,27.238,26.072000000000003,26.524,547007100
2022-03-23,26.126,26.611500000000003,25.575010000000002,25.634,502119900
2022-03-24,26.166000000000004,28.319990000000004,25.907,28.150000000000002,877379100
2022-03-25,27.886000000000003,28.358,27.271,27.692000000000004,579016200
2022-03-28,27.7555,28.25,27.206000000000003,28.219,425493900
2022-03-29,28.6945,28.945999999999998,27.980000000000004,28.656000000000002,488984400
2022-03-30,28.304000000000002,28.4955,27.503,27.689999999999998,463487100
2022-03-31,27.782,28.248000000000005,27.27,27.286,523440200
2022-04-01,27.375,27.496,26.267000000000003,26.712000000000003,517235100
2022-04-04,26.727999999999998,27.558,26.613,27.360000000000003,397707800
2022-04-05,27.254000000000005,27.319000000000003,25.82,25.931,436614700
2022-04-06,24.934,25.3,24.003,24.407,703832600
2022-04-07,24.441000000000003,24.722,23.478,24.208000000000002,557992400
2022-04-08,23.917,23.923000000000002,23.06201,23.119,524780600
2022-04-11,22.214,22.319940000000003,21.66,21.917,575206800
2022-04-12,22.537000000000003,22.725,21.282040000000002,21.504,662258100
2022-04-13,21.728,22.5,21.455000000000002,22.203000000000003,516943400
2022-04-14,22.505000000000003,22.777,21.163,21.258000000000003,569096900
2022-04-18,21.200000000000003,22.088,21.079,21.783,525700600
2022-04-19,21.72,22.373,21.314,22.198,512780600
2022-04-20,22.5171,22.670370000000002,21.200000000000003,21.482,468974400
2022-04-21,21.709200000000003,22.392,20,20.183000000000003,656209400
2022-04-22,20.303,20.486000000000004,19.5,19.515,624713400
2022-04-25,19.202,19.945,19.096,19.902,641565600
2022-04-26,19.718000000000004,19.788,18.669999999999998,18.788,653142500
2022-04-27,18.598,19.166999999999998,18.290000000000003,18.415000000000003,499460200
2022-04-28,18.967,20.037000000000003,18.48957,19.782,570326700
2022-04-29,19.402,20.12848,18.517,18.547,500434900
2022-05-02,18.5405,19.574,18.391000000000002,19.533,572048700
2022-05-03,19.400000000000002,19.825000000000003,19.133000000000003,19.602000000000004,475750800
2022-05-04,19.923000000000002,20.400000000000002,18.751,20.334000000000003,648854600
2022-05-05,19.867,19.925,18.5,18.844,626331400
2022-05-06,18.736,19.512,17.990000000000002,18.675,633296700
2022-05-09,18.034000000000002,18.255000000000003,16.827,16.95,644454500
2022-05-10,17.689,18.198,17.025000000000002,17.595,761474300
2022-05-11,17.347,17.753,16.568,16.630000000000003,670167000
2022-05-12,16.2191,16.788,15.567,16.175,708728400
2022-05-13,16.788,17.928430000000002,16.5925,17.706,670436500
2022-05-16,17.509,17.788,17.106,17.264,521446000
2022-05-17,18.074,18.371000000000002,17.634,18.177000000000003,585829700
2022-05-18,17.705000000000002,18.118000000000002,16.864,16.938,545161100
2022-05-19,16.937,17.687,16.73405,17.124000000000002,621309600
2022-05-20,17.332,17.41,15.755000000000003,16.694,739105300
2022-05-23,16.274,16.915000000000003,16.17901,16.898,639888700
2022-05-24,16.51,16.597,15.780000000000001,16.154,588550000
2022-05-25,16.02,17.11099,16,16.975,781131900
2022-05-26,16.036,18.092,16.022000000000002,17.851,996574500
2022-05-27,18.186000000000003,18.881,18.1,18.811000000000003,738379400
2022-05-31,18.98,19.200000000000003,18.35,18.672,664099500
2022-06-01,18.724,19.05318,18.122,18.32,544513900
2022-06-02,18.291999999999998,19.619,18.198,19.592,648655800
2022-06-03,19.081500000000002,19.332300000000004,18.52156,18.72,598778700
2022-06-06,19.139,19.337000000000003,18.5642,18.786,422406200
2022-06-07,18.472,19,18.188,18.926,388914100
2022-06-08,18.799000000000003,19.180000000000003,18.535,18.648,363252500
2022-06-09,18.481,18.933000000000003,18.041,18.048,395573800
2022-06-10,17.6,17.697,16.869,16.974,465649700
2022-06-13,16,16.312,15.606000000000002,15.647,604153400
2022-06-14,15.731000000000002,16.066,15.412,15.836000000000002,469679500
2022-06-15,16.095,16.868000000000002,15.926,16.527,563935700
2022-06-16,15.86,15.942320000000002,15.401,15.600999999999999,545748700
2022-06-17,15.648,15.995,15.328000000000001,15.880000000000003,630334000
2022-06-21,16.474500000000003,17.008000000000003,16.407,16.566,483088900
2022-06-22,16.226,16.662000000000003,16.180000000000003,16.36,437997400
2022-06-23,16.5185,16.585,15.853000000000002,16.225,463679600
2022-06-24,16.5,17.14,16.31,17.126,472152800
2022-06-27,17.312,17.330000000000002,16.6255,16.869,427967900
2022-06-28,16.900000000000002,17.201990000000002,15.945,15.982,461859400
2022-06-29,15.814,15.82,15.17,15.542,482352300
2022-06-30,15.361000000000002,15.567,14.862000000000002,15.159,686070000
2022-07-01,14.899000000000001,15.06291,14.392,14.523,577610100
2022-07-05,14.175,14.971000000000002,14.055000000000001,14.963999999999999,652207600
2022-07-06,15.01,15.31899,14.789,15.130000000000003,529065900
2022-07-07,15.4555,15.945,15.389,15.858000000000002,492902800
2022-07-08,15.430000000000001,16.03699,15.389,15.838000000000001,467971800
2022-07-11,15.526,15.526990000000001,15.03801,15.152000000000001,438388700
2022-07-12,15.268,15.431000000000001,14.877000000000002,15.082,458483100
2022-07-13,14.590000000000002,15.375,14.465000000000002,15.164,521918300
2022-07-14,15.108000000000002,15.47299,14.728000000000002,15.372,456234800
2022-07-15,15.659,15.782,15.445,15.762,385935500
2022-07-18,16.302000000000003,16.897000000000002,16.002000000000002,16.101,670517500
2022-07-19,16.486,17.11,16.17201,16.992,702366100
2022-07-20,16.947,17.9325,16.801,17.807,760537800
2022-07-21,17.885,18.144000000000002,17.54456,18.05,557049300
2022-07-22,17.893,17.967,17.1365,17.319,536670900
2022-07-25,17.019000000000002,17.124000000000002,16.649,17.024,480747500
2022-07-26,16.889,16.919,16.478,16.533,397864900
2022-07-27,17.032,17.936000000000003,16.91301,17.790000000000003,569776200
2022-07-28,17.975,18.14,17.44,17.984,474646300
2022-07-29,17.813,18.244,17.692,18.163,435460400
2022-08-01,18.182,18.846,17.990000000000002,18.441,476469000
2022-08-02,18.122,18.937530000000002,18.092,18.526,489526900
2022-08-03,18.184,18.968,18.137,18.893,418145600
2022-08-04,18.849,19.274,18.76,19.215000000000003,409652300
2022-08-05,18.81,19.228920000000002,18.666,18.989,386068300
2022-08-08,17.502000000000002,18.239,17.242,17.793000000000003,983783200
2022-08-09,17.252000000000002,17.447190000000003,16.724,17.086000000000002,668262700
2022-08-10,17.698,18.118000000000002,17.31701,18.097,597422500
2022-08-11,18.131,18.707,17.876,17.942,509326600
2022-08-12,18.16,18.718,17.953,18.709,478094200
2022-08-15,18.701,19.163999999999998,18.613,19.032,457665600
2022-08-16,18.9195,19.142,18.501,18.879,451239600
2022-08-17,18.523,18.688,18.145,18.335,446799100
2022-08-18,18.301,18.864990000000002,18.183000000000003,18.773,415446600
2022-08-19,18.406000000000002,18.52,17.77,17.849,441588300
2022-08-22,17.490000000000002,17.558000000000003,16.966,17.034000000000002,409592700
2022-08-23,16.9885,17.465,16.97,17.181,369985800
2022-08-24,17.012,17.406000000000002,16.895,17.222,522660700
2022-08-25,16.844,17.947,16.833000000000002,17.913,770691300
2022-08-26,17.857,17.924000000000003,16.237000000000002,16.26,769127400
2022-08-29,16.02,16.338,15.767,15.801,496131900
2022-08-30,15.96,16.038999999999998,15.182,15.468000000000002,530180700
2022-08-31,15.384,15.540000000000001,14.958510000000002,15.094000000000001,573709900
2022-09-01,14.209000000000001,14.380000000000003,13.27021,13.937000000000001,1178865000
2022-09-02,14.100000000000001,14.171000000000001,13.591000000000001,13.647,743157500
2022-09-06,13.731000000000002,13.779,13.350999999999999,13.465000000000002,535751200
2022-09-07,13.563,13.838000000000001,13.346000000000002,13.713999999999999,512657500
2022-09-08,13.459000000000001,14.008000000000003,13.369,13.990000000000002,624873100
2022-09-09,14.157,14.474000000000002,14.126,14.387,487128400
2022-09-12,14.369,14.547,14.198,14.505000000000003,484159200
2022-09-13,13.802000000000001,13.922,13.099000000000002,13.131,714955600
2022-09-14,13.254,13.289990000000001,12.913,13.128,588506500
2022-09-15,13.0152,13.232990000000001,12.790000000000001,12.929,523625200
2022-09-16,12.741500000000002,13.212000000000002,12.617,13.198,670751400
2022-09-19,13.012,13.463000000000001,13.01,13.382,569685300
2022-09-20,13.214500000000001,13.482759999999999,13.057,13.176,524817800
2022-09-21,13.213000000000001,14.031,13.11,13.261000000000003,807679400
2022-09-22,13.07,13.14897,12.428,12.561,759162200
2022-09-23,12.420000000000002,12.611,12.257,12.516,663309300
2022-09-26,12.491,12.659,12.214,12.228000000000002,547342700
2022-09-27,12.507,12.736,12.258000000000001,12.413,553854100
2022-09-28,12.41,12.823,12.353860000000001,12.736,542413900
2022-09-29,12.448,12.5,11.946010000000001,12.22,532763100
2022-09-30,12.087000000000002,12.633000000000001,12.075000000000001,12.139000000000001,565638400
2022-10-03,12.347000000000001,12.678,12.105,12.512,547478500
2022-10-04,12.879,13.219999999999999,12.879,13.167,584181700
2022-10-05,12.9107,13.321000000000002,12.621,13.209000000000001,507130700
2022-10-06,13.219999999999999,13.656,13.103000000000002,13.130000000000003,644156900
2022-10-07,12.505,12.670000000000002,12.022,12.076,672478200
2022-10-10,12.037,12.12432,11.40812,11.670000000000002,698699300
2022-10-11,11.561,11.846,11.283000000000001,11.586,667481600
2022-10-12,11.579,11.735,11.345,11.5,492590200
2022-10-13,10.971,12.07799,10.813,11.96,850103000
2022-10-14,12.057,12.111,11.204,11.227,713432000
2022-10-17,11.518,11.948,11.517000000000001,11.888,580774200
2022-10-18,12.344000000000001,12.492,11.618000000000002,11.967,659362100
2022-10-19,11.879000000000001,12.350000000000001,11.834000000000001,12.051000000000002,523130600
2022-10-20,12.113,12.769,12.105,12.194,652397600
2022-10-21,12.0982,12.498000000000001,11.887,12.466000000000001,609494400
2022-10-24,12.508000000000001,12.71,12.064,12.599,517457400
2022-10-25,12.6935,13.3,12.664000000000001,13.261000000000003,505482300
2022-10-26,12.869,13.388,12.708,12.896,535533300
2022-10-27,13.630000000000003,13.838000000000001,13.122,13.176,583113100
2022-10-28,13.104,13.850000000000001,13.061000000000002,13.834000000000001,521039900
2022-10-31,13.778,13.838000000000001,13.297,13.497,486341000
2022-11-01,13.811000000000002,13.925,13.519,13.543000000000001,432816900
2022-11-02,13.850000000000001,14.21,13.211240000000002,13.219000000000001,672627800
2022-11-03,13.043000000000001,13.781,12.956000000000001,13.421000000000001,500064900
2022-11-04,13.986000000000002,14.229,13.697000000000001,14.156,612575900
2022-11-07,14.228000000000002,14.412,13.954,14.301,410061000
2022-11-08,14.801,14.891010000000001,14.216000000000001,14.602000000000002,595292000
2022-11-09,14.161500000000002,14.211000000000002,13.759010000000002,13.776,454413700
2022-11-10,14.8,15.773,14.547,15.75,700819300
2022-11-11,15.8075,16.389,15.482,16.327,655487500
2022-11-14,16.218,16.540000000000003,15.922,16.294999999999998,527852500
2022-11-15,16.721500000000002,16.998,16.382,16.666,545875500
2022-11-16,16.1615,16.362000000000002,15.873,15.91,649546800
2022-11-17,15.715000000000002,16.266000000000002,15.535,15.677000000000001,710893600
2022-11-18,15.966000000000001,16.002000000000002,15.12001,15.409,492071700
2022-11-21,15.147,15.477000000000002,15.080000000000002,15.317,404739300
2022-11-22,15.328000000000001,16.057570000000002,15.1216,16.038,472866100
2022-11-23,16.098,16.527,16.04801,16.519000000000002,427240900
2022-11-25,16.318,16.487000000000002,16.172,16.27,167934300
2022-11-28,16.026,16.357,15.725000000000001,15.827000000000002,304152000
2022-11-29,15.827000000000002,15.932,15.52,15.639,298384500
2022-11-30,15.697000000000001,16.930000000000003,15.597000000000001,16.923,565298200
2022-12-01,16.999000000000002,17.265,16.635,17.135,470976600
2022-12-02,16.659000000000002,16.932570000000002,16.445,16.876,371388600
2022-12-05,16.679,16.995,16.47201,16.61,352255200
2022-12-06,16.53,16.573,15.819,15.987000000000002,352694300
2022-12-07,15.772,16.186000000000003,15.667,16.12,372387600
2022-12-08,16.273,17.179,15.959000000000001,17.169,515455500
2022-12-09,17.16,17.583000000000002,16.975,17.001,465338200
2022-12-12,17.037000000000003,17.538,16.797,17.535,457327800
2022-12-13,18.531000000000002,18.790000000000003,17.711000000000002,18.072,656588800
2022-12-14,17.987000000000002,18.252000000000002,17.419999999999998,17.674000000000003,496888100
2022-12-15,17.146,17.32,16.7,16.952,478542100
2022-12-16,16.8642,17.041,16.41,16.571,478231900
2022-12-19,16.572,16.609,16.145,16.254,354038800
2022-12-20,16.064,16.31,15.852000000000002,16.085,403259800
2022-12-21,16.114,16.627000000000002,16.102,16.501,325025400
2022-12-22,16.093500000000002,16.138,14.882,15.338999999999999,565045300
2022-12-23,15.196000000000002,15.338999999999999,14.883000000000003,15.206000000000001,349325600
2022-12-27,15.074000000000002,15.100000000000001,14.056000000000001,14.121000000000002,464902300
2022-12-28,13.927000000000001,14.262,13.884,14.036000000000001,351066500
2022-12-29,14.402000000000001,14.683000000000002,14.227000000000002,14.603000000000002,354923200
2022-12-30,14.334000000000001,14.62899,14.233000000000002,14.613999999999999,310489800
2023-01-03,14.850999999999999,14.996000000000002,14.096000000000002,14.315000000000001,401276600
2023-01-04,14.567,14.853000000000002,14.241,14.749000000000002,431323600
2023-01-05,14.491,14.564,14.147950000000002,14.265,389168100
2023-01-06,14.474000000000002,15.01,14.034,14.859000000000002,405043600
2023-01-09,15.284,16.056,15.141,15.628,504230600
2023-01-10,15.507,15.96199,15.472000000000001,15.909,384101300
2023-01-11,15.839500000000001,16.028000000000002,15.563,16.001,353284900
2023-01-12,16.1,16.637,15.491999999999999,16.511000000000003,551409100
2023-01-13,16.278000000000002,16.922,16.165000000000003,16.899,447287100
2023-01-17,16.899,17.728,16.899,17.702,511102200
2023-01-18,17.666999999999998,17.873,17.282,17.377000000000002,439623600
2023-01-19,17.036,17.197,16.731,16.765,452931600
2023-01-20,17.011000000000003,17.856,16.825,17.839,564967100
2023-01-23,18.064,19.245,17.817500000000003,19.193,655162600
2023-01-24,18.827,19.495,18.82,19.265,496204100
2023-01-25,18.9125,19.37,18.580000000000002,19.323,449537100
2023-01-26,19.701,20.166,19.278000000000002,19.802000000000003,489535400
2023-01-27,19.462000000000003,20.628,19.405,20.365000000000002,542142000
2023-01-30,19.950000000000003,20.14,19.150000000000002,19.162000000000003,488611200
2023-01-31,19.1695,19.687,18.95,19.537000000000003,498016600
2023-02-01,19.691000000000003,21.192,19.611000000000004,20.943,660477000
2023-02-02,21,21.949,20.700000000000003,21.709000000000003,564275800
2023-02-03,21,21.74499,20.789,21.1,429366000
2023-02-06,20.806,21.57,20.786,21.089,452197100
2023-02-07,21.382,22.259,21.150000000000002,22.173000000000002,664149600
2023-02-08,22.387,22.878,22.00801,22.205000000000002,559651200
2023-02-09,22.606,23.02,22.12,22.337000000000003,523875800
2023-02-10,21.69,22.077640000000002,20.811000000000003,21.265,550736800
2023-02-13,21.538,22.048000000000002,20.962000000000003,21.788,474918600
2023-02-14,21.578000000000003,23.0488,21.366,22.971000000000004,675473500
2023-02-15,22.549000000000003,22.855000000000004,22.106,22.764,421188300
2023-02-16,22.133000000000003,22.55,21.9268,22.002000000000002,412026300
2023-02-17,21.631,21.740000000000002,20.975,21.388,465887600
2023-02-21,21,21.4938,20.618000000000002,20.655,410014600
2023-02-22,20.707,21.104,20.421000000000003,20.754,513184300
2023-02-23,23.44,23.888,23.025000000000002,23.664,1117995000
2023-02-24,23.225,23.474000000000004,22.947000000000003,23.286,589715900
2023-02-27,23.67,23.87994,23.454,23.501,452993700
2023-02-28,23.372,23.825000000000003,23.206000000000003,23.216,455962800
2023-03-01,23.192,23.255570000000002,22.508000000000003,22.698,460025600
2023-03-02,22.488,23.3804,22.432000000000002,23.314,390074700
2023-03-03,23.32,23.900000000000002,23.130000000000003,23.89,412393300
2023-03-06,23.891000000000002,24.248,23.487000000000002,23.554000000000002,437429200
2023-03-07,23.6,24.125,23.241,23.288,515153900
2023-03-08,23.487000000000002,24.200000000000003,23.423500000000004,24.181,513573400
2023-03-09,24.175,24.454,23.38284,23.436000000000003,501257000
2023-03-10,23.409000000000002,23.627000000000002,22.726,22.965000000000003,474865700
2023-03-13,22.752000000000002,23.298000000000002,22.297,22.966,421890300
2023-03-14,23.496000000000002,24.219,23.46,24.063000000000002,474910100
2023-03-15,23.761000000000003,24.286,23.36,24.228,524485700
2023-03-16,24.027,25.588,23.894000000000002,25.541,584946300
2023-03-17,25.982,26.399,25.668000000000003,25.725,848546600
2023-03-20,25.615,26.024,25.129830000000002,25.900000000000002,432747200
2023-03-21,26.180000000000003,26.392000000000003,25.381,26.199,547407800
2023-03-22,26.425,27.589,26.237000000000002,26.468000000000004,797295100
2023-03-23,27.115499999999997,27.499000000000002,26.689999999999998,27.191000000000003,564888800
2023-03-24,27.031000000000002,27.167,26.355000000000004,26.779000000000003,455414100
2023-03-27,26.837000000000003,27,26.365,26.531000000000002,361025700
2023-03-28,26.447000000000003,26.513,25.85,26.410000000000004,356103800
2023-03-29,26.825000000000003,27.078,26.597000000000005,26.983999999999998,393693900
2023-03-30,27.229000000000003,27.499000000000002,27.102,27.383,364515700
2023-03-31,27.14,27.834310000000002,27.105000000000004,27.777,433932800
2023-04-03,27.509,28,27.336000000000002,27.965,398715600
2023-04-04,27.966000000000005,28,27.307000000000002,27.453,368591500
2023-04-05,26.829000000000004,26.998000000000005,26.395,26.881,515014700
2023-04-06,26.584,27.080000000000002,26.427,27.037000000000003,397654300
2023-04-10,26.823000000000004,27.620990000000003,26.669,27.579000000000004,395278600
2023-04-11,27.7235,27.79,27.126,27.169,314378200
2023-04-12,27.37,27.46799,26.447500000000005,26.495,446259000
2023-04-13,26.733999999999998,26.886900000000004,26.329000000000004,26.463,353615300
2023-04-14,26.504000000000005,26.883,26.22,26.758,395660100
2023-04-17,26.5655,27.006,26.43318,27.002,321471300
2023-04-18,27.5335,28.110000000000003,27.357,27.667,604811500
2023-04-19,27.361000000000004,28,27.232,27.931,358660400
2023-04-20,27.671,28.03,27,27.104000000000003,427713300
2023-04-21,26.951999999999998,27.183,26.722000000000005,27.119,345102800
2023-04-24,27.013,27.36599,26.671010000000003,27.042,339281900
2023-04-25,27.078,27.247000000000003,26.225,26.241000000000003,378527200
2023-04-26,27.002,27.330000000000002,26.7051,26.956000000000003,406336800
2023-04-27,27.363,27.495,26.62501,27.226,377161200
2023-04-28,27.225,27.758,27.071480000000005,27.749000000000002,292216100
2023-05-01,27.84,29.058440000000004,27.78,28.910000000000004,570328500
2023-05-02,28.680000000000003,28.83599,28.083,28.210000000000004,402729600
2023-05-03,27.84,28.367000000000004,27.472000000000005,27.802,383387400
2023-05-04,27.651,27.858999999999998,27.24,27.562,321850400
2023-05-05,27.8255,28.755000000000003,27.731,28.680000000000003,361494100
2023-05-08,28.522000000000006,29.22,28.35,29.151,344978900
2023-05-09,28.899,28.973000000000003,28.450000000000003,28.570999999999998,314869500
2023-05-10,29.005000000000003,29.113,28.461280000000002,28.885000000000005,369350000
2023-05-11,28.896,28.950000000000003,28.246,28.578,322149000
2023-05-12,28.529000000000003,28.78,28.046,28.34,274222300
2023-05-15,28.508499999999998,28.969,28.152,28.953,293925900
2023-05-16,28.841000000000005,29.87,28.832,29.213,449404900
2023-05-17,29.584,30.199,29.43001,30.177999999999997,432535400
2023-05-18,30.410000000000004,31.828,30.32,31.677999999999997,748725000
2023-05-19,31.536,31.580000000000002,30.916000000000004,31.264,473907700
2023-05-22,30.901,31.52,30.680000000000003,31.176000000000002,371999700
2023-05-23,31,31.288,30.631,30.688000000000002,356253300
2023-05-24,30.210000000000004,30.607,29.806,30.538,721418500
2023-05-25,38.523,39.480000000000004,36.635000000000005,37.980000000000004,1543911000
2023-05-26,37.89,39.17,37.550000000000004,38.946,714396800
2023-05-30,40.595,41.938,39.949000000000005,40.111000000000004,923401100
2023-05-31,39.488,40.295,37.822,37.833999999999996,1002580000
2023-06-01,38.489000000000004,40.050000000000004,38.339999999999996,39.77,635873000
2023-06-02,40.09700000000001,40.5,39.05801,39.327,482731200
2023-06-05,38.909,39.56503000000001,38.707,39.171,396093800
2023-06-06,38.830000000000005,39.160000000000004,38.148,38.654,388729100
2023-06-07,38.915,39.499,37.356,37.475,511997900
2023-06-08,37.724000000000004,38.864000000000004,37.505,38.510000000000005,417772400
2023-06-09,39.037000000000006,39.711000000000006,38.56700000000001,38.77,427717500
2023-06-12,39.2,39.52999,38.618,39.482,389673400
2023-06-13,40.18600000000001,41.101,39.74,41.022000000000006,613208200
2023-06-14,40.824000000000005,43,40.552,42.99700000000001,740465000
2023-06-15,42.602000000000004,43.289,42.147000000000006,42.653,568622000
2023-06-16,43.45,43.721000000000004,42.660500000000006,42.69200000000001,655709400
2023-06-20,42.998000000000005,43.99,42.67400000000001,43.808,451153100
2023-06-21,43.501000000000005,43.615,42.080000000000005,43.045,551602900
2023-06-22,42.253,43.4255,42.234,43.025000000000006,417737400
2023-06-23,42.464,42.809,42.015,42.209,358139800
2023-06-26,42.461000000000006,42.764,40.1,40.632000000000005,594321900
2023-06-27,40.79900000000001,41.94,40.44800000000001,41.876000000000005,462174700
2023-06-28,40.660000000000004,41.845,40.518,41.117000000000004,582639300
2023-06-29,41.558,41.6,40.6,40.822,380514300
2023-06-30,41.68000000000001,42.550000000000004,41.501000000000005,42.302,501147800
2023-07-03,42.517,42.898,42.202,42.413000000000004,197754100
2023-07-05,42.135000000000005,43.177,42.08500000000001,42.31700000000001,323617600
2023-07-06,41.844,42.179,41.346000000000004,42.103,304138800
2023-07-07,42.322,43.214,42.18000000000001,42.503,355881500
2023-07-10,42.657000000000004,42.81100000000001,41.649,42.18000000000001,353908100
2023-07-11,42.481,42.758,42.06700000000001,42.405,298244100
2023-07-12,43.033,43.935,42.777280000000005,43.902,481277000
2023-07-13,44.518,46.155,44.492000000000004,45.977000000000004,478203700
2023-07-14,46.5828,48.088,45.06,45.469,772075300
2023-07-17,46.289,46.496,45.26241,46.461000000000006,510488200
2023-07-18,46.701,47.895990000000005,45.734,47.494,570190400
2023-07-19,47.464,47.818000000000005,46.742000000000004,47.077,427501800
2023-07-20,46.507000000000005,47.087,45.062000000000005,45.52,537864500
2023-07-21,45.788000000000004,45.86600000000001,44.1,44.309,963768600
2023-07-24,44.731,45.109,44.04,44.612,383099700
2023-07-25,44.941,46.182500000000005,44.923,45.679,348080900
2023-07-26,46.021,46.053,44.63,45.452,364237300
2023-07-27,46.519000000000005,47.395,45.75,45.900000000000006,455975500
2023-07-28,46.668000000000006,47.027,46.381,46.75,331194200
2023-07-31,46.754000000000005,47.13,46.50601,46.729000000000006,251055300
2023-08-01,46.459500000000006,46.900000000000006,46.027,46.507000000000005,239276000
2023-08-02,45.831,45.84,43.387,44.269000000000005,530141600
2023-08-03,43.800000000000004,45.118,43.800000000000004,44.515,325076600
2023-08-04,44.98500000000001,45.642,44.393,44.68000000000001,362666200
2023-08-07,45.111000000000004,45.54,44.56345,45.416500000000006,322153500
2023-08-08,44.853,45.242000000000004,44.05601,44.664,353843400
2023-08-09,44.274,44.312000000000005,42.134,42.554,586449100
2023-08-10,42.160000000000004,43.574000000000005,41.83500000000001,42.388000000000005,492705300
2023-08-11,41.751000000000005,42.018,40.639,40.855000000000004,533085300
2023-08-14,40.486000000000004,43.800000000000004,40.31100000000001,43.753,690285800
2023-08-15,44.56,45.268,43.71000000000001,43.94,676511500
2023-08-16,44.52,44.675000000000004,43.406000000000006,43.486000000000004,527450700
2023-08-17,43.97,44.062000000000005,43.001000000000005,43.343500000000006,452394800
2023-08-18,42.635000000000005,43.57799,41.660000000000004,43.29900000000001,583767900
2023-08-21,44.494,47.065,44.22200000000001,46.967000000000006,692573400
2023-08-22,48.135000000000005,48.187000000000005,45.3331,45.668000000000006,757206900
2023-08-23,45.86600000000001,47.2,45.208,47.11600000000001,779046100
2023-08-24,50.21600000000001,50.266000000000005,47.159,47.163000000000004,1156044000
2023-08-25,47.012,47.80500000000001,45.024,46.018,925340500
2023-08-28,46.482,46.980000000000004,44.888000000000005,46.83500000000001,685192200
2023-08-29,46.666000000000004,49.081,46.39101,48.784,701397000
2023-08-30,49.044000000000004,49.927,48.425000000000004,49.264,735206000
2023-08-31,49.38,49.744,48.958,49.355000000000004,528569800
2023-09-01,49.762,49.800000000000004,48.141600000000004,48.509,463830300
2023-09-05,48.223000000000006,48.85081,47.86000000000001,48.548,382652600
2023-09-06,48.441,48.54900000000001,46.580000000000005,47.06100000000001,468669600
2023-09-07,45.525000000000006,46.344,45.152,46.24100000000001,433329900
2023-09-08,45.94200000000001,46.606,45.271,45.572,473899900
2023-09-11,46.148,46.163000000000004,44.312000000000005,45.178,473965600
2023-09-12,44.738,45.673,44.531000000000006,44.870000000000005,349256300
2023-09-13,44.6,45.93000000000001,44.503,45.48500000000001,398355400
2023-09-14,45.95,45.98699,45.131,45.581,370097200
2023-09-15,45.34100000000001,45.599000000000004,43.808,43.900000000000006,506830500
2023-09-18,42.748000000000005,44.242000000000004,42,43.96600000000001,500270800
2023-09-19,43.833,43.96600000000001,43.002,43.52,373064200
2023-09-20,43.6,43.903,42.223000000000006,42.239000000000004,367107700
2023-09-21,41.583,42.1,40.980000000000004,41.017,450736000
2023-09-22,41.572,42.115,41.231,41.61000000000001,479236300
2023-09-25,41.59100000000001,42.536,41.177,42.22200000000001,419091000
2023-09-26,42.001000000000005,42.82,41.655,41.911,402282100
2023-09-27,42.330000000000005,42.87200000000001,41.62901,42.468,444935200
2023-09-28,42.46000000000001,43.446310000000004,42.115,43.089,424662800
2023-09-29,43.827,44.144000000000005,43.30694,43.499,397829900
2023-10-02,44.03,45.175000000000004,43.861000000000004,44.782000000000004,433298200
2023-10-03,44.808,45.13,43.246,43.517,470849500
2023-10-04,43.742000000000004,44.143,43.292010000000005,44.041000000000004,361820900
2023-10-05,44.050000000000004,44.900000000000006,43.888000000000005,44.688,393483100
2023-10-06,44.193000000000005,45.789,44.026,45.762,434436000
2023-10-09,44.842000000000006,45.605000000000004,44.368,45.273,409674700
2023-10-10,45.31,46.259,45.088,45.798,368582100
2023-10-11,46.196,46.859,46.050000000000004,46.806000000000004,378136900
2023-10-12,46.777,47.609,46.330000000000005,46.945,481325000
2023-10-13,46.96000000000001,47.11600000000001,45.28,45.461000000000006,475426000
2023-10-16,45.063,46.225,44.912000000000006,46.095,375099200
2023-10-17,44,44.754000000000005,42.480000000000004,43.938,812332700
2023-10-18,42.59100000000001,43.219,41.825,42.196,627294300
2023-10-19,42.81100000000001,43.297000000000004,41.882000000000005,42.101,501233100
2023-10-20,41.89,42.47,41.078,41.387,477266100
2023-10-23,41.229000000000006,43.24799,40.945,42.975,478530500
2023-10-24,43.077,43.697,42.691,43.663000000000004,401463400
2023-10-25,43.398,43.650000000000006,41.55500000000001,41.779,398379200
2023-10-26,41.853,42.25555,39.88019,40.326,541001300
2023-10-27,41.13,41.206,40.015,40.5,416784400
2023-10-30,41.087,41.766000000000005,40.481,41.161,388028100
2023-10-31,40.45,40.879000000000005,39.23001,40.78,517968700
2023-11-01,40.884,42.381,40.869,42.325,437592900
2023-11-02,43.328,43.884,42.894000000000005,43.506,409171900
2023-11-03,44.02,45.30899,43.723000000000006,45.005,424609600
2023-11-06,45.28450000000001,45.935,44.899,45.751000000000005,400733400
2023-11-07,45.719,46.218,45.1575,45.955000000000005,343165500
2023-11-08,46.1,46.867000000000004,45.968,46.574000000000005,346718900
2023-11-09,47.467000000000006,48.230000000000004,46.75,46.95,540496000
2023-11-10,47.5,48.47200000000001,47.283010000000004,48.33500000000001,422441600
2023-11-13,48.32,49.11600000000001,48.09901,48.620000000000005,384135700
2023-11-14,49.68000000000001,49.834,49.04001,49.656000000000006,416953900
2023-11-15,49.935,49.96000000000001,48.2,48.888000000000005,475497400
2023-11-16,48.679,49.52469,48.330000000000005,49.480000000000004,339756200
2023-11-17,49.524,49.717000000000006,49.007000000000005,49.298,325896900
2023-11-20,49.312000000000005,50.548,49.18101,50.409,416142600
2023-11-21,50.126000000000005,50.517,49.22200000000001,49.944,565746900
2023-11-22,49.852000000000004,50.33494,47.69,48.71600000000001,900642300
2023-11-24,48.47,48.921,47.745000000000005,47.776,294644600
2023-11-27,47.800000000000004,48.53,47.652,48.242000000000004,395661900
2023-11-28,48.236000000000004,48.322900000000004,47.473000000000006,47.821,401490900
2023-11-29,48.379000000000005,48.762,47.86000000000001,48.14,382004700
2023-11-30,48.024,48.11000000000001,46.422000000000004,46.77,526246600
2023-12-01,46.525000000000006,47.2,46.187000000000005,46.765,369317000
2023-12-04,46.077,46.077,45.010000000000005,45.510000000000005,437543400
2023-12-05,45.46600000000001,46.6,45.271,46.566,371717600
2023-12-06,47.2145,47.387,45.412000000000006,45.503,380589600
2023-12-07,45.7,46.629000000000005,45.604000000000006,46.596000000000004,350822600
2023-12-08,46.595,47.74085,46.550000000000004,47.506,359223700
2023-12-11,47.49100000000001,47.531000000000006,45.830000000000005,46.627,509728100
2023-12-12,46.046,47.666000000000004,46.046,47.657000000000004,372386900
2023-12-13,47.629000000000005,48.594,47.608000000000004,48.088,447791900
2023-12-14,48.39,48.67,47.422000000000004,48.35,391231700
2023-12-15,48.194,49.404,48.120000000000005,48.89,479947600
2023-12-18,49.400000000000006,50.432990000000004,49.150000000000006,50.077,412587200
2023-12-19,49.42400000000001,49.7,48.895,49.604000000000006,464444500
2023-12-20,49.655,49.999,48.098000000000006,48.111000000000004,397894400
2023-12-21,48.81100000000001,49.095,48.419000000000004,48.99,300425400
2023-12-22,49.195,49.383,48.467000000000006,48.830000000000005,252506800
2023-12-26,48.968,49.6,48.96000000000001,49.279,244199500
2023-12-27,49.511,49.68000000000001,49.08500000000001,49.417,233648000
2023-12-28,49.643,49.883990000000004,49.412000000000006,49.522000000000006,246587500
2023-12-29,49.813,49.99700000000001,48.751000000000005,49.522000000000006,389293300
2024-01-02,49.244,49.295,47.595,48.168000000000006,411254200
2024-01-03,47.48500000000001,48.1841,47.32,47.569,320896200
2024-01-04,47.767,48.5,47.508,47.998000000000005,306534900
2024-01-05,48.462,49.547000000000004,48.30601,49.09700000000001,415039300
2024-01-08,49.512,52.275000000000006,49.479000000000006,52.253,642509900
2024-01-09,52.401,54.325,51.69,53.14,773100100
2024-01-10,53.616,54.6,53.489000000000004,54.35,533795800
2024-01-11,54.999,55.346000000000004,53.56,54.822,596758800
2024-01-12,54.620000000000005,54.970000000000006,54.33008,54.71000000000001,352993600
2024-01-16,55.018,56.834990000000005,54.900000000000006,56.382000000000005,449579700
2024-01-17,56.34700000000001,56.47068000000001,54.74,56.053,474394400
2024-01-18,57.260000000000005,57.6,56.107000000000006,57.107000000000006,491650400
2024-01-19,57.989000000000004,59.5,57.225,59.491,543501500
2024-01-22,60.04900000000001,60.330999999999996,59.07000000000001,59.653999999999996,452954600
2024-01-23,59.57000000000001,59.910000000000004,58.58500000000001,59.873000000000005,294654500
2024-01-24,60.304,62.849000000000004,59.938,61.362,560270800
2024-01-25,62.35,62.71900000000001,60.85,61.617,482776800
2024-01-26,60.96000000000001,61.78300000000001,60.57300000000001,61.031,390308600
2024-01-29,61.232000000000006,62.489000000000004,60.90700000000001,62.465,348733000
2024-01-30,62.900000000000006,63.492999999999995,62.260000000000005,62.774,410735300
2024-01-31,61.44,62.269020000000005,60.7,61.527,453794900
2024-02-01,62.1,63.191,61.650000000000006,63.027,369145800
2024-02-02,63.974000000000004,66.60000000000001,63.69,66.16000000000001,476577700
2024-02-05,68.22500000000001,69.497,67.205,69.33200000000001,680078000
2024-02-06,69.63,69.75399,66.3,68.223,683111400
2024-02-07,68.319,70.22000000000001,67.60000000000001,70.099,495574600
2024-02-08,70.074,70.79400000000001,69.455,69.641,414422100
2024-02-09,70.533,72.185,70.212,72.13300000000001,436636900
2024-02-12,72.60000000000001,74.611,71.25,72.248,613710200
2024-02-13,70.4,73.45,69.62,72.128,602580200
2024-02-14,73.202,74.236,71.938,73.9,504917400
2024-02-15,73.86900000000001,73.97500000000001,72.4,72.658,420121800
2024-02-16,74.10000000000001,74.402,72.501,72.613,495326600
2024-02-20,71.947,71.956,67.73400000000001,69.452,704833100
2024-02-21,68.006,68.888,66.248,67.47200000000001,690298100
2024-02-22,75.025,78.575,74.22000000000001,78.53800000000001,865099700
2024-02-23,80.79,82.394,77.57000000000001,78.81700000000001,829388400
2024-02-26,79.7,80.64599,78.505,79.092,503972700
2024-02-27,79.381,79.48,77.162,78.70100000000001,391705200
2024-02-28,77.62,78.933,77.125,77.66300000000001,393110400
2024-02-29,79.09400000000001,79.99000000000001,78.35000000000001,79.11200000000001,507289000
2024-03-01,80,82.30000000000001,79.43503,82.279,479135100
2024-03-04,84.13,87.69500000000001,83.71900000000001,85.23700000000001,615616500
2024-03-05,85.27000000000001,86.09700000000001,83.41701,85.964,520639300
2024-03-06,88.022,89.724,87.03001,88.7,582520300
2024-03-07,90.15800000000002,92.767,89.60201,92.66900000000001,608119200
2024-03-08,95.1379,97.4,86.506,87.528,1142269000
2024-03-11,86.429,88.79700000000001,84.166,85.774,678364100
2024-03-12,88.049,91.96000000000001,86.15010000000001,91.91300000000001,668075200
2024-03-13,91.055,91.504,88.435,90.888,635712900
2024-03-14,89.577,90.64600000000002,86.60000000000001,87.94400000000002,602318200
2024-03-15,86.93,89.546,86.257,87.8365,642086200
2024-03-18,90.388,92.405,87.08500000000001,88.455,668975900
2024-03-19,86.7,90.54400000000001,85.01,89.39800000000001,672171300
2024-03-20,89.79700000000001,90.41000000000001,88.22300000000001,90.37200000000001,479062800
2024-03-21,92.30000000000001,92.64800000000001,90.405,91.435,480372300
2024-03-22,91.141,94.77799,90.83401,94.289,586719400
2024-03-25,93.941,96.76599,93.51,95.00200000000001,552136100
2024-03-26,95.851,96.375,92.50200000000001,92.561,513647600
2024-03-27,93.11200000000001,93.24000000000001,89.123,90.25,586067200
2024-03-28,90,91.30000000000001,89.193,90.356,435212300
2024-04-01,90.299,92.22500000000001,89.20400000000001,90.363,452441500
2024-04-02,88.44800000000001,90.09400000000001,87.62,89.452,433063600
2024-04-03,88.48400000000001,90.37400000000001,88.4,88.964,370066600
2024-04-04,90.406,90.63399,85.88,85.905,434964900
2024-04-05,86.866,88.481,85.926,88.00800000000001,399678500
2024-04-08,88.7,88.83,86.73200000000001,87.13300000000001,283220000
2024-04-09,87.44200000000001,87.635,83.022,85.354,503547400
2024-04-10,83.926,87.4,83.709,87.039,431928500
2024-04-11,87.42000000000002,90.73899,86.926,90.616,431637300
2024-04-12,89.69900000000001,90.17499000000001,87.53,88.186,426804800
2024-04-15,89.09800000000001,90.613,85.92901,86.001,443077000
2024-04-16,86.4325,88.118,86.0639,87.415,370453000
2024-04-17,88.34,88.775,83.95,84.03500000000001,495399500
2024-04-18,84.97000000000001,86.18999000000001,82.402,84.671,447260300
2024-04-19,83.15,84.32400000000001,75.606,76.2,875198000
2024-04-22,78.104,80.07300000000001,76.4,79.518,596340500
2024-04-23,80.769,82.769,80.26400000000001,82.423,438559400
2024-04-24,83.95,84.08200000000001,79.183,79.677,512207500
2024-04-25,78.86801000000001,83.32299,78.22300000000001,82.632,424640700
2024-04-26,83.818,88.33093000000001,83.387,87.73500000000001,551010800
2024-04-29,87.59500000000001,87.992,85.266,87.757,388970800
2024-04-30,87.24000000000001,88.81900000000002,86.30000000000001,86.402,363708700
2024-05-01,85.077,86,81.25456000000001,83.041,559863200
2024-05-02,84.44900000000001,86.23700000000001,83.2,85.81700000000001,377897500
2024-05-03,87.789,89.281,87.04,88.789,398340700
2024-05-06,89.39,92.22000000000001,89.055,92.14,376202600
2024-05-07,91.09800000000001,91.78099,89.01100000000001,90.554,437341600
2024-05-08,89.48250000000002,91.19400000000002,89.42000000000002,90.412,325721000
2024-05-09,90.529,91.072,88.231,88.74700000000001,378012700
2024-05-10,90.3045,91.40100000000001,89.227,89.878,335325400
2024-05-13,90.47800000000001,90.998,88.529,90.399,289680200
2024-05-14,89.599,91.65100000000001,88.93400000000001,91.356,296507100
2024-05-15,92.47200000000001,94.86200000000001,91.599,94.63,417735500
2024-05-16,94.91000000000001,95.81899,94.10300000000001,94.35900000000001,323951800
2024-05-17,94.36900000000001,94.74000000000001,91.806,92.479,359691000
2024-05-20,93.75,95.2,93.44,94.78,318764500
2024-05-21,93.599,95.4,93.18,95.38600000000001,328946500
2024-05-22,95.459,96.02000000000001,93.24900000000001,94.95,548648000
2024-05-23,102.028,106.32000000000001,101.52000000000001,103.799,835065300
2024-05-24,104.44900000000001,106.47500000000001,103,106.46900000000001,429493700
2024-05-28,110.24400000000001,114.93900000000002,109.883,113.90100000000001,652727900
2024-05-29,113.05000000000001,115.49200000000002,110.90100000000001,114.825,557441900
2024-05-30,114.65,115.81915,109.66300000000001,110.5,487350300
2024-05-31,112.52000000000001,112.71700000000001,106.94000000000001,109.633,613262500
2024-06-03,113.62100000000001,115,112.003,115,438391800
2024-06-04,115.71600000000001,116.60000000000001,114.04500000000002,116.437,403324000
2024-06-05,118.37100000000001,122.4495,117.46800000000002,122.44000000000001,528401800
2024-06-06,124.048,125.58699999999999,118.32000000000001,120.998,664696200
2024-06-07,119.77000000000001,121.69171,118.022,120.88800000000002,412385800
2024-06-10,120.37,123.1,117.01,121.79,314162700
2024-06-11,121.77,122.87,118.74,120.91,222551200
2024-06-12,123.06,126.88,122.57,125.2,299595000
2024-06-13,129.39,129.8,127.16,129.61,260704500
2024-06-14,129.96,132.84,128.32,131.88,309320400
2024-06-17,132.99,133.73,129.58,130.98,288504400
2024-06-18,131.14,136.33,130.69,135.58,294335100
2024-06-20,139.8,140.76,129.52,130.78,517768400
2024-06-21,127.12,130.63,124.3,126.57,655484700
2024-06-24,123.24,124.46,118.04,118.11,476060900
2024-06-25,121.2,126.5,119.32,126.09,425787500
2024-06-26,126.13,128.12,122.6,126.4,362975900
2024-06-27,124.1,126.41,122.92,123.99,252571700
2024-06-28,124.58,127.71,122.75,123.54,315516700
2024-07-01,123.47,124.84,118.83,124.3,284885500
2024-07-02,121.13,123.41,121.03,122.67,218374000
2024-07-03,121.66,128.28,121.36,128.28,215749000
2024-07-05,127.38,128.85,125.68,125.83,214176700
2024-07-08,127.49,130.77,127.04,128.2,237677300
2024-07-09,130.35,133.82,128.65,131.38,287020800
2024-07-10,134.03,135.1,132.42,134.91,248978600
2024-07-11,135.75,136.15,127.05,127.4,374782700
2024-07-12,128.26,131.92,127.22,129.24,252680500
2024-07-15,130.56,131.39,127.18,128.44,208326200
2024-07-16,128.44,129.04,124.58,126.36,214769500
2024-07-17,121.35,121.85,116.72,117.99,390086200
2024-07-18,121.85,122.4,116.56,121.09,320979500
2024-07-19,120.35,121.6,117.37,117.93,217223800
2024-07-22,120.35,124.07,119.86,123.54,258068900
2024-07-23,122.78,124.69,122.1,122.59,173911000
2024-07-24,119.17,119.95,113.44,114.25,327776900
2024-07-25,113.04,116.63,106.3,112.28,460067000
2024-07-26,116.19,116.2,111.58,113.06,293399100
2024-07-29,113.69,116.28,111.3,111.59,248152100
2024-07-30,111.52,111.99,102.54,103.73,486833300
2024-07-31,112.9,118.34,110.88,117.02,473174200
2024-08-01,117.53,120.16,106.8104,109.21,523462300
2024-08-02,103.76,108.72,101.37,107.27,482027500
2024-08-05,92.06,103.41,90.69,100.45,552842400
2024-08-06,103.84,107.71,100.55,104.25,409012100
2024-08-07,107.81,108.8,98.69,98.91,411440400
2024-08-08,102,105.5,97.52,104.97,391910000
2024-08-09,105.64,106.6,103.43,104.75,290844200
2024-08-12,106.32,111.07,106.26,109.02,325559900
2024-08-13,112.44,116.23,111.58,116.14,312646700
2024-08-14,118.53,118.6,114.07,118.08,339246400
2024-08-15,118.76,123.24,117.47,122.86,318086700
2024-08-16,121.94,125,121.18,124.58,302589900
2024-08-19,124.28,130,123.42,130,318333600
2024-08-20,128.4,129.88,125.89,127.25,300087400
2024-08-21,127.315,129.35,126.66,128.5,257883600
2024-08-22,130.02,130.75,123.1,123.74,376189100
2024-08-23,125.86,129.6,125.22,129.37,323230300
2024-08-26,129.57,131.26,124.37,126.46,331964700
2024-08-27,125.05,129.2,123.88,128.3,303134600
2024-08-28,128.12,128.33,122.64,125.61,448101100
2024-08-29,121.355,124.43,116.71,117.59,453023300
2024-08-30,119.53,121.75,117.22,119.37,333751600
2024-09-03,116.01,116.21,107.29,108,477155100
2024-09-04,105.41,113.27,104.12,106.21,372470300
2024-09-05,104.985,109.65,104.76,107.21,306850700
2024-09-06,108.04,108.15,100.95,102.83,413638100
2024-09-09,104.88,106.55,103.69,106.47,273912000
2024-09-10,107.81,109.4,104.95,108.1,268283700
2024-09-11,109.39,117.19,107.42,116.91,441422400
2024-09-12,116.84,120.79,115.38,119.14,367100500
2024-09-13,119.08,119.955,117.6,119.1,238358300
2024-09-16,116.79,118.18,114.36,116.78,248772300
2024-09-17,118.17,118.8,114.83,115.59,231925900
2024-09-18,115.89,117.7,113.22,113.37,310318900
2024-09-19,117.35,119.66,117.25,117.87,293506400
2024-09-20,117.06,118.6181,115.3901,116,382462400
2024-09-23,116.55,116.99,114.86,116.26,206228500
2024-09-24,116.515,121.8,115.38,120.87,354966800
2024-09-25,122.02,124.94,121.61,123.51,284692900
2024-09-26,126.8,127.665,121.8,124.04,302582900
2024-09-27,123.97,124.03,119.26,121.4,271009200
2024-09-30,118.31,121.5,118.15,121.44,227053700
2024-10-01,121.765,122.4351,115.79,117,302094500
2024-10-02,116.44,119.38,115.14,118.85,221845900
2024-10-03,120.92,124.36,120.3401,122.85,277118000
2024-10-04,124.94,125.04,121.83,124.92,244465600
2024-10-07,124.99,130.64,124.95,127.72,346250200
2024-10-08,130.26,133.48,129.42,132.89,285722500
2024-10-09,134.11,134.52,131.38,132.65,246191600
2024-10-10,131.91,135,131,134.81,242311300
2024-10-11,134.01,135.78,133.66,134.8,170209500
2024-10-14,136.47,139.6,136.3,138.07,232347700
2024-10-15,137.87,138.57,128.74,131.6,377831000
2024-10-16,133.98,136.62,131.58,135.72,264879700
2024-10-17,139.34,140.89,136.87,136.93,306435900
2024-10-18,138.665,138.9,137.28,138,176090200
2024-10-21,138.13,143.71,138,143.71,264554500
2024-10-22,142.91,144.42,141.78,143.59,226311600
2024-10-23,142.03,142.43,137.46,139.56,285930000
2024-10-24,140.82,141.35,138.46,140.41,172354900
2024-10-25,140.93,144.13,140.8,141.54,205122100
2024-10-28,143,143.14,140.05,140.52,173586700
2024-10-29,140.285,142.2598,138.9,141.25,157593600
2024-10-30,139.54,140.33,136.81,139.335,179418100
2024-10-31,137.6,137.61,132.1106,132.76,270039600
2024-11-01,134.7,137.31,134.57,135.4,207127800
2024-11-04,137.21,138.96,135.57,136.05,187528200
2024-11-05,137.45,140.3701,137.33,139.91,160537400
2024-11-06,142.96,146.49,141.96,145.61,242043900
2024-11-07,146.39,148.93,146.17,148.88,207323300
2024-11-08,148.77,149.77,146.26,147.63,175665800
2024-11-11,148.68,148.85,143.57,145.26,182325600
2024-11-12,146.78,149.65,146.01,148.29,198634700
2024-11-13,149.07,149.33,145.9,146.27,191903300
2024-11-14,147.64,149,145.55,146.76,194463300
2024-11-15,144.87,145.24,140.08,141.98,250132900
2024-11-18,139.5,141.55,137.15,140.15,221866000
2024-11-19,141.32,147.13,140.99,147.01,227834900
2024-11-20,147.41,147.56,142.73,145.89,309871700
2024-11-21,149.35,152.89,140.7,146.67,400946600
2024-11-22,145.93,147.16,141.1,141.95,236406200
2024-11-25,141.99,142.05,135.82,136.02,344941900
2024-11-26,137.7,139.3,135.67,136.92,190287700
2024-11-27,135.01,137.22,131.8,135.34,226370900
2024-11-29,136.78,139.35,136.05,138.25,141863200
2024-12-02,138.83,140.45,137.825,138.63,171682800
2024-12-03,138.26,140.54,137.95,140.26,164414000
2024-12-04,141.995,145.79,140.29,145.14,231224300
2024-12-05,145.11,146.54,143.95,145.06,172621200
2024-12-06,144.6,145.7,141.31,142.44,188505600
2024-12-09,138.97,139.95,137.13,138.81,189308600
2024-12-10,139.01,141.82,133.79,135.07,210020900
2024-12-11,137.36,140.17,135.21,139.31,184905200
2024-12-12,137.08,138.44,135.8,137.34,159211400
2024-12-13,138.94,139.6,132.54,134.25,231514900
2024-12-16,134.18,134.4,130.42,132,237951100
2024-12-17,129.09,131.59,126.86,130.39,259410300
2024-12-18,133.86,136.7,128.28,128.91,277444500
2024-12-19,131.76,134.03,129.55,130.68,209719200
2024-12-20,129.81,135.28,128.22,134.7,306528600
2024-12-23,136.28,139.79,135.1201,139.67,176053500
2024-12-24,140,141.9,138.65,140.22,105157000
2024-12-26,139.7,140.85,137.73,139.93,116519100
2024-12-27,138.55,139.02,134.71,137.01,170582600
2024-12-30,134.83,140.27,134.02,137.49,167734700
2024-12-31,138.03,138.07,133.83,134.29,155659200
2025-01-02,136,138.88,134.63,138.31,198247200
2025-01-03,140.01,144.9,139.73,144.47,229322500
2025-01-06,148.59,152.156,147.8201,149.43,265377400
2025-01-07,153.03,153.13,140.01,140.14,351782200
2025-01-08,142.58,143.95,137.56,140.11,227349900
2025-01-10,137.45,139.92,134.22,135.91,207602500
2025-01-13,129.99,133.49,129.51,133.23,204808900
2025-01-14,136.05,136.38,130.05,131.76,195590500
2025-01-15,133.65,136.45,131.29,136.24,185217300
2025-01-16,138.64,138.75,133.49,133.57,209235600
2025-01-17,136.69,138.5,135.4649,137.71,201188800
2025-01-21,139.16,141.83,137.09,140.83,197749000
2025-01-22,144.66,147.79,143.67,147.07,237651400
2025-01-23,145.05,147.23,143.72,147.22,155915500
2025-01-24,148.37,148.97,141.88,142.62,234657600
2025-01-27,124.8,128.4,116.7,118.42,818830900
2025-01-28,121.81,129,116.25,128.99,579666400
2025-01-29,126.5,126.89,120.05,123.7,467120600
2025-01-30,123.1,125,118.1,124.65,392925500
2025-01-31,123.78,127.85,119.19,120.07,390372900
2025-02-03,114.75,118.57,113.01,116.66,371235700
2025-02-04,116.96,121.2,116.7,118.65,256550000
2025-02-05,121.76,125,120.76,124.83,263110600
2025-02-06,127.42,128.77,125.21,128.68,251483600
2025-02-07,129.22,130.37,125,129.84,228186300
2025-02-10,130.09,135,129.96,133.57,216989100
2025-02-11,132.58,134.48,131.02,132.8,178902400
2025-02-12,130.02,132.24,129.08,131.14,160278600
2025-02-13,131.555,136.5,131.17,135.29,197430000
2025-02-14,136.48,139.25,135.5,138.85,195479600
2025-02-18,141.27,143.44,137.925,139.4,219176600
2025-02-19,139.51,141.36,137.22,139.23,167536000
2025-02-20,140.03,140.66,136.7901,140.11,143903600
2025-02-21,140.04,141.46,134.03,134.43,228217600
2025-02-24,136.56,138.59,130.08,130.28,251381100
2025-02-25,129.98,130.2,124.44,126.63,271428700
2025-02-26,129.985,133.73,128.49,131.28,322553800
2025-02-27,135,135.01,120.01,120.15,443175800
2025-02-28,118.02,125.09,116.4,124.92,389091100
2025-03-03,123.51,123.7,112.28,114.06,411381400
2025-03-04,110.645,119.31,110.11,115.99,398163300
2025-03-05,117.58,118.2781,114.51,117.3,284337900
2025-03-06,113.53,115.35,110.22,110.57,321181900
2025-03-07,111.25,113.48,107.56,112.69,341755500
2025-03-10,109.9,111.85,105.46,106.98,366487400
2025-03-11,106.99,112.236,104.77,108.76,354865700
2025-03-12,114.12,116.76,112.88,115.74,323857500
2025-03-13,117.03,117.76,113.79,115.58,299033100
2025-03-14,118.61,121.88,118.15,121.67,277593500
2025-03-17,122.74,122.89,118.03,119.53,255501500
2025-03-18,118,119.02,114.54,115.43,299686900
2025-03-19,117.27,120.445,115.68,117.52,273426200
2025-03-20,116.55,120.2,116.47,118.53,248829700
2025-03-21,116.94,117.99,115.42,117.7,266498500
2025-03-24,119.88,122.22,119.34,121.41,228452500
2025-03-25,120.545,121.29,118.92,120.69,167447200
2025-03-26,118.73,118.84,112.71,113.76,296431700
2025-03-27,111.35,114.45,110.66,111.43,236902100
2025-03-28,111.485,112.87,109.0701,109.67,229872500
2025-03-31,105.13,110.955,103.65,108.38,299212700
2025-04-01,108.515,110.2,106.47,110.15,222614000
2025-04-02,107.29,111.98,106.79,110.42,220601200
2025-04-03,103.51,105.63,101.6,101.8,338769400
2025-04-04,98.91,100.13,92.11,94.31,532273800
2025-04-07,87.46,101.75,86.62,97.64,611041300
2025-04-08,103.805,105.85,94.46,96.3,476243400
2025-04-09,98.89,115.1,97.5301,114.33,612918300
2025-04-10,109.37,110.86,99.15,107.57,437812400
2025-04-11,108.5,111.5499,107.48,110.93,313417300
2025-04-14,114.11,114.29,109.07,110.71,264705000
2025-04-15,110.97,113.615,110.5,112.2,228966900
2025-04-16,104.55,106.79,100.45,104.49,397016900
2025-04-17,104.45,104.47,100.05,101.49,292517500
2025-04-21,98.77,99.44,95.04,96.91,288501100
2025-04-22,98.78,99.811,97.28,98.89,241004800
2025-04-23,104.52,104.8,102.02,102.71,247526000
2025-04-24,103.475,106.54,103.11,106.43,220815000
2025-04-25,106.85,111.92,105.73,111.01,251064700
2025-04-28,109.69,110.3699,106.02,108.73,207708500
2025-04-29,107.67,110.1999,107.44,109.02,170444300
2025-04-30,104.47,108.92,104.08,108.92,235044600
2025-05-01,113.08,114.94,111.3,111.61,236121500
2025-05-02,114.18,115.4,113.37,114.5,190194800
2025-05-05,112.905,114.665,112.66,113.82,133163200
2025-05-06,111.48,114.74,110.822,113.54,158525600
2025-05-07,113.045,117.68,112.2818,117.06,207827800
2025-05-08,118.25,118.68,115.85,117.37,198428100
2025-05-09,117.35,118.23,115.21,116.65,132972200
2025-05-12,121.97,123,120.28,123,225023300
2025-05-13,124.98,131.2189,124.47,129.93,330430100
2025-05-14,133.195,135.435,131.68,135.34,281180800
2025-05-15,134.295,136.3,132.66,134.83,226632600
2025-05-16,136.22,136.35,133.46,135.4,226542500
2025-05-19,132.39,135.87,132.39,135.57,193154600
2025-05-20,134.29,134.58,132.62,134.38,161514200
2025-05-21,133.06,137.4,130.59,131.8,270608700
2025-05-22,132.23,134.25,131.55,132.83,187344000
2025-05-23,130,132.68,129.16,131.29,198821300
2025-05-27,134.15,135.66,133.31,135.5,192953600
2025-05-28,136.025,137.25,134.79,134.81,304021100
2025-05-29,142.245,143.49,137.91,139.19,370615200
2025-05-30,138.715,139.62,132.92,135.13,333170900
2025-06-02,135.49,138.12,135.4,137.38,197663100
2025-06-03,138.78,142,137.95,141.22,225578800
2025-06-04,142.19,142.39,139.545,141.92,167120800
2025-06-05,142.17,144,138.83,139.99,232410800
2025-06-06,142.51,143.27,141.51,141.72,153986200
2025-06-09,143.19,145,141.94,142.63,185114500
2025-06-10,142.69,144.29,141.525,143.96,155881900
2025-06-11,144.61,144.99,141.87,142.83,167694000
2025-06-12,141.97,145,141.85,145,162365000
2025-06-13,142.48,143.58,140.855,141.97,180820600
2025-06-16,143.345,146.175,143.2001,144.69,183133700
2025-06-17,144.49,145.22,143.78,144.12,139108000
2025-06-18,144.005,145.65,143.12,145.48,161494100
2025-06-20,145.45,146.2,142.65,143.85,242956200
2025-06-23,142.5,144.78,142.03,144.17,154308900
2025-06-24,145.56,147.96,145.5,147.9,187566100
2025-06-25,149.27,154.45,149.26,154.31,269146500
2025-06-26,155.975,156.715,154,155.02,198145700
2025-06-27,156.04,158.71,155.255,157.75,263234500
2025-06-30,158.4,158.66,155.96,157.99,194580300
2025-07-01,156.29,157.2,151.49,153.3,213143600
2025-07-02,152.98,157.6,152.97,157.25,171224100
2025-07-03,158.37,160.98,157.77,159.34,143716100
2025-07-07,158.2,159.31,157.342,158.24,140139000
2025-07-08,159.33,160.22,158.39,160,138133000
2025-07-09,161.22,164.42,161.16,162.88,183656400
2025-07-10,164.32,164.5,161.61,164.1,167704100
2025-07-11,163.715,167.89,163.47,164.92,193633300
2025-07-14,165.37,165.49,162.02,164.07,136975800
2025-07-15,171.19,172.4,169.195,170.7,230627400
2025-07-16,171.06,171.75,168.9,171.37,158831500
2025-07-17,172.02,174.16,170.83,173,160841100
2025-07-18,173.64,174.25,171.26,172.41,146456400
2025-07-21,172.75,173.38,171,171.38,123126100
2025-07-22,171.34,171.39,164.58,167.03,193114300
2025-07-23,169.53,171.26,167.97,170.78,154082200
2025-07-24,172.44,173.83,171.3,173.74,128984600
2025-07-25,173.61,174.72,172.96,173.5,122316800
2025-07-28,174.02,177,173.97,176.75,140023500
2025-07-29,177.96,179.38,175.02,175.51,154077500
2025-07-30,176.51,179.89,176.04,179.27,174312200
2025-07-31,182.9,183.3,175.93,177.87,221685400
2025-08-01,174.09,176.54,170.89,173.72,204529000
2025-08-04,175.16,180.2,174.52,180,148174600
2025-08-05,179.62,180.26,175.9,178.26,156407600
2025-08-06,176.325,179.9,176.25,179.42,137192300
2025-08-07,181.57,183.88,178.795,180.77,151878400
2025-08-08,181.55,183.3,180.4,182.7,123396700
2025-08-11,182.05,183.84,180.25,182.06,138323200
2025-08-12,182.96,184.48,179.46,183.16,145729200
2025-08-13,182.615,183.97,179.35,181.59,179871700
2025-08-14,179.75,183.02,179.46,182.02,129554000
2025-08-15,181.88,181.9,178.0417,180.45,156602200
2025-08-18,180.6,182.9375,180.59,182.01,132008000
2025-08-19,182.43,182.5,175.49,175.64,185229200
2025-08-20,175.165,176,168.801,175.4,215142700
2025-08-21,174.85,176.9,173.81,174.98,140040900
2025-08-22,172.61,178.59,171.2,177.99,172789400
2025-08-25,178.35,181.91,176.57,179.81,163012800
2025-08-26,180.055,182.39,178.81,181.77,168688200
2025-08-27,181.98,182.49,179.1,181.6,235518900
2025-08-28,180.82,184.47,176.41,180.17,281787800
2025-08-29,178.11,178.15,173.145,174.18,243257900
2025-09-02,170,172.379,167.22,170.78,231164900
2025-09-03,171.06,172.41,168.875,170.62,164424900
2025-09-04,170.57,171.86,169.41,171.66,141670100
2025-09-05,168.03,169.03,164.07,167.02,224441400
2025-09-08,167.55,170.96,167.35,168.31,163769100
2025-09-09,169.09,170.98,166.7401,170.76,157548400
2025-09-10,176.64,179.29,175.47,177.33,226852000
2025-09-11,179.68,180.28,176.48,177.17,151159300
2025-09-12,177.77,178.595,176.45,177.82,124911000
2025-09-15,175.67,178.85,174.51,177.75,147061600
2025-09-16,177,177.5,174.38,174.88,140737800
2025-09-17,172.64,173.2,168.41,170.29,211843800
2025-09-18,173.98,177.1,172.96,176.24,191763300
2025-09-19,175.77,178.08,175.18,176.67,237182100
2025-09-22,175.3,184.55,174.7053,183.61,269637000
2025-09-23,181.97,182.42,176.21,178.43,192559600
2025-09-24,179.77,179.78,175.4,176.97,143564100
2025-09-25,174.48,180.26,173.125,177.69,191586700
2025-09-26,178.17,179.77,174.93,178.19,148573700
2025-09-29,180.425,184,180.32,181.85,193063500
2025-09-30,182.08,187.35,181.48,186.58,236981000
