date,open,high,low,close,volume
2019-01-02,20.406676870000002,21.008677171,19.920009959999998,20.674677004,174168963
2019-01-03,20.4666769,20.626676979999996,19.825343246,20.024010011999998,104228603
2019-01-04,20.400010199999997,21.2000106,20.182010091,21.179343922999998,110741270
2019-01-07,21.448010724,22.449344558,21.18339725836,22.330677831999996,113135013
2019-01-08,22.797344731999996,22.934011466999998,21.801344234,22.356677845,104916353
2019-01-09,22.36667785,22.90017811675,22.098011049,22.568677950999998,81399229
2019-01-10,22.29334448,23.026011512999997,22.119344393,22.998011499,90744270
2019-01-11,22.806011402999996,23.227344947,22.584677958999997,23.150678241999998,75526132
2019-01-14,22.825344746,22.83334475,22.2666778,22.29334448,78490311
2019-01-15,22.3333445,23.25334496,22.30001115,22.962011480999998,90718305
2019-01-16,22.985344825999995,23.4666784,22.900011449999997,23.070011535,70158370
2019-01-17,23.080678207,23.43334505,22.943344804999995,23.154011577,54917403
2019-01-18,21.533344099999997,21.80865757099,19.98201665767,20.150676741999998,361188719
2019-01-22,20.321343493999997,20.5333436,19.700009849999997,19.928009964,180781860
2019-01-23,19.50000975,19.633343149999998,18.779342723,19.172676253,187696106
2019-01-24,18.868676101,19.578676456,18.618882642769996,19.434009717,119863605
2019-01-25,19.626009812999996,19.90130995065,19.303342985,19.802676568,106541662
2019-01-28,19.527343097,19.830676582,19.183342924999998,19.758676545999997,96142107
2019-01-29,19.684676509,19.903783285219998,19.453343059999998,19.830676582,69043960
2019-01-30,20.030010015,20.600010299999997,19.899343283,20.584676958999996,158910521
2019-01-31,20.0666767,20.770917052119998,19.6000098,20.468010233999998,188177756
2019-02-01,20.361343514,21.07334387,20.23334345,20.814010406999998,108954216
2019-02-04,20.865343766,21.02001051,20.125343395999998,20.859343763,110161085
2019-02-05,20.832677083,21.496010748,20.816637074979997,21.423344045,101021034
2019-02-06,21.306010652999998,21.616010808,21.0416105208,21.148010574,75470482
2019-02-07,20.88667711,20.980010489999998,20.2000101,20.500676916999996,97677401
2019-02-08,20.455343560999996,20.4963435815,19.900009949999998,20.386676859999998,87526126
2019-02-11,20.77334372,21.24001062,20.70001035,20.856010427999998,106710127
2019-02-12,21.080010539999996,21.212677272999997,20.641343654,20.787343727,82281244
2019-02-13,20.823343745,20.850010424999997,20.371343519,20.544676939,76955932
2019-02-14,20.225343445999997,20.451343558999998,20.0666767,20.251343458999997,77863266
2019-02-15,20.30001015,20.5333436,20.260010129999998,20.525343596,58437196
2019-02-19,20.437343551999998,20.769623718139997,20.364676849000002,20.376010188,61807769
2019-02-20,20.294010147,20.42001021,19.933343299999997,20.170676752,106994482
2019-02-21,20.120676727,20.216003441329995,19.36667635,19.415343041,133212383
2019-02-22,19.632676483,19.76667655,19.47334307,19.647343156999998,85970657
2019-02-25,19.860676597,20.19363676348,19.80004323335,19.918009959,93205468
2019-02-26,19.481343074,20.134010067,19.25134962567,19.857343262,128574071
2019-02-27,20.118676725999997,21.0863438765,20.036676685,20.982677157999998,167161416
2019-02-28,21.261343963999998,21.333343999999997,20.720677026999997,21.325343995999997,144993288
2019-03-01,20.462676897999998,20.475343571,19.460009729999996,19.652676493,342731079
2019-03-04,19.874676603999998,19.933343299999997,18.852009426,19.024009512,256033222
2019-03-05,18.8000094,18.9333428,18.00667567,18.436009218,280946860
2019-03-06,18.432009216,18.76706271686,18.292675813,18.416009208,154790473
2019-03-07,18.589342627999997,18.980009489999997,18.283342474999998,18.439342552999996,141160384
2019-03-08,18.460675897,19.039342852999997,18.392675862999997,18.942676138,132086514
2019-03-11,18.901342783999997,19.418676375999997,18.70000935,19.394676364,110584415
2019-03-12,19.099342883,19.204676268999997,18.737342702,18.890676112,112320499
2019-03-13,18.926676129999997,19.466009733,18.84667609,19.264009631999997,102267759
2019-03-14,19.496676415,19.692676513,19.219342943,19.330676331999996,105722017
2019-03-15,18.900676117,18.914969457479998,18.293342479999996,18.362009180999998,221360289
2019-03-18,18.4000092,18.536675934999998,17.82000891,17.966008983,153974323
2019-03-19,17.833342249999998,18.22000911,17.564008782,17.831342249000002,176614862
2019-03-20,17.979342322999997,18.331342499,17.75334221,18.24000912,103229588
2019-03-21,18.17334242,18.430009215,17.896675615,18.268009133999996,88963831
2019-03-22,18.172009086,18.18667576,17.600008799999998,17.635342150999996,130829185
2019-03-25,17.314008657,17.545342106,16.964008482,17.361342013999998,153076123
2019-03-26,17.629342148,18.017342342,17.628675481,17.851342259,110127965
2019-03-27,17.916675625,18.358009179,17.87892893946,18.322009160999997,131285694
2019-03-28,18.477342572,18.688676011,18.340009170000002,18.574675954,101473764
2019-03-29,18.58000929,18.677342672,18.300009149999998,18.657342662,89705280
2019-04-01,18.841342754,19.28000964,18.7520760427,19.278676305999998,121396949
2019-04-02,19.220009609999998,19.296009648,18.925342796,19.058676195999997,81407719
2019-04-03,19.154676243999997,19.744676539,19.144676239,19.454009727,118749691
2019-04-04,17.459342062999998,18.080009039999997,17.372675352999998,17.852008925999996,355202372
2019-04-05,17.990675662,18.40667587,17.740675537,18.330675831999997,195341002
2019-04-08,18.512675923,18.744009372,18.029342348,18.213342439999998,155468922
2019-04-09,18.110009054999995,18.333342499999997,17.974008987,18.154009076999998,88398661
2019-04-10,18.449342557999998,18.558675945999997,18.192842429749998,18.404009201999997,105675457
2019-04-11,17.88667561,18.033342349999998,17.70667552,17.894675614,146719337
2019-04-12,18.014675674,18.130009065,17.788675560999998,17.846675589999997,101030739
2019-04-15,17.908675620999997,17.925342296,17.242008621,17.758675546,150487275
2019-04-16,17.716675525,18.333342499999997,17.648008824,18.224009112,108997506
2019-04-17,18.316675824999997,18.319342493,17.9023422845,18.082009041,76770127
2019-04-18,18.082009041,18.322675827999998,17.983342325,18.217342442,87922126
2019-04-22,17.9333423,17.978675656,17.498675416,17.516675425,181525259
2019-04-23,17.343342004999997,17.70667552,17.050008525,17.593342129999996,163640168
2019-04-24,17.590008795,17.688008844,17.2000086,17.244008622,144855843
2019-04-25,17.0000085,17.2666753,16.404674868999997,16.508674920999997,327350536
2019-04-26,16.433341549999998,16.445341556,15.408674370999998,15.676007837999999,332267234
2019-04-29,15.724007862,16.265341466,15.478007738999999,16.098008048999997,250299175
2019-04-30,16.137341402,16.280674807,15.800007899999999,15.912674623,141704404
2019-05-01,15.923341294999998,16.000007999999998,15.43334105,15.600674466999997,160565170
2019-05-02,16.368008184,16.475341570999998,15.848007924,16.27334147,272389964
2019-05-03,16.257341462,17.107341887,16.232674783,17.002008501,355601372
2019-05-06,16.668008334,17.223335278329998,16.56667495,17.022675178,162509019
2019-05-07,17.12000856,17.147341906999998,16.340008169999997,16.470674902,151971074
2019-05-08,16.462674898,16.7066083533,16.28000814,16.322674828,92646554
2019-05-09,16.1333414,16.245341456,15.796234564779999,16.132008065999997,100670680
2019-05-10,15.983341325,16.132674732999998,15.734674534,15.968007984,105124987
2019-05-13,15.467341066999998,15.498007749,14.96667415,15.134007566999998,162521919
2019-05-14,15.28667431,15.63334115,15.2000076,15.487341077,108786126
2019-05-15,15.288007643999999,15.496007747999998,15.016674174999999,15.463341064999998,109439585
2019-05-16,15.299340982999999,15.4000077,15.100007549999999,15.222007611,112249039
2019-05-17,14.797340732,14.816007407999999,13.928006963999998,14.068673701,266799917
2019-05-20,13.52000676,13.733340199999999,13.016673175,13.690673512,307892846
2019-05-21,13.184006592,13.82667358,13.069339867999998,13.672006836,270058365
2019-05-22,13.273339969999999,13.596006798,12.785339725999998,12.848673090999998,280277710
2019-05-23,12.956006477999999,13.297673315499999,12.414672873999999,13.032673183,398206901
2019-05-24,13.322006661,13.332006665999998,12.58337295835,12.708673021,212048444
2019-05-28,12.74667304,13.0000065,12.523339595,12.580006289999998,154693423
2019-05-29,12.473339569999998,12.826006412999998,12.336012834669999,12.657339662,179529510
2019-05-30,12.583339624999999,12.8170064085,12.468006234,12.548006273999999,118897066
2019-05-31,12.340006169999999,12.66136633068,12.273339469999998,12.344006171999999,156100872
2019-06-03,12.367339516999998,12.445339556,11.799465899729999,11.931339299,195966052
2019-06-04,12.07333937,12.932006465999999,11.974005987,12.906673119999999,207112696
2019-06-05,13.245339955999999,13.418553375939998,12.78991306162,13.106006552999999,202661299
2019-06-06,13.629340147999999,14.066673699999999,13.45334006,13.730006864999998,303632098
2019-06-07,13.6666735,14.056260361459998,13.5666067833,13.633340149999999,240052830
2019-06-10,14.016673675,14.462673897999998,13.934006966999998,14.192007096,158775521
2019-06-11,14.609607304799999,14.72667403,14.233340449999998,14.473340569999998,174803013
2019-06-12,14.863340764999998,14.892007446,13.9333403,13.950673641999998,227962986
2019-06-13,14.025340345999998,14.326673829999999,13.834026917009998,14.260673796999999,122523839
2019-06-14,14.083340374999999,14.443340554999999,14.02667368,14.328007163999999,111500974
2019-06-17,14.365340515999998,15.133340899999999,14.284673809,15.002007501,184751908
2019-06-18,15.248007624,15.649341158,14.837340752,14.982674158,190736755
2019-06-19,15.007340837,15.184674259,14.737340702,15.095340881,98626976
2019-06-20,14.8666741,15.126674229999999,14.423340544999999,14.641340653999999,177951811
2019-06-21,14.414673873999998,14.812007406,14.36667385,14.790674061999999,123031108
2019-06-24,14.882674108,15.057340862,14.734674034,14.909340787999998,86261522
2019-06-25,14.959340812999997,15.022674177999999,14.632673983,14.650673991999998,92731019
2019-06-26,14.687340677,15.148674240999998,14.540007269999998,14.618007309,127608056
2019-06-27,14.630007314999999,14.86000743,14.490007245,14.856007428,95095602
2019-06-28,14.732674033,15.011340838999999,14.72000736,14.897340781999999,102770709
2019-07-01,15.347341006999999,15.539974436649999,15.085340875999998,15.144674238999999,123569398
2019-07-02,15.259340962999998,15.276674304999998,14.814674074,14.970007485,138885336
2019-07-03,15.959341312999998,16.104674719,15.634007816999999,15.66000783,213017143
2019-07-05,15.638007818999998,15.696674514999998,15.386674359999999,15.540007769999999,105986017
2019-07-08,15.416007708,15.483341074999998,15.244007621999998,15.356007678,88208086
2019-07-09,15.264674299,15.4000077,15.152007575999999,15.337341001999999,92862479
2019-07-10,15.610007804999999,15.929341297999999,15.542674437999999,15.928007963999997,137185971
2019-07-11,15.876007937999997,16.10000805,15.720007859999999,15.906674619999999,112716394
2019-07-12,15.983341325,16.358674846,15.980674657,16.338674836,138007746
2019-07-15,16.5333416,16.961341813999997,16.324008162,16.900008449999998,165001267
2019-07-16,16.62000831,16.902008451,16.52884159775,16.825341746,122234774
2019-07-17,17.044675189,17.220675276999998,16.890008445,16.990675162,146470832
2019-07-18,17.003341835,17.050008525,16.7923417295,16.902675117999998,71467209
2019-07-19,17.046008522999998,17.330675332,16.974675154,17.212008605999998,105726097
2019-07-22,17.250008625,17.477008738499997,16.94608180637,17.045341856,102694044
2019-07-23,17.114008557,17.365342016,16.96667515,17.344675339,75346777
2019-07-24,17.278008639,17.738008868999998,17.21068193867,17.658675495999997,166092517
2019-07-25,15.566674449999999,15.63334115,15.036680851669997,15.254674293999999,336273582
2019-07-26,15.128007563999999,15.350674341999998,14.816674074999998,15.202674267999999,150415425
2019-07-29,15.139340902999999,15.729341197999998,15.06884086775,15.718007859,139099895
2019-07-30,15.52667443,16.224008112,15.478674406,16.150674742,121635149
2019-07-31,16.200008099999998,16.445341556,15.77668122167,16.107341386999998,137673051
2019-08-01,16.176674755,16.300674816999997,15.451341058999999,15.590007794999998,123892678
2019-08-02,15.423341044999999,15.751341209,15.282007640999998,15.622674477999999,92047169
2019-08-05,15.306674319999999,15.42449437891,15.0516741925,15.221340943999998,105424132
2019-08-06,15.458674396,15.500007749999998,15.050007525,15.383341024999998,83462958
2019-08-07,15.100007549999999,15.571261118959999,15.05334086,15.561341113999998,71647464
2019-08-08,15.630007814999999,15.98667466,15.510007755,15.88667461,79115195
2019-08-09,15.736941201799999,15.930674631999999,15.587341126999998,15.667341166999998,58473631
2019-08-12,15.532674433,15.718007859,15.250007624999999,15.267340966999999,69959020
2019-08-13,15.254007626999998,15.733341199999998,15.170007585,15.6666745,73034933
2019-08-14,15.414007707,15.43334105,14.446007222999999,14.641340653999999,143438793
2019-08-15,14.724007362,14.770674051999999,14.103340385,14.376007187999997,123479218
2019-08-16,14.444007221999998,14.816007407999999,14.401340534,14.662673997999999,78110601
2019-08-19,14.947340807,15.188674261,14.780007389999998,15.122007561,79676180
2019-08-20,15.174674254,15.272674302999999,14.969340818,15.057340862,62557874
2019-08-21,14.800674067,14.881340773999998,14.506673919999999,14.722007361,116996102
2019-08-22,14.85334076,15.026674179999999,14.548007274,14.810007404999999,98474411
2019-08-23,14.664673999,14.744674038999998,14.066673699999999,14.093340379999999,128395496
2019-08-26,14.240007119999998,14.334673834,14.102673717999998,14.333340499999998,75816172
2019-08-27,14.382673858,14.58667396,14.135340400999999,14.272007136,81310864
2019-08-28,14.246007122999998,14.483340575,14.154007077,14.372673852999998,48579351
2019-08-29,14.6000073,14.893340779999999,14.533340599999999,14.780674056999999,77746521
2019-08-30,15.276674304999998,15.496007747999998,14.9475408071,15.040674187,139916555
2019-09-03,14.938674136,15.263340964999998,14.877340771999998,15.000674166999998,80408150
2019-09-04,15.126007562999998,15.230674281999999,14.6136739735,14.712007355999999,86530397
2019-09-05,14.83334075,15.32000766,14.723340695,15.305340986,111049774
2019-09-06,15.146674239999998,15.309340987999999,15.011340838999999,15.163340914999997,62840549
2019-09-09,15.333340999999999,15.584007791999998,15.282007640999998,15.452674392999999,72039999
2019-09-10,15.386674359999999,15.702674517999998,15.262674297999999,15.702674517999998,73255673
2019-09-11,15.825341245999999,16.54494827247,15.733341199999998,16.47334157,150641625
2019-09-12,16.51334159,16.900008449999998,16.29334148,16.391341528999998,128718086
2019-09-13,16.464008231999998,16.563341615,16.3243414955,16.34667484,79697135
2019-09-16,16.4000082,16.495341580999998,16.078008038999997,16.187341427,70921405
2019-09-17,16.164674749,16.373341519999997,16.024674679,16.319341493,59203605
2019-09-18,16.3333415,16.54457493895,16.158008079,16.232674783,63421513
2019-09-19,16.4000082,16.529341598,16.322674828,16.44000822,73246988
2019-09-20,16.432674883,16.4630748982,15.877341271999999,16.041341354,97593911
2019-09-23,16.000007999999998,16.345301505979997,15.948007974,16.082008040999998,65874417
2019-09-24,16.101341384,16.132674732999998,14.840674087,14.880674106999999,194116553
2019-09-25,14.970674151999999,15.265340965999998,14.557340611999999,15.246674289999998,141664219
2019-09-26,15.377341022,16.220674777,15.160007579999998,16.170674752,181181759
2019-09-27,16.146674739999998,16.580674957,15.915341290999999,16.142008071,166847617
2019-09-30,16.200008099999998,16.265341466,15.740747870369999,16.058008029,89192370
2019-10-01,16.10000805,16.396674864999998,15.942007970999999,16.312674823,92944304
2019-10-02,16.219341442999998,16.310008155,15.962007981,16.208674771,93848173
2019-10-03,15.457341062,15.632007815999998,14.952007475999999,15.535341100999998,227066286
2019-10-04,15.440674387,15.652007825999998,15.204674268999998,15.428674380999999,120317640
2019-10-07,15.32000766,15.904007951999999,15.236674285,15.848007924,121304294
2019-10-08,15.724674529,16.262674798,15.63334115,16.003341335,130535005
2019-10-09,16.088008044,16.4863415765,16.043341355,16.302008151,104025443
2019-10-10,16.352008176,16.618674975999998,16.105341386,16.316008158,94701208
2019-10-11,16.476674905,16.738675036,16.454008227,16.526008262999998,127322321
2019-10-14,16.52667493,17.236675285,16.475341570999998,17.130675231999998,153402823
2019-10-15,17.180008589999996,17.333342,16.941341804,17.192675262999998,97191791
2019-10-16,17.159341913,17.47334207,17.128008563999998,17.316675325,100564495
2019-10-17,17.50000875,17.652008825999996,17.344675339,17.464675399,71685609
2019-10-18,17.380008689999997,17.52000876,17.006675169999998,17.130008564999997,86304947
2019-10-21,17.222008610999996,17.30000865,16.678675006,16.900008449999998,76621477
2019-10-22,16.954675144,17.222008610999996,16.723341695,17.038675186,69376390
2019-10-23,16.96667515,17.076008537999996,16.756675044999998,16.978675155999998,168242616
2019-10-24,19.891343278999997,20.328676831,19.28000964,19.978676655999998,447288226
2019-10-25,19.848009924,22.000010999999997,19.740676537,21.875344271,450091125
2019-10-28,21.836010918,22.722678027999997,21.50667742,21.847344256999996,283054208
2019-10-29,21.332677333,21.62001081,20.983343825,21.081343874,190263955
2019-10-30,20.866677099999997,21.252677293,20.664676999,21.000677167,144627078
2019-10-31,20.87334377,21.266677299999998,20.866677099999997,20.994677164,76004302
2019-11-01,21.088010544,21.098677216,20.65334366,20.887343776999998,95758887
2019-11-04,20.98667716,21.462677397999997,20.617343641999998,21.164677249,131805534
2019-11-05,21.308010654,21.567344116999998,21.0745438706,21.148010574,104151203
2019-11-06,21.2000106,21.781344224,20.96667715,21.772010885999997,119113920
2019-11-07,21.942677638,22.76667805,21.868010933999997,22.369344518,217010141
2019-11-08,22.30001115,22.497344581999997,22.166677749999998,22.476011237999998,91113269
2019-11-11,22.930011464999996,23.279344972999997,22.8000114,23.006011502999996,149905260
2019-11-12,23.126678229999996,23.358011678999997,22.936011468,23.328678331,110390690
2019-11-13,23.6666785,23.755345210999998,23.012011506,23.074011537,127017881
2019-11-14,23.074011537,23.589345127999998,22.860678097,23.290011645,97075496
2019-11-15,23.376011688,23.52001176,23.224011611999998,23.478011739,72188409
2019-11-18,23.527811763899997,23.543345104999997,23.07334487,23.332678333,66127542
2019-11-19,23.450011725,23.999345332999997,23.18667826,23.968011983999997,116041112
2019-11-20,24.000011999999998,24.080012039999996,23.304678318999997,23.481345074,101009424
2019-11-21,23.634011816999998,24.056012027999998,23.60027180013,23.655345160999996,91650149
2019-11-22,22.677344672,22.7333447,22.000010999999997,22.202677768,253059473
2019-11-25,22.954678144,22.971344819,22.297344481999996,22.422677878,185186457
2019-11-26,22.351344508999997,22.36667785,21.80667757,21.928010964,119343525
2019-11-27,22.074677704,22.262011130999998,21.904677618999997,22.086011043,83451843
2019-11-29,22.074011037,22.084011041999997,21.83334425,21.996010998,36984417
2019-12-02,21.960010979999996,22.42552454609,21.9124776229,22.324677829,91229744
2019-12-03,22.174677753999998,22.527344597,22.1457444062,22.413344539999997,99202090
2019-12-04,22.516677925,22.524011262,22.190011095,22.202011100999997,83043783
2019-12-05,22.188677760999997,22.29485781409,21.816677575,22.024677679,56054612
2019-12-06,22.3333445,22.590677962,22.318011158999997,22.392677862999996,114283998
2019-12-09,22.439344552999998,22.963344815,22.338677836,22.635344650999997,135603187
2019-12-10,22.664011331999998,23.382011691,22.620677977,23.256011627999996,132599199
2019-12-11,23.45844506255,23.81267190633,23.406011702999997,23.513345089999998,103787378
2019-12-12,23.661345164,24.182678757999998,23.548678441,23.978678656,116643107
2019-12-13,24.070012034999998,24.347345506999996,23.642678487999998,23.892678612999998,98614166
2019-12-16,24.170012085,25.574012787,24.16667875,25.433346049999997,273313963
2019-12-17,25.266012633,25.700012849999997,25.060012529999998,25.266012633,127556561
2019-12-18,25.375346021,26.348013174,25.372012685999998,26.210013104999998,212045744
2019-12-19,26.488013243999998,27.123346895,26.43334655,26.936013468,271804514
2019-12-20,27.352680343,27.533347099999997,26.6790133395,27.039346852999998,221778039
2019-12-23,27.452013725999997,28.134014067,27.333347,27.948013974,199992200
2019-12-24,27.890680612,28.364680849,27.512513756249998,28.350014175,120820740
2019-12-26,28.527347597,28.898681116,28.423347545,28.729347697999998,159724270
2019-12-27,29.0000145,29.020681176999997,28.407347537,28.692014345999997,149352330
2019-12-30,28.586014292999998,28.600014299999998,27.283940308629997,27.646680489999998,189018955
2019-12-31,27.000013499999998,28.086014043,26.805346735999997,27.888680610999998,154386823
2020-01-02,28.30001415,28.713061023189997,28.114014056999995,28.684014341999998,143375718
2020-01-03,29.366681349999997,30.266681799999997,29.128014564,29.534014767,266920367
2020-01-06,29.364681349,30.104015051999998,29.333347999999997,30.102681718,152362424
2020-01-07,30.760015379999995,31.442015720999997,30.223681778499998,31.270682301999997,273136963
2020-01-08,31.580015789999997,33.232683283,31.215348941,32.809349737999995,467990616
2020-01-09,33.14001657,33.25334996,31.524682429,32.089349377999994,426947637
2020-01-10,32.119349393,32.329349498,31.580015789999997,31.876682604999996,194652353
2020-01-13,32.900016449999995,35.042017521,32.8000164,34.990684162,399518050
2020-01-14,36.2836848085,36.49401824699999,34.99335083,35.86135126399999,435920482
2020-01-15,35.317350991999994,35.856017928,34.45237055951,34.56668395,260532320
2020-01-16,32.916683125,34.297350482,32.811349739,34.232683783,326049587
2020-01-17,33.840683587,34.378010522329994,33.544016772,34.03335035,204435948
2020-01-21,35.350017675,36.572018286,35.227350947,36.48001824,267051916
2020-01-22,38.126019062999994,39.63335315,37.27335197,37.97068565199999,470535215
2020-01-23,37.616685475,38.8000194,37.04019852009,38.14668574,294765453
2020-01-24,38.042019020999994,38.257352462,36.950685142,37.654685494,215303892
2020-01-27,36.132684733,37.629352148,35.95201797599999,37.201351933999995,204120948
2020-01-28,37.899352283,38.454019226999996,37.205351936,37.793352229999996,176827262
2020-01-29,38.379352523,39.320012993329996,37.828685580999995,38.732686033,273249913
2020-01-30,42.161354413999995,43.39202169599999,41.200020599999995,42.720688026999994,435084982
2020-01-31,42.66668799999999,43.533355099999994,42.168021083999996,43.371355019,235788932
2020-02-03,44.912689123,52.409359538,44.901355783999996,52.000026,708502146
2020-02-04,58.864029431999995,64.59935896633,55.592027795999996,59.13736290199999,914080943
2020-02-05,54.884027442,56.398694866,46.94073013702,48.98002449,726357237
2020-02-06,46.661356663999996,53.055359861,45.800022899999995,49.930691632,598210951
2020-02-07,48.70335768499999,51.316692325,48.666691,49.871358269,255952672
2020-02-10,53.33336,54.666027332999995,50.16002508,51.418692375999996,370337215
2020-02-11,51.252692292999996,52.233766116869994,50.5333586,51.625359145999994,175461962
2020-02-12,51.858025929,52.650026325,50.891358778999994,51.152692243,180336960
2020-02-13,49.456024727999996,54.533360599999995,49.000024499999995,53.600026799999995,394340053
2020-02-14,52.481359573999995,54.198027099,52.36669285,53.335360001,235405532
2020-02-18,56.10669472,57.333361999999994,55.490694411999996,57.226695279999994,250475425
2020-02-19,61.56669744999999,62.985364825999994,60.068030033999996,61.16136391399999,381344209
2020-02-20,60.796697065,60.8000304,57.329361998,59.96069664699999,264523218
2020-02-21,60.46536356599999,60.870697101999994,58.696696015,60.066696699999994,215091642
2020-02-24,55.933361299999994,57.56669545,54.81336074,55.58602779299999,227882286
2020-02-25,56.6000283,57.10669522,52.4666929,53.327359996999995,259357070
2020-02-26,52.166692749999996,54.220693776999994,51.740692536999994,51.92002596,212307494
2020-02-27,48.666691,49.318024658999995,44.6000223,45.266689299999996,364157218
2020-02-28,41.98002099,46.03468968399999,40.768020383999996,44.532688932999996,368462366
2020-03-02,47.417357042,49.579358123,45.77802288899999,49.574691453999996,302924699
2020-03-03,53.666693499999994,53.798693566,47.74073053701999,49.700691516999996,386759807
2020-03-04,50.930712132009994,51.10135888399999,48.31565749115,49.966691649999994,225734587
2020-03-05,48.251357459,49.716691524999995,47.871357269,48.302690817999995,162789819
2020-03-06,46.0002896668,47.133356899999995,45.618022808999996,46.898690116,189943705
2020-03-09,40.359353512999995,44.1998887666,40.333353499999994,40.5333536,256105972
2020-03-10,43.96202198099999,44.5333556,40.5333536,43.022021511,233916483
2020-03-11,42.68002134,43.572021786,40.8666871,42.282021141,201203749
2020-03-12,38.726019363,39.63335315,36.416684874999994,37.37001868499999,283635608
2020-03-13,39.6666865,40.504686919,33.4666834,36.441351554,339603580
2020-03-16,31.29999564999,32.99134316233,29.478014739,29.671348168999998,307341746
2020-03-17,29.334014666999998,31.456682394999998,26.400013199999997,28.680014339999996,359918520
2020-03-18,25.933346299999997,26.990680162,23.367345016999998,24.081345374,356792222
2020-03-19,24.9798124899,30.1333484,23.897345281999996,28.509347587999997,452931674
2020-03-20,29.21334794,31.8000159,28.386014193,28.502014250999995,424282288
2020-03-23,28.90668112,29.46667473333,27.36668035,28.952681143,246818127
2020-03-24,31.82001591,34.246017123,31.600015799999998,33.6666835,343427378
2020-03-25,36.350018174999995,37.1333519,34.074017037,35.950017974999994,318341091
2020-03-26,36.492684913,37.333352,34.150017075,35.210684271999995,261331069
2020-03-27,33.6666835,35.053350859999995,32.935349800999994,34.290683812,215661042
2020-03-30,34.017350342,34.44315722157,32.748683041,33.475350070999994,179970960
2020-03-31,33.416683375,36.197351432,33.1333499,34.9333508,266572217
2020-04-01,33.6000168,34.26367046516,31.673349169999998,32.104016052,200297600
2020-04-02,32.06868270099999,32.95067647533,29.760014879999996,30.298015149,297876301
2020-04-03,33.96668365,34.366017183,31.226022279669998,32.000682667,338431031
2020-04-06,34.080017039999994,34.733350699999995,33.197349931999995,34.416017208,223527488
2020-04-07,36.3333515,37.6666855,35.489351078,36.363351515,268796566
2020-04-08,36.94668514,37.14722524027,35.555351111,36.589351628,189840205
2020-04-09,37.472685403,38.34547250605999,37.140685237,38.2000191,204749898
2020-04-13,39.344019671999995,43.466688399999995,38.702019351,43.396688365,337131131
2020-04-14,46.598023299,49.458691396,46.162023080999994,47.326023662999994,458647421
2020-04-15,49.466691399999995,50.208691771,47.333357,48.655357661,353654823
2020-04-16,47.796023898,50.630025315,47.1143568905,49.680691507,309867745
2020-04-17,51.485359075999995,51.663359165,49.844024921999996,50.259358463,196923352
2020-04-20,48.84669109,51.038025519,47.480690407,49.757358212,221195439
2020-04-21,48.674691003999996,50.222025111,44.919355792999994,45.781356224,303136198
2020-04-22,46.932023466,48.933357799999996,45.914022957,48.807357737,213372343
2020-04-23,48.50669092,48.933357799999996,46.875356771,47.042023521,198550401
2020-04-24,47.38735702699999,48.715357691,46.54535660599999,48.34335750499999,198564051
2020-04-27,49.174024587,53.299359982999995,49.000024499999995,53.250026625,310221445
2020-04-28,53.042693187999994,53.666693499999994,50.446025223,51.274692304,228329286
2020-04-29,52.67802633899999,53.546686773329995,52.210692771999994,53.367360016999996,243239578
2020-04-30,57.012695173,57.988028994,50.900025449999994,52.12535939599999,427077536
2020-05-01,50.333358499999996,51.518025759,45.536022767999995,46.754690044,487976906
2020-05-04,46.733356699999995,50.800025399999996,46.5333566,50.746025373,288556206
2020-05-05,52.652692992999995,53.26135996399999,50.812025406,51.214025606999996,254874773
2020-05-06,51.766692549999995,52.65335965999999,50.740692036999995,52.172026086,166848367
2020-05-07,51.814025907,53.093359879999994,51.490025745,52.002692667999995,172915264
2020-05-08,52.918026459,54.933360799999996,52.467359566999995,54.62802731399999,241951229
2020-05-11,52.700693017,54.933360799999996,52.33335949999999,54.086027042999994,247793876
2020-05-12,55.1333609,56.219361443,53.8666936,53.96069364699999,238603531
2020-05-13,54.722027361,55.06669419999999,50.88669210999999,52.730693032,285982207
2020-05-14,52.000026,53.557360112,50.93335879999999,53.555360111,205232747
2020-05-15,52.690026345,53.669933501619994,52.4368262184,53.278026639,157776371
2020-05-18,55.185360925999994,55.64803449067,53.592026796,54.24202712099999,175471412
2020-05-19,54.344693838999994,54.804694069,53.738693536,53.867360266999995,144547758
2020-05-20,54.70002735,55.06669419999999,54.12002705999999,54.370693851999995,109639010
2020-05-21,54.4000272,55.500027749999994,53.066693199999996,55.17336092,183818608
2020-05-22,54.811627405799996,55.452027726,54.133360399999994,54.45869389599999,149812050
2020-05-26,55.63336115,55.64002782,54.3803605235,54.59136062899999,121345979
2020-05-27,54.724027361999994,55.180694257,52.33335949999999,54.682027340999994,173242863
2020-05-28,54.234027117,54.983360825,53.446026723,53.720693526999995,109136555
2020-05-29,53.91669362499999,55.6666945,53.614026807,55.6666945,177187261
2020-06-01,57.200028599999996,59.933363299999996,56.940028469999994,59.87336327,226279387
2020-06-02,59.64669649,60.57736362199999,58.0666957,58.77069605199999,203483898
2020-06-03,59.208029604,59.862696598,58.673362669999996,58.864029431999995,119241975
2020-06-04,59.325362995999996,59.716696524999996,57.229361948,57.62536214599999,133315628
2020-06-05,58.522695928,59.101362884,57.74669554,59.044029521999995,117178696
2020-06-08,61.2666973,63.33336499999999,60.61069697199999,63.328031663999994,212620844
2020-06-09,62.667364666999994,63.629358481329994,61.5954307977,62.71136468899999,170822165
2020-06-10,66.12536639599999,68.49870091599999,65.50003275,68.33670083499999,278451011
2020-06-11,66.01336634,67.93069396533,64.80003239999999,64.85603242799999,238747081
2020-06-12,65.333366,65.865366266,60.84003042,62.352031176,251450424
2020-06-15,61.18603059299999,66.589366628,60.566696949999994,66.06003303,235457582
2020-06-16,67.456700395,67.525367096,64.15936541299999,65.475366071,210766095
2020-06-17,65.847366257,67.0000335,65.5047660857,66.11936639299999,148361926
2020-06-18,66.86670009999999,67.94670064,66.29808648236,66.930700132,146278967
2020-06-19,67.518700426,67.73136053233,66.089366378,66.72670002999999,130196170
2020-06-22,66.663366665,67.258700296,66.001366334,66.288033144,95435202
2020-06-23,66.592033296,67.4667004,66.26737313366999,66.78536672599999,95479017
2020-06-24,66.27403313699999,66.72567336281999,63.542791771379996,64.056698695,164393768
2020-06-25,63.618031808999994,65.732032866,62.476697904999995,65.732032866,138818166
2020-06-26,66.318699826,66.3333665,63.658031828999995,63.982698658,132823554
2020-06-29,64.600698967,67.333367,63.23470495066999,67.290033645,135395992
2020-06-30,67.10003354999999,72.51270292299999,66.915366791,71.987369327,253777373
2020-07-01,72.20003609999999,75.68870451099998,72.03336935,74.642037321,199903400
2020-07-02,81.43204071599999,81.8667076,79.04003952,80.577373622,258751671
2020-07-06,85.112709223,91.85271259299999,84.4029755348,91.43871238599999,308547746
2020-07-07,93.66738016699999,95.30004765,89.114044557,92.65737966199998,322344739
2020-07-08,93.6667135,94.48404724199999,87.42271037799999,91.058712196,244669528
2020-07-09,93.13271323299999,93.90404695199999,90.085378376,92.95204647599999,175763912
2020-07-10,93.0667132,103.26105163049999,91.73405253367,102.976718155,350063075
2020-07-13,110.6000553,119.66605983299999,98.07405570367,99.80404990199999,584780108
2020-07-14,103.73338519999999,106.000053,95.40004769999999,101.12005056,351271924
2020-07-15,102.8667181,103.33338499999999,97.13338189999999,103.06738486699999,245517327
2020-07-16,98.477382572,102.114051057,97.7333822,100.042716688,214511743
2020-07-17,100.896717115,102.50071791699999,99.333383,100.05605002799999,139949510
2020-07-20,101.26738396699999,110.00005499999999,99.2000496,109.5333881,256820422
2020-07-21,109.328721331,111.66672249999999,103.8667186,104.55738561199999,242359079
2020-07-22,106.6000533,108.428054214,104.1333854,106.15538641099998,212416094
2020-07-23,111.930055965,112.60005629999999,98.71804935899999,100.87138376899999,364927318
2020-07-24,94.400713867,97.6667155,91.10271888466998,94.46671389999999,290949155
2020-07-27,95.6667145,103.196051598,94.20006710000999,102.64005131999998,240729930
2020-07-28,100.2667168,104.31338549,98.294715814,98.432715883,237130381
2020-07-29,100.06671669999999,102.320717827,99.13338289999999,99.94071663699998,141403324
2020-07-30,99.2000496,100.882717108,98.06671569999999,99.16604958299999,114315528
2020-07-31,101.00005049999999,101.13671723499999,94.73204736599999,95.384047692,183704308
2020-08-03,96.61338164,100.65405699366998,96.29234147947999,99.00004949999999,132140124
2020-08-04,99.667383167,101.827384247,97.4667154,99.13338289999999,126224787
2020-08-05,99.53271643299999,99.98927666128,97.88738227699999,99.001382834,74670188
2020-08-06,99.388716361,101.15405057699999,98.484049242,99.30538298599998,89884650
2020-08-07,99.96918331789999,99.98338332499999,94.334047167,96.847381757,133446233
2020-08-10,96.5333816,97.16671525,92.38937952799999,94.571380619,112833904
2020-08-11,93.0667132,94.666714,91.0000455,91.626045813,129387445
2020-08-12,98.00004899999999,105.6667195,95.6667145,103.650718492,328482286
2020-08-13,107.40005369999999,110.078721706,104.48405224199999,108.06672069999999,306379497
2020-08-14,110.999388833,111.25338896,108.442720888,110.04738835699999,188664056
2020-08-17,111.80005589999999,123.05739486199998,111.52205576099999,122.376061188,303634648
2020-08-18,126.599396633,128.26006413,123.00739483699998,125.80606290299998,247117226
2020-08-19,124.3333955,127.40006369999999,122.747394707,125.23539595099999,183079858
2020-08-20,124.045395356,134.799400733,123.80406190199999,133.45540006099998,309176845
2020-08-21,136.317401492,139.699403183,135.00340083499998,136.66540166599998,322343239
2020-08-24,141.7517375425,141.93340429999998,128.501397584,134.28006714,300954150
2020-08-25,131.659399163,135.196734265,131.2000656,134.88940077799998,159883270
2020-08-26,137.33340199999998,144.40007219999998,136.90867512097,143.54473843899999,213590593
2020-08-27,145.364072682,153.04007651999999,142.83340475,149.250074625,355395422
2020-08-28,153.00807650399997,154.56607728299997,145.768072884,147.56007377999998,301217549
2020-08-31,148.203318513,166.71331666199998,146.703318663,166.106650056,355123236
2020-09-01,167.379983262,167.496649917,156.836650983,158.349984165,270358287
2020-09-02,159.663317367,159.679984032,135.04018649598,149.123318421,288528419
2020-09-03,135.743319759,143.93331894,133.9999866,135.6666531,262788296
2020-09-04,134.269986573,142.6666524,124.00668759933001,139.439986056,330965733
2020-09-08,118.6666548,122.913321042,109.959989004,110.069988993,346397135
2020-09-09,118.86665478,122.9999877,113.836655283,122.09332112399998,238397334
2020-09-10,128.736653793,132.996653367,120.186654648,123.779987622,254791855
2020-09-11,127.313320602,127.49998725,120.16665465,124.239987576,182152398
2020-09-14,126.983320635,139.999986,124.43332089,139.873319346,249061855
2020-09-15,145.519985448,153.979984602,143.56665231,149.919985008,291894719
2020-09-16,146.623318671,152.596651407,145.103318823,147.253318608,217640302
2020-09-17,138.53331948000002,145.929985407,136.00001973333,141.143319219,230337503
2020-09-18,149.313318402,150.3333183,142.93331904000001,147.383318595,259220486
2020-09-21,151.043318229,151.893318144,135.689986431,149.796651687,328430433
2020-09-22,143.19998568,145.919985408,139.20001941333,141.40998585900002,238742424
2020-09-23,135.053319828,137.383319595,125.29335413733001,126.786653988,285222569
2020-09-24,121.26665454,133.16665335,117.09998829,129.263320407,289683209
2020-09-25,131.156653551,136.24408637559,130.43332029,135.77998642199998,201625400
2020-09-28,141.539985846,142.693319064,138.51665281500001,140.39998596,149158695
2020-09-29,138.6666528,142.83331905,137.19998628000002,139.689986031,151024215
2020-09-30,140.439985956,144.643318869,140.156652651,143.003319033,144436724
2020-10-01,146.919985308,149.626651704,144.806652186,149.386651728,152224365
2020-10-02,140.463319287,146.37665202899998,138.3333195,138.363319497,214290111
2020-10-05,141.116652555,144.546652212,139.776652689,141.893319144,134168383
2020-10-06,141.263319207,142.92661904067,135.349986465,137.993319534,147438795
2020-10-07,139.956652671,143.29998566999998,137.94831953850002,141.76665249,129383143
2020-10-08,146.146652052,146.3333187,141.76665249,141.97331913600001,121263372
2020-10-09,143.376652329,144.86328551367,142.15335245133,144.6666522,86776989
2020-10-12,147.3333186,149.579985042,146.193318714,147.43331859,116373402
2020-10-13,147.783318555,149.62998503699998,145.53331878,148.883318445,103391020
2020-10-14,149.926651674,155.29998447,149.11665175500002,153.76665129,144136184
2020-10-15,150.103318323,152.189984781,147.49998525,149.626651704,107017061
2020-10-16,151.479984852,151.98328480167,146.283318705,146.556652011,98327650
2020-10-19,148.746651792,148.9999851,142.956652371,143.609985639,108863531
2020-10-20,143.916652275,143.916652275,139.68335269833,140.646652602,94968879
2020-10-21,140.89998591,144.316652235,140.416652625,140.879985912,97111390
2020-10-22,147.306651936,148.409985159,141.503319183,141.929985807,119979582
2020-10-23,140.61331927199998,140.96195257047,135.79335308733002,140.209985979,101150950
2020-10-26,137.209986279,141.919985808,136.666653,140.093319324,84717488
2020-10-27,141.253319208,143.49998565,140.03331933,141.559985844,68059537
2020-10-28,138.826652784,139.53331938,135.3333198,135.339986466,76354238
2020-10-29,136.653319668,139.353319398,135.486653118,136.94331963899998,67965937
2020-10-30,135.63178643682,135.86381974694999,126.369987363,129.346653732,127762933
2020-11-02,131.3333202,135.65995310067,130.76665359,133.50331998299998,87063369
2020-11-03,136.576653009,142.589985741,135.563319777,141.29998587,103055170
2020-11-04,143.539985646,145.13331882,139.03331943,140.326652634,96429190
2020-11-05,142.76665239,146.666652,141.33335253333,146.029985397,85243569
2020-11-06,145.36665213,145.523318781,141.426652524,143.316652335,65118037
2020-11-09,146.49998535,150.83331825,140.3333193,140.41998595799998,104499100
2020-11-10,140.02998599699998,140.02998599699998,132.01002013233,136.78665298800001,90852669
2020-11-11,138.816652785,139.5649860435,136.859986314,139.043319429,52073165
2020-11-12,138.349986165,140.9999859,136.506653016,137.253319608,59821506
2020-11-13,136.949986305,137.51061958227,133.886653278,136.16665305,59491056
2020-11-16,136.309986369,137.483319585,134.69558653043998,136.029986397,80515928
2020-11-17,153.389984661,153.9999846,144.336652233,147.203318613,183564858
2020-11-18,149.449985055,165.3333168,147.83335188332998,162.213317112,234132083
2020-11-19,163.9999836,169.53704971296,162.523317081,166.423316691,187426069
2020-11-20,165.996650067,167.49998324999999,163.019983698,163.203317013,98735770
2020-11-23,167.83331655,175.3333158,167.263316607,173.949982605,150780915
2020-11-24,180.13331531999998,186.663314667,175.39998246000002,185.126648154,160945486
2020-11-25,183.35331499799997,191.3333142,181.789981821,191.3333142,146790495
2020-11-27,193.719980628,199.593313374,192.816647385,195.253313808,112683251
2020-11-30,200.73664659300002,202.59997973999998,184.836648183,189.19998108000001,189009169
2020-12-01,199.19664674700002,199.283313405,190.68331426499998,194.919980508,121148502
2020-12-02,185.479981452,190.51331428199998,180.40331529300002,189.60664770600002,143326964
2020-12-03,196.67331366599998,199.656646701,194.14331391899998,197.793313554,127656013
2020-12-04,197.003313633,199.67998003199997,195.16664715,199.67998003199997,88203939
2020-12-07,201.63987983601,216.26184504048,201.01664656499997,213.919978608,168929147
2020-12-08,208.5016458165,217.093311624,206.16664605,216.626645004,192795109
2020-12-09,217.89664487700003,218.106644856,195.9999804,201.49331318400002,213873591
2020-12-10,191.456647521,209.249979075,188.779981122,209.02331243100002,201249470
2020-12-11,205.003312833,207.9999792,198.93331343999998,203.329979667,139424924
2020-12-14,206.3333127,214.24994524167002,203.40001299333,213.27664533900003,156121966
2020-12-15,214.426645224,215.63331177,207.93331253999997,211.083312225,135670694
2020-12-16,209.409979059,210.83331225,201.6666465,207.58997924099998,126287443
2020-12-17,209.39664572700002,219.60664470600003,206.49997935,218.63331147,168810437
2020-12-18,222.96664436999998,231.6666435,209.51331238199998,231.6666435,666378667
2020-12-21,222.079977792,222.83331105,215.35664513100002,216.619978338,174135797
2020-12-22,215.9999784,216.626645004,204.743312859,213.44664532200002,155584936
2020-12-23,210.73331226000002,217.16661161667,207.52334591433,215.32664513400002,99518920
2020-12-24,214.329978567,222.02997779700002,213.6666453,220.589977941,68596717
2020-12-28,224.836644183,227.13331062,220.26664463999998,221.229977877,96835690
2020-12-29,220.3333113,223.29997767,218.3333115,221.996644467,68732437
2020-12-30,223.9999776,232.19997678000001,222.78674438799,231.59331017399998,128538073
2020-12-31,233.329976667,239.573309376,230.373310296,235.22330981099998,148949805
2021-01-04,239.819976018,248.16327518367,239.06314276035,243.256642341,145914585
2021-01-05,241.21997587799999,246.946641972,239.73330936000002,245.036642163,96735520
2021-01-06,252.829974717,257.9999742,249.69997503000002,251.99330813400002,134099923
2021-01-07,259.209974079,272.329972767,258.39997416,272.01330613199997,154496865
2021-01-08,285.3333048,294.829970517,279.463305387,293.339970666,225166613
2021-01-11,283.13330501999997,284.809971519,267.87403987926,270.396639627,178662468
2021-01-12,276.9999723,289.3333044,275.779972422,283.146638352,138812174
2021-01-13,284.253304908,286.823304651,277.3333056,284.803304853,99937510
2021-01-14,281.129971887,287.6666379,279.583305375,281.6666385,93798999
2021-01-15,283.9999716,286.63330467,273.03330603,275.386639128,116332812
2021-01-19,279.26663873999996,283.333305,277.6666389,281.516638515,76100948
2021-01-20,286.24663804200003,286.49997135,279.093305424,283.483304985,76997648
2021-01-21,284.9999715,285.23993814267004,280.47333861933004,281.663305167,61794396
2021-01-22,278.10330552299996,282.6666384,276.206639046,282.213305112,60199506
2021-01-25,284.9999715,300.13330332,279.60667203933,293.59997064,123520212
2021-01-26,297.126636954,298.63330347,290.53330428,294.36330389700004,69394807
2021-01-27,290.11663765500003,297.16663695,286.21997137799997,288.053304528,82001888
2021-01-28,273.333306,282.6666384,266.9999733,278.47663881899996,79134158
2021-01-29,276.666639,280.80330525299996,260.03330733,264.509973549,104972260
2021-02-01,271.429972857,280.6666386,265.18667348133,279.936638673,76174178
2021-02-02,281.55997184399996,293.49997065,280.73350525998,290.929970907,73038637
2021-02-03,292.33997076599996,292.693304064,284.35483823118,284.896638177,55030536
2021-02-04,284.9999715,285.49997145,277.806638886,283.329971667,47437985
2021-02-05,281.6666385,288.256637841,279.656638701,284.076638259,55699926
2021-02-08,289.889971011,292.589970741,284.916638175,287.806637886,60485166
2021-02-09,285.039971496,286.59997133999997,280.583305275,283.153305018,45472955
2021-02-10,281.2116385455,281.606638506,266.673306666,268.27330650600004,108648281
2021-02-11,270.813306252,276.62660567067,267.2416399425,270.553306278,64868256
2021-02-12,267.086639958,272.44330608900003,261.77684048898,272.03997279600003,71304937
2021-02-16,272.6666394,273.6666393,264.146640252,265.406640126,59406966
2021-02-17,259.696640697,266.613306672,254.003307933,266.049973395,78236708
2021-02-18,260.29997397,264.896640177,258.756640791,262.459973754,53871185
2021-02-19,264.9999735,265.59660677367,259.123307421,260.43330728999996,56874786
2021-02-22,254.213307912,256.16664105,236.73330966,238.16664285,111809171
2021-02-23,220.709977929,237.86994287967002,206.3333127,232.946643372,199820660
2021-02-24,237.283309605,248.3333085,231.38997686099998,247.33997526599998,110300861
2021-02-25,242.049975795,245.73550875978,223.526644314,227.40664392600002,117071592
2021-02-26,233.33331,235.56664311,219.836644683,225.16664415,123267522
2021-03-01,230.036643663,290.6666376,228.34997716499998,239.47664271899998,81408728
2021-03-02,239.426642724,240.369975963,228.3333105,228.81331045200002,71196487
2021-03-03,229.32997706700002,233.56664331000002,217.23497827650002,217.73331156,90623889
2021-03-04,218.59997814,291.31330420200004,199.99998,207.14664595200003,197758610
2021-03-05,208.68664579799997,209.28061240527,179.829982017,199.316646735,268189407
2021-03-08,200.183313315,206.7083126625,186.26331470699998,187.6666479,155360896
2021-03-09,202.72664639399997,226.029977397,198.403313493,224.52664421400002,202570010
2021-03-10,233.43330999,239.283309405,218.35331149799998,222.68664439799997,181817028
2021-03-11,233.13331001999998,234.16664325,225.726644094,233.19997668000002,108761681
2021-03-12,223.333311,231.626643504,222.04644446202002,231.24331020900001,100751530
2021-03-15,231.363310197,237.72664289399998,228.013310532,235.979976402,88270449
2021-03-16,234.449976555,235.97330973599998,223.6666443,225.626644104,96587020
2021-03-17,218.95664477100001,234.576643209,217.003311633,233.936643273,121117362
2021-03-18,228.09664385699998,229.743310359,217.3333116,217.719978228,100107070
2021-03-19,215.53331178000002,219.076644759,208.20667917933,218.289978171,128681953
2021-03-22,228.19664384700002,233.206643346,222.916644375,223.333311,118536672
2021-03-23,225.25664414099998,225.93331074,219.169978083,220.719977928,91475619
2021-03-24,222.636644403,222.673311066,210.036645663,210.08997899099998,101385520
2021-03-25,204.3333129,215.16664515,203.16664635,213.463311987,117674562
2021-03-26,213.956645271,214.60664520600002,199.963313337,206.236646043,101558500
2021-03-29,205.213312812,205.493312784,198.673313466,203.76331295699998,85910979
2021-03-30,200.583313275,212.55331207799998,197.003313633,211.873312146,118297092
2021-03-31,215.539978446,223.9999776,213.703311963,222.643311069,100011880
2021-04-01,229.456643721,230.80674358599,219.806644686,220.583311275,105895151
2021-04-05,235.90330974300002,236.053309728,228.23331051000002,230.349976965,125528323
2021-04-06,230.09997699,232.18331011499998,227.123310621,230.539976946,84815528
2021-04-07,228.9999771,230.45997695399998,222.61331107200002,223.656644301,78928298
2021-04-08,225.793310754,229.84994368167,223.8816442785,227.93331053999998,71772997
2021-04-09,225.923310741,226.989977301,223.14331101899998,225.673310766,64311276
2021-04-12,228.56664381000002,234.93330984,227.363310597,233.993309934,87407019
2021-04-13,237.56664291,254.3333079,236.886642978,254.10664125600002,133958443
2021-04-14,256.89997431,260.263307307,242.676642399,244.076642259,147052305
2021-04-15,247.69997523,247.896641877,240.43664262299998,246.283308705,83546708
2021-04-16,242.883309045,249.80330835299998,241.53330918,246.59330867399999,83938598
2021-04-19,239.86664268,241.79997582,230.60001027333,238.209976179,119058702
2021-04-20,239.139976086,245.749975425,236.89497631049997,239.663309367,106827131
2021-04-21,234.923309841,248.279975172,232.6666434,248.039975196,93646539
2021-04-22,247.16664195,251.256641541,239.346642732,239.89664267700002,106770791
2021-04-23,239.93330934,245.786642088,238.486642818,243.13330901999998,85241679
2021-04-26,246.9999753,249.76664168999997,244.20174224649003,246.06664206000002,93115509
2021-04-27,239.31997606800002,241.3333092,234.45000988833,234.913309842,88311009
2021-04-28,232.13664345299998,236.16664305,231.19997688,231.46664352,66813157
2021-04-29,233.169976683,234.083309925,222.83337771665998,225.6666441,86536359
2021-04-30,222.529977747,238.489976151,222.046644462,236.47997635200002,122276172
2021-05-03,234.59997653999997,235.3333098,226.83331065,228.29997717,81129428
2021-05-04,226.31331070200002,227.81544388512,219.2336447433,224.53331088000002,89217969
2021-05-05,227.019977298,228.43181049014999,222.44664442200002,223.64664430200003,65705677
2021-05-06,226.919977308,227.00664396599998,216.666645,221.17997788199997,83353868
2021-05-07,221.93331113999997,229.999977,220.073311326,224.123310921,70407517
2021-05-10,221.63331116999998,221.683311165,209.20334574633,209.67997903199998,94177269
2021-05-11,199.746646692,209.03327909667001,198.53331348,205.73331276000002,139511714
2021-05-12,200.829979917,206.80331265299998,195.5883137745,196.629980337,101470960
2021-05-13,200.51497994849998,202.15327978467,186.549981345,190.56331427700002,132554773
2021-05-14,194.469980553,197.623313571,190.153314318,196.579980342,100112590
2021-05-17,191.8509808149,196.576647009,187.06664796,192.27664743900002,96743410
2021-05-18,189.3333144,198.749980125,187.793314554,192.623314071,110491721
2021-05-19,184.18331491499998,188.736647793,182.326648434,187.819981218,118735212
2021-05-20,191.6666475,196.283313705,190.35664763100002,195.593313774,92463369
2021-05-21,198.703313463,198.89331344399997,193.333314,193.626647304,78091808
2021-05-24,193.86664728,204.826646184,191.216647545,202.14664645200003,103674280
2021-05-25,202.43664642299998,204.663312867,198.569980143,201.56331317700003,84017798
2021-05-26,202.51997974799997,208.72331246099998,200.49997995,206.376646029,85917939
2021-05-27,206.746645992,210.376645629,205.403312793,210.283312305,79111778
2021-05-28,209.49997905,211.86331214700002,207.459979254,208.40664582600002,68211127
2021-06-01,209.26664573999997,211.26664553999998,206.84997931499998,207.96664586999998,54254675
2021-06-02,206.709979329,207.786645888,199.713313362,201.706646496,69908347
2021-06-03,200.59997994,201.516646515,190.406647626,190.94664757200002,90335679
2021-06-04,193.23664734300002,200.203313313,192.39998076,199.68331336499998,72110707
2021-06-07,197.27498027250002,203.333313,194.293313904,201.709979829,67631047
2021-06-08,207.669979233,207.696645897,198.49998015,201.196646547,78160238
2021-06-09,200.723313261,203.92997960699998,199.21001341233,199.593313374,49753715
2021-06-10,201.293313204,205.52997944700002,200.16664665,203.373312996,71758837
2021-06-11,203.40997965900002,204.186646248,200.50664661599998,203.296646337,48615905
2021-06-14,204.076646259,208.496645817,203.059979694,205.896646077,61271946
2021-06-15,205.56331277700002,205.596646107,199.409980059,199.786646688,53292455
2021-06-16,199.17831341549999,202.83331305,197.83331354999999,201.623313171,66432397
2021-06-17,200.62931327040002,207.156645951,200.446646622,205.53331278000002,68104057
2021-06-18,204.456646221,209.449979055,203.93331293999998,207.76997922299998,73682737
2021-06-21,208.159979184,210.463312287,202.959979704,206.94331263900003,74438227
2021-06-22,206.083312725,209.52307904769,205.16664615,207.903312543,57476676
2021-06-23,210.6666456,219.0679780932,210.013312332,218.85664478100003,93297699
2021-06-24,224.996644167,232.539976746,222.536644413,226.606644006,137947184
2021-06-25,229.859977014,231.269976873,222.89997771,223.956644271,97490140
2021-06-28,223.879977612,231.56661017667,223.43997765600002,229.573310376,64884486
2021-06-29,228.216643845,229.16994374967,225.296644137,226.919977308,52143935
2021-06-30,226.58997734099998,230.93664357299997,226.04664406199998,226.56664401,56774586
2021-07-01,227.97331053599999,229.32997706700002,224.26664423999998,225.97331073599997,55903566
2021-07-02,226.326644034,233.33331,224.419977558,226.29997737,81292118
2021-07-06,227.23714394295,227.9999772,217.13337828666002,219.859978014,69853357
2021-07-07,221.42331119099998,221.89997781000002,212.773312056,214.88331184499998,56375886
2021-07-08,209.456645721,218.14331151899998,206.819979318,217.60331157299998,68319967
2021-07-09,217.72831156049998,219.636644703,214.896645177,218.98331143500002,54421655
2021-07-12,220.73331126000002,229.079977092,220.72031126129997,228.56664381000002,77781128
2021-07-13,228.77331045600002,231.093310224,222.09857779013998,222.846644382,62898276
2021-07-14,223.583310975,226.20327737967,217.61331157200001,217.79331155399998,64923576
2021-07-15,219.463311387,222.046644462,212.626645404,216.86664498000002,60628716
2021-07-16,218.226644844,218.89994477667,214.06664526,214.73997852600002,49112915
2021-07-19,209.963312337,215.73327842666998,207.096645957,215.406645126,63891276
2021-07-20,217.329978267,220.79717792028,213.50031198329998,220.16664465,46461395
2021-07-21,219.869978013,221.61994450467,216.76334499033,218.429978157,41860024
2021-07-22,218.81424478524002,220.723311261,214.86667851333,216.419978358,45317195
2021-07-23,215.453311788,216.26664504,212.43334542333002,214.459978554,43814824
2021-07-26,216.989978301,222.73327772667,215.70331176300002,219.206644746,76009688
2021-07-27,221.13331122,222.16664445,209.079979092,214.926645174,98439880
2021-07-28,215.6649784335,218.32327816767003,213.13334535333,215.659978434,48019805
2021-07-29,216.59664500699998,227.89664387700003,216.26664504,225.783310755,91183929
2021-07-30,223.9193109414,232.509976749,222.9999777,229.06664376,88969239
2021-08-02,233.33331,242.313309102,232.79997672,236.55664301099998,100847320
2021-08-03,239.6666427,240.883309245,233.669976633,236.579976342,64860756
2021-08-04,236.9999763,241.63330917,236.30997636899997,236.97330963599998,51007955
2021-08-05,238.6666428,240.31660930166998,237.13664295299998,238.209976179,38758924
2021-08-06,237.29997627,238.77664278900002,232.543310079,233.03331003,46869155
2021-08-09,236.72330966099997,239.67664269899998,235.043309829,237.919976208,44146054
2021-08-10,237.996642867,238.863309447,233.959976604,236.663309667,40296934
2021-08-11,237.569976243,238.393309494,234.73664319300002,235.93997640600003,29401677
2021-08-12,235.446643122,240.93330923999997,233.13331001999998,240.749975925,53045075
2021-08-13,241.23664254300002,243.29997566999998,238.113309522,239.05664276099998,50194415
2021-08-16,235.023309831,236.49997635,225.46664411999998,228.72331046099998,69309907
2021-08-17,224.219977578,224.859977514,216.27997837200002,221.90331114300002,71163847
2021-08-18,223.2493110084,231.923310141,223.116644355,229.663310367,61048146
2021-08-19,226.06997739300002,228.84997711499997,222.529977747,224.489977551,42940474
2021-08-20,227.61664390500002,230.70994359567,224.56664421000002,226.753310658,44525614
2021-08-23,228.48064381860002,237.37660959567,226.91681064165,235.43330978999998,60794586
2021-08-24,236.89330964399997,238.406642826,234.213309912,236.163309717,39249214
2021-08-25,235.676643099,238.989976101,234.6666432,237.06664296000002,37936684
2021-08-26,236.103309723,238.46664282,232.54001007933,233.71997662799998,39642874
2021-08-27,234.9999765,238.3333095,234.03334326333,237.30664293599997,41501284
2021-08-30,238.2383095095,243.6666423,237.57664290900001,243.636642303,55812666
2021-08-31,244.3333089,246.796641987,242.146642452,245.239975476,62566326
2021-09-01,244.69330886400002,247.329975267,243.75667562432997,244.69664219700002,39613024
2021-09-02,244.83330885,246.98997530100002,243.51330898199998,244.129975587,38390224
2021-09-03,244.0829755917,244.6666422,241.39997586,244.52330888100002,45813155
2021-09-07,246.666642,253.39997466000003,246.419975358,250.97330823599998,60119496
2021-09-08,253.859974614,254.816641185,246.92440864089,251.289974871,56379126
2021-09-09,251.13664155299998,254.03330793,250.54334161232998,251.619974838,42233194
2021-09-10,253.19997468,254.203307913,244.84000884933,245.42330879099998,45552515
2021-09-13,246.73797532620003,248.25997517399998,236.283309705,247.6666419,68857447
2021-09-14,247.523308581,251.489974851,245.46664212,248.163308517,55574646
2021-09-15,248.3333085,252.286641438,246.119975388,251.943308139,46073075
2021-09-16,250.943308239,252.969974703,249.203308413,252.329974767,41770174
2021-09-17,252.383308095,253.67997463199998,249.999975,253.163308017,84612548
2021-09-20,244.85254218140997,247.3333086,239.54160937917,243.389975661,74272957
2021-09-21,244.929975507,248.24660850867002,243.479975652,246.459975354,48992165
2021-09-22,247.84207521579,251.22327487767,246.373308696,250.64664160200002,45378815
2021-09-23,251.6666415,252.73330806,249.306641736,251.213308212,35842594
2021-09-24,248.629975137,258.26664084,248.186641848,258.129974187,64119066
2021-09-27,257.706640896,266.3333067,256.436641023,263.786640288,84211988
2021-09-28,262.39997376,265.213306812,255.39334112733002,259.186640748,76144268
2021-09-29,259.93330734,264.49997355,256.893307644,260.43664062299996,62828646
2021-09-30,260.3333073,263.04347369565,258.3333075,258.493307484,53867885
2021-10-01,259.46664072,260.259973974,254.52997454700002,258.406640826,51094235
2021-10-04,265.49997345,268.98993976767,258.706640796,260.50997394899997,91450029
2021-10-05,261.5986405068,265.76997342299995,258.06664086,260.19664064700004,55297896
2021-10-06,258.73330746,262.219973778,257.739974226,260.916640575,43898314
2021-10-07,261.819973818,268.3333065,261.126640554,264.536640213,57587346
2021-10-08,265.403306793,265.459973454,260.303307303,261.829973817,50215805
2021-10-11,262.549973745,267.079973292,261.83330715,263.97997360200003,42600964
2021-10-12,266.97663996899996,270.773306256,265.52330678100003,268.573306476,66060127
2021-10-13,270.15663965100003,271.803306153,268.593306474,270.359972964,42360244
2021-10-14,271.829972817,273.416639325,271.11667288833,272.773306056,36741514
2021-10-15,274.5793058754,281.069971893,274.116639255,281.009971899,56773716
2021-10-18,283.92997160699997,291.753304158,283.823304951,290.036637663,72621727
2021-10-19,292.509970749,292.649970735,287.503304583,288.089971191,52143395
2021-10-20,288.449971155,289.829971017,285.793304754,288.59997114,42096154
2021-10-21,285.3333048,299.99997,285.16817148318,297.9999702,94444359
2021-10-22,298.49997015,303.333303,296.986636968,303.226636344,68642527
2021-10-25,316.843301649,348.339965166,314.73330186000004,341.619965838,188556319
2021-10-26,341.56329917700003,364.97996350200003,333.813299952,339.476632719,187244929
2021-10-27,346.55329867800003,356.95996430400004,343.593298974,345.95329873799994,115579392
2021-10-28,356.1016310565,360.3332973,351.39996486,359.013297432,81639518
2021-10-29,360.61996393799996,371.736629493,357.7349642265,371.3332962,89755269
2021-11-01,381.6666285,403.249959675,372.886629378,402.86329304699996,168146177
2021-11-02,386.4516280215,402.86329304699996,381.9999618,390.6666276,128213413
2021-11-03,392.44329408899995,405.129959487,384.206628246,404.619959538,103885570
2021-11-04,411.46995885300004,414.49662521700003,405.6666261,409.96995900300004,76192238
2021-11-05,409.3332924,413.28995867099997,402.6666264,407.363292597,64886436
2021-11-08,383.2616283405,398.9999601,377.6666289,387.64662790200003,100337170
2021-11-09,391.19996088,391.49996085,337.173299616,341.16663255,177317538
2021-11-10,336.803299653,359.36663072999994,329.103300423,355.983297735,128408173
2021-11-11,367.589963241,368.323296501,351.55996484400004,354.503297883,67189717
2021-11-12,349.16663175,351.49996485,339.73329936,344.473298886,76719458
2021-11-15,339.209966079,343.993298934,326.19996738000003,337.796632887,104326960
2021-11-16,334.436633223,352.39993142667004,334.059966594,351.576631509,79627088
2021-11-17,354.503297883,373.21329601200006,351.83329815,363.003297033,94336119
2021-11-18,368.849963115,370.6666296,358.339964166,365.45996345400005,62696796
2021-11-19,366.28996337099994,379.57326204267,364.23329691000004,379.019962098,64926786
2021-11-22,387.44329458899995,400.649959935,377.476628919,385.62329477099996,99217540
2021-11-23,389.169961083,393.49992731667,354.23329791000003,369.676629699,108515111
2021-11-24,360.12996398700005,377.58996224099997,353.9999646,371.9999628,67680727
2021-11-26,366.48996335100003,369.59419637391,360.3332973,360.639963936,35042674
2021-11-29,366.996629967,380.889961911,366.729963327,378.996628767,58393416
2021-11-30,381.45662852099997,389.3332944,372.6666294,381.586628508,81276128
2021-12-01,386.8982946435,390.94659423867,363.586630308,364.9999635,68804107
2021-12-02,366.353296698,370.9999629,352.216631445,361.53329718,73114867
2021-12-03,361.596630507,363.52506364749,333.403299993,338.323299501,92322009
2021-12-06,333.83663328299997,340.546632612,316.83330165,336.336633033,81663128
2021-12-07,348.06663186000003,352.55793141087,342.26996577299997,350.583298275,56084586
2021-12-08,350.903298243,357.45996425400006,344.33333223333,356.319964368,41906374
2021-12-09,353.54663131200004,354.163297917,334.119966588,334.59996653999997,59438496
2021-12-10,336.249966375,340.32653263401,327.509967249,339.009966099,59664366
2021-12-13,333.696633297,334.99996649999997,317.139968286,322.136634453,78595508
2021-12-14,314.9999685,322.136634453,309.999969,319.503301383,70806277
2021-12-15,317.73663489300003,326.24993404167003,309.41666905833,325.329967467,75169238
2021-12-16,331.49996685,331.659966834,307.283302605,308.973302436,82771448
2021-12-17,304.923302841,320.21993464467,303.01333636533,310.85663558100003,100880260
2021-12-20,303.56663631000004,307.22943594372,297.796636887,299.979970002,56480016
2021-12-21,305.623302771,313.16663535,295.373303796,312.843302049,71517937
2021-12-22,321.88663447799996,338.55326614467,319.016634765,336.289966371,93634089
2021-12-23,335.59996644,357.65886423410996,332.519966748,355.6666311,92713299
2021-12-27,357.889964211,372.3332961,356.90503097616005,364.64663020200004,71145817
2021-12-28,369.829963017,372.99992936667,359.473297386,362.823297051,60323916
2021-12-29,366.21329671200004,367.9999632,354.71329786200005,362.063297127,56154066
2021-12-30,353.77663128899997,365.183296815,351.049964895,356.77996432199996,47040935
2021-12-31,357.81476421852005,360.66659726667,351.529964847,352.25996477399997,40733644
2022-01-03,382.583295075,400.356626631,378.679962132,399.926626674,104686060
2022-01-04,396.516627015,402.6666264,374.349962565,383.19662834699994,100248280
2022-01-05,382.216628445,390.11329432199994,360.33666396633,362.706630396,80119808
2022-01-06,358.9999641,362.6666304,340.16663265,354.89996451,90336489
2022-01-07,360.12329732099994,360.30993063567,336.666633,342.31996576800003,84164768
2022-01-10,333.3333,353.03329802999997,326.666634,352.706631396,91814889
2022-01-11,351.22329821100004,358.61663080499994,346.273298706,354.79996452,66063217
2022-01-12,359.616630705,371.613296172,357.52999758032996,368.739963126,83739038
2022-01-13,369.6882963645,371.86662948,342.17966578203,343.853298948,97209790
2022-01-14,339.959966004,350.6666316,337.79289955404,349.86996501299996,72924427
2022-01-18,342.2016324465,356.92993097366997,338.686632798,343.503298983,66989407
2022-01-19,347.23496527649996,351.55659817767,331.6666335,331.88330014499996,75442508
2022-01-20,336.576633009,347.219965278,331.3333002,332.089966791,70488757
2022-01-21,332.113300122,334.849966515,313.49996864999997,314.63330186999997,103416040
2022-01-24,301.58663650799997,311.17100221623,283.823304951,309.999969,152375145
2022-01-25,304.73330286000004,317.086634958,301.069969893,306.13330272,86595909
2022-01-26,317.476634919,329.229967077,301.9999698,312.469968753,104867290
2022-01-27,311.119968888,311.796635487,276.3333057,276.36663903,147109575
2022-01-28,277.186638948,285.83330475,264.003306933,282.116638455,134788963
2022-01-31,290.90330424300004,312.663302067,287.34997126499997,312.239968776,104436100
2022-02-01,311.736635493,314.56663521,301.6666365,310.416635625,73138357
2022-02-02,309.393302394,310.49996895,296.469970353,301.886636478,66793057
2022-02-03,293.9999706,312.3333021,293.50663731599997,297.046636962,78855578
2022-02-04,299.073303426,312.16663545,293.723303961,307.77330255600003,73625467
2022-02-07,307.929969207,315.923301741,300.90293657637,302.446636422,60994476
2022-02-08,301.843303149,308.76326912367,298.26663684,307.3333026,50729015
2022-02-09,311.6666355,315.42326845767,306.666636,310.6666356,52259555
2022-02-10,302.789969721,314.60330187299996,298.89997011,301.51663651499996,66126847
2022-02-11,303.209969679,305.319969468,283.56663831000003,286.666638,79645868
2022-02-14,287.189971281,299.62660337067,284.383304895,291.919970808,67756417
2022-02-15,299.99997,307.6666359,297.79243688741997,307.476635919,57649536
2022-02-16,304.683302865,308.80993578567,300.403303293,307.796635887,51294395
2022-02-17,304.419969558,306.16660271667,291.36663753,292.116637455,55178436
2022-02-18,295.3333038,295.623303771,279.203305413,285.659971434,68501857
2022-02-22,278.043305529,285.57790477554,267.03333996333,273.843305949,83288198
2022-02-23,276.809972319,278.43320549001,253.519974648,254.679974532,95257030
2022-02-24,233.463309987,267.493306584,233.33331,266.923306641,135322304
2022-02-25,269.74330635900003,273.16663935,260.80014058665,269.956639671,76067768
2022-02-28,271.669972833,292.286637438,271.56913950975,290.143304319,99006880
2022-03-01,289.893304344,296.626637004,284.593304874,288.123304521,74766877
2022-03-02,290.709970929,295.493303784,281.42400519093,293.296637337,74643457
2022-03-03,292.923304041,295.4796371187,277.53333891333,279.763305357,61623516
2022-03-04,283.03330503,285.216638145,275.05360582797,279.429972057,67179877
2022-03-07,285.43330478999997,288.713304462,268.189973181,268.193306514,72494167
2022-03-08,265.176640149,283.329971667,260.723307261,274.79997252,80399108
2022-03-09,279.826638684,286.853304648,277.336638933,286.323304701,59183976
2022-03-10,283.816638285,284.816638185,270.12000632133,279.43330539,58648656
2022-03-11,280.0656386601,281.2673052066,264.589973541,265.116640155,67037167
2022-03-14,260.203307313,266.89997331,252.013308132,255.456641121,71152267
2022-03-15,258.423307491,268.523306481,252.18997478100002,267.296639937,66841147
2022-03-16,269.6666397,280.6666386,267.42000659133,280.076638659,84028838
2022-03-17,276.996638967,291.6666375,275.23923914274,290.53330428,66582967
2022-03-18,291.496637517,302.616636405,289.129971087,301.796636487,100414210
2022-03-21,304.993302834,314.28330190500003,302.363303097,307.053302628,81981668
2022-03-22,309.999969,332.619966738,307.249969275,331.326633534,105868571
2022-03-23,326.64663400200004,346.89996531,325.46663412,333.036633363,120676152
2022-03-24,336.576633009,341.496632517,329.59996703999997,337.973299536,68920897
2022-03-25,335.9999664,340.59993260667,332.44000008933,336.879966312,62031546
2022-03-28,355.03329783,365.95993007066994,351.19996488,363.946630272,102506080
2022-03-29,369.329963067,371.589962841,357.703297563,366.523296681,73614817
2022-03-30,363.723296961,371.316629535,361.3332972,364.663296867,59865006
2022-03-31,364.85663018099996,367.71326322867,358.8802974453,359.19996408,48992765
2022-04-01,360.38329729500003,364.916630175,355.54663111200006,361.529963847,54263225
2022-04-04,363.12663035400004,383.303295003,357.509964249,381.816628485,82177718
2022-04-05,378.76662878999997,384.28996157099994,362.43329709,363.753296958,80075018
2022-04-06,357.823297551,359.6666307,342.56663241,348.586631808,89348559
2022-04-07,350.79663158700004,358.863297447,340.51333261533,352.419964758,79447058
2022-04-08,347.73663189300004,349.479965052,340.8116325855,341.829965817,55013706
2022-04-11,326.79996732,336.15599971773,324.879967512,325.30996746899996,59357226
2022-04-12,332.546633412,340.39733262693,325.53333411333,328.983300435,65976097
2022-04-13,327.02496729750004,342.079965792,324.3656342301,340.789965921,55121226
2022-04-14,333.096633357,337.56993290967,327.39663392700004,328.3333005,58422426
2022-04-18,329.676633699,338.306632836,324.469967553,334.763299857,51715235
2022-04-19,335.019966498,344.979965502,331.7749668225,342.71663239500003,49847825
2022-04-20,343.333299,344.6666322,325.08333415833,325.73330076,70711327
2022-04-21,358.243297509,364.073296926,332.1383001195,336.259966374,105416351
2022-04-22,338.303299503,344.94996550499997,331.33333353333,335.016633165,69696577
2022-04-25,326.323300701,336.206633046,325.09996749,332.67330006599997,68341357
2022-04-26,331.809966819,333.3333,291.6666375,292.139970786,136133684
2022-04-27,299.526636714,305.9999694,292.453304088,293.836637283,76956398
2022-04-28,299.993303334,299.99997,273.89997261,292.503304083,124948542
2022-04-29,300.749969925,311.46660218667,289.999971,290.253304308,88133019
2022-05-02,286.923304641,302.11993645467004,282.676638399,300.979969902,75781388
2022-05-03,301.059969894,308.026635864,296.196637047,303.083303025,63709596
2022-05-04,301.31330320200004,318.49996815,295.093303824,317.539968246,81643718
2022-05-05,313.069968693,315.19996848,285.89997141000003,291.093304224,92519199
2022-05-06,295.6666371,295.9999704,281.0349718965,288.549971145,72903127
2022-05-09,278.816638785,281.876638479,260.383307295,262.369973763,90810219
2022-05-10,273.10330602299996,275.11997248800003,258.083307525,266.679973332,84401648
2022-05-11,264.9999735,269.923306341,242.39997576000002,244.6666422,97224460
2022-05-12,233.6666433,253.219974678,226.666644,242.6666424,140312864
2022-05-13,257.826640884,262.44994042167,250.52164161450003,256.529974347,92150739
2022-05-16,255.719974428,256.586641008,239.69614269705,241.456642521,86098539
2022-05-17,249.119975088,254.826641184,242.949975705,253.869974613,80236118
2022-05-18,248.173308516,253.49997465,233.603309973,236.60330967299998,87811809
2022-05-19,235.6666431,244.6666422,231.369976863,236.473309686,90296679
2022-05-20,237.996642867,240.5273092806,210.9999789,221.29997787,144973334
2022-05-23,218.33997816599998,226.65167733483,212.68664539799997,224.96664417,88903659
2022-05-24,217.843311549,217.97331153599998,206.856645981,209.386645728,89092539
2022-05-25,207.949979205,223.106644356,207.67001256633,219.59997804,92139339
2022-05-26,220.47331128599998,239.55660937767,217.886644878,235.909976409,106003361
2022-05-27,241.083309225,253.26664133999998,240.17700931563002,253.209974679,89294979
2022-05-31,257.946640872,259.59997404,244.743308859,252.753308058,101914390
2022-06-01,251.71997482799998,257.326640934,243.63997563599997,246.78997532100001,77247968
2022-06-02,244.15664225100002,264.209973579,242.06664246000003,258.3333075,93473139
2022-06-03,243.2249756775,247.79660855367,233.41777665822002,234.516643215,112393751
2022-06-06,244.353308898,244.86664218,234.349976565,238.279976172,84204518
2022-06-07,233.9999766,239.996642667,230.093310324,238.88664277799998,72808597
2022-06-08,240.086642658,249.963308337,239.176642749,241.86664248,76210628
2022-06-09,249.339975066,255.54660777867,239.32664273400002,239.706642696,96491320
2022-06-10,235.156643151,239.49997605,227.913310542,232.22997677700002,98090920
2022-06-13,223.16664435,226.63331067,214.68331186499998,215.73664509300002,102767260
2022-06-14,218.286644838,226.329977367,211.736645493,220.889977911,97988800
2022-06-15,220.916644575,235.66327643367,218.149978185,232.9999767,119131962
2022-06-16,222.736644393,225.16664415,208.693312464,213.09997868999997,107390711
2022-06-17,213.43331199,220.96937790305998,213.19664534700001,216.759978324,92641779
2022-06-21,224.60331087299997,243.57734230892999,224.3333109,237.036642963,122792982
2022-06-22,234.503309883,246.83330865,233.826643284,236.086643058,101527270
2022-06-23,237.9049762095,239.31664273500002,228.636643803,235.069976493,104202700
2022-06-24,237.4683095865,246.06664206000002,236.086643058,245.706642096,95770720
2022-06-27,249.36664173,252.069974793,242.56550907678,244.919975508,89178309
2022-06-28,244.483308885,249.969975003,232.34331009899998,232.663310067,90666519
2022-06-29,230.49997695,231.173310216,222.27331110600002,228.489977151,82897268
2022-06-30,224.50997754899998,229.456643721,218.863311447,224.47331088599998,94600449
2022-07-01,226.9999773,230.229976977,222.12001112133,227.263310607,74460457
2022-07-05,222.9999777,233.146643352,216.16667838332998,233.06664336,84779108
2022-07-06,230.779976922,234.56330987700002,227.18664394799998,231.73331016,71853637
2022-07-07,233.91997660799998,245.3616421305,232.209976779,244.543308879,81930698
2022-07-08,242.3333091,254.97994116867,241.16140921719,250.76330825699998,101854090
2022-07-11,252.10330812299998,253.063308027,233.626643304,234.343309899,99509230
2022-07-12,236.846642982,239.77330935600003,228.36831049650002,233.069976693,87930969
2022-07-13,225.49997745,242.05994246067,225.03331083,237.039976296,97954510
2022-07-14,234.89664317700002,238.653309468,229.3333104,238.313309502,78557498
2022-07-15,239.999976,243.62327563767002,236.889976311,240.06664266,69683017
2022-07-18,244.93664217299997,250.516641615,239.60330937299997,240.546642612,82537448
2022-07-19,244.9999755,247.13997528599998,236.97664296899998,245.529975447,80890118
2022-07-20,246.783308655,250.663308267,243.48297565169997,247.49997525,88864089
2022-07-21,255.10664115600002,273.26663934,254.86664118000002,271.706639496,142032194
2022-07-22,276.21997237799997,280.786638588,270.713306262,272.243306109,103472860
2022-07-25,272.216639445,274.146639252,267.39997326,268.43330649,64073526
2022-07-26,266.513306682,267.30993993567,256.26330770699997,258.859974114,66820777
2022-07-27,263.809973619,275.92557240744,261.79000715433,274.819972518,88110009
2022-07-28,280.06663866,283.29997167,272.79997271999997,280.89997191000003,84723008
2022-07-29,280.69997193,298.319970168,279.09997209,297.149970285,95312890
2022-08-01,301.27496987250004,311.87820214551,294.9999705,297.276636939,117042912
2022-08-02,294.003303933,307.83330255,292.6666374,300.586636608,95577490
2022-08-03,304.9999695,309.549969045,301.149969885,307.39663592700003,80091128
2022-08-04,310.9999689,313.60663530600004,304.9999695,308.63330247,72256327
2022-08-05,302.669969733,304.60660287267,285.5446381122,288.169971183,113172911
2022-08-08,294.9999705,305.19996948,289.08537109146,290.42330429099997,99365290
2022-08-09,290.293304304,292.39663742700003,279.353305398,283.333305,86244699
2022-08-10,297.06663696000004,297.509970249,283.369971663,294.35663723100004,94918869
2022-08-11,296.513303682,298.236636843,285.83330475,286.629971337,70155067
2022-08-12,289.4149710585,300.159969984,285.03330483,300.029969997,79657298
2022-08-15,301.786636488,313.13330202,301.22996987700003,309.31996906800003,89359179
2022-08-16,311.6666355,314.6666352,302.883303045,306.563302677,88136319
2022-08-17,303.396636327,309.656635701,300.03330333,303.996636267,68765977
2022-08-18,305.9999694,306.49996935,301.853303148,302.869969713,47500535
2022-08-19,298.9999701,300.359969964,292.49997075,296.666637,61395396
2022-08-22,291.913304142,292.39997076000003,286.296638037,289.913304342,55843356
2022-08-23,291.453304188,298.82660345067,287.923304541,296.453303688,63985056
2022-08-24,297.563303577,303.646636302,296.49997035,297.096636957,57259716
2022-08-25,302.36,302.96,291.6,296.07,53230010
2022-08-26,297.43,302,287.47,288.09,57163950
2022-08-29,282.83,287.74,280.7,284.82,41864740
2022-08-30,287.865,288.48,272.65,277.7,50541760
2022-08-31,280.62,281.25,271.81,275.61,52107340
2022-09-01,272.575,277.58,266.15,277.16,54287020
2022-09-02,281.065,282.35,269.08,270.21,50890090
2022-09-06,272.675,275.99,265.74,274.42,55859980
2022-09-07,273.1,283.84,272.27,283.7,50028920
2022-09-08,281.3,289.5,279.76,289.26,53713120
2022-09-09,291.67,299.85,291.245,299.68,54470850
2022-09-12,300.72,305.49,300.4,304.42,48674600
2022-09-13,292.9,297.3999,290.4,292.13,68229620
2022-09-14,292.24,306,291.64,302.61,72628650
2022-09-15,301.825,309.12,300.7247,303.75,64795520
2022-09-16,299.605,303.71,295.6005,303.35,87087790
2022-09-19,300.09,309.84,297.8,309.07,60231160
2022-09-20,306.91,313.33,305.58,308.73,61642780
2022-09-21,308.29,313.8,300.63,300.8,62555660
2022-09-22,299.86,301.29,285.82,288.59,70545410
2022-09-23,283.09,284.5,272.82,275.33,63748360
2022-09-26,271.83,284.09,270.31,276.01,58076910
2022-09-27,283.84,288.67,277.51,282.94,61925190
2022-09-28,283.08,289,277.57,287.81,54664810
2022-09-29,282.76,283.65,265.78,268.21,77620640
2022-09-30,266.145,275.57,262.47,265.25,67726600
2022-10-03,254.5,255.16,241.01,242.4,98363540
2022-10-04,250.52,257.5,242.01,249.44,109578500
2022-10-05,245.01,246.6697,233.27,240.81,86982670
2022-10-06,239.44,244.58,235.35,238.13,69298440
2022-10-07,233.935,234.5715,222.02,223.07,83916800
2022-10-10,223.93,226.99,218.3582,222.96,67925020
2022-10-11,220.945,225.75,215,216.5,77013200
2022-10-12,215.33,219.2999,211.51,217.24,66860700
2022-10-13,208.3,222.99,206.22,221.72,91483050
2022-10-14,224.01,226.26,204.16,204.99,94124510
2022-10-17,210.04,221.86,209.45,219.35,79428810
2022-10-18,229.5,229.82,217.25,220.19,75891910
2022-10-19,219.8,222.93,217.78,222.04,66571480
2022-10-20,208.28,215.55,202,207.28,117798100
2022-10-21,206.415,214.66,203.8,214.44,75713750
2022-10-24,205.82,213.5,198.5863,211.25,100446800
2022-10-25,210.1,224.3498,210,222.415,96507870
2022-10-26,219.4,230.6,218.2,224.64,85327080
2022-10-27,229.77,233.81,222.85,225.09,61638820
2022-10-28,225.4,228.86,216.35,228.52,69152390
2022-10-31,226.19,229.85,221.94,227.54,61554340
2022-11-01,234.05,237.3951,227.28,227.82,62688820
2022-11-02,226.04,227.8699,214.82,214.98,63070290
2022-11-03,211.36,221.2,210.14,215.31,56538850
2022-11-04,222.6,223.8,203.08,207.47,98622210
2022-11-07,208.65,208.9,196.66,197.08,93916520
2022-11-08,194.02,195.2,186.75,191.3,128803400
2022-11-09,190.775,195.89,177.12,177.59,127062700
2022-11-10,189.9,191,180.03,190.72,132703000
2022-11-11,186,196.52,182.59,195.97,114403600
2022-11-14,192.77,195.73,186.34,190.95,92226650
2022-11-15,195.88,200.8237,192.06,194.42,91293790
2022-11-16,191.51,192.57,185.66,186.92,66567600
2022-11-17,183.96,186.16,180.9,183.17,64335970
2022-11-18,185.05,185.19,176.55,180.19,76048870
2022-11-21,175.85,176.77,167.54,167.87,92882710
2022-11-22,168.63,170.92,166.185,169.91,78452330
2022-11-23,173.57,183.62,172.5,183.2,109536700
2022-11-25,185.06,185.2,180.63,182.86,50672740
2022-11-28,179.96,188.5,179,182.92,93038150
2022-11-29,184.99,186.38,178.75,180.83,83357110
2022-11-30,182.43,194.76,180.6301,194.7,109186400
2022-12-01,197.08,198.92,191.8,194.7,80046210
2022-12-02,191.78,196.25,191.11,194.86,73645920
2022-12-05,189.44,191.27,180.55,182.45,93122670
2022-12-06,181.215,183.65,175.33,179.82,92150820
2022-12-07,175.03,179.38,172.218,174.04,84213280
2022-12-08,172.2,175.2,169.06,173.44,97624490
2022-12-09,173.84,182.5,173.36,179.05,104872300
2022-12-12,176.1,177.37,167.52,167.82,109794500
2022-12-13,174.87,175.05,156.91,160.95,175862700
2022-12-14,159.25,161.62,155.31,156.8,140682300
2022-12-15,153.44,160.9299,153.28,157.67,122334500
2022-12-16,159.635,160.99,150.04,150.23,139032200
2022-12-19,154,155.25,145.82,149.87,139390600
2022-12-20,146.05,148.47,137.66,137.8,159563300
2022-12-21,139.335,141.26,135.89,137.57,145417400
2022-12-22,136,136.63,122.26,125.35,210090300
2022-12-23,126.37,128.6173,121.02,123.15,166989700
2022-12-27,117.495,119.67,108.76,109.1,208643400
2022-12-28,110.35,116.27,108.24,112.71,221070500
2022-12-29,120.385,123.57,117.495,121.82,221923300
2022-12-30,119.95,124.48,119.75,123.18,157777300
2023-01-03,118.47,118.8,104.64,108.1,231402800
2023-01-04,109.11,114.59,107.52,113.64,180389000
2023-01-05,110.51,111.75,107.1601,110.34,157986300
2023-01-06,103,114.39,101.81,113.06,220911100
2023-01-09,118.96,123.52,117.11,119.77,190284000
2023-01-10,121.07,122.76,114.92,118.85,167642500
2023-01-11,122.09,125.95,120.51,123.22,183810800
2023-01-12,122.56,124.1311,117,123.56,169400900
2023-01-13,116.55,122.63,115.6,122.4,180714100
2023-01-17,125.695,131.7,125.02,131.49,186477000
2023-01-18,136.555,136.68,127.01,128.78,195680300
2023-01-19,127.26,129.99,124.3082,127.17,170291900
2023-01-20,128.68,133.51,127.3466,133.42,138858100
2023-01-23,135.87,145.3793,134.27,143.75,203119200
2023-01-24,143,146.5,141.1,143.89,158699100
2023-01-25,141.905,146.41,138.07,144.43,192734300
2023-01-26,159.965,161.42,154.76,160.27,234815100
2023-01-27,162.43,180.68,161.17,177.9,306590600
2023-01-30,178.05,179.77,166.5,166.66,230878800
2023-01-31,164.57,174.3,162.78,173.22,196813500
2023-02-01,173.89,183.805,169.93,181.41,213806300
2023-02-02,187.325,196.7501,182.61,188.27,217448300
2023-02-03,183.95,199,183.69,189.98,232662000
2023-02-06,193.01,198.17,189.92,194.76,186188100
2023-02-07,196.43,197.5,189.55,196.81,186010300
2023-02-08,196.1,203,194.31,201.29,180673600
2023-02-09,207.775,214,204.77,207.32,215431400
2023-02-10,202.225,206.2,192.89,196.89,204754100
2023-02-13,194.415,196.3,187.61,194.64,172475500
2023-02-14,191.94,209.82,189.44,209.25,216455700
2023-02-15,211.755,214.66,206.11,214.24,182108600
2023-02-16,210.78,217.65,201.84,202.04,229586500
2023-02-17,199.985,208.44,197.5,208.31,213738500
2023-02-21,204.99,209.71,197.22,197.37,180018600
2023-02-22,197.93,201.99,191.78,200.86,191828500
2023-02-23,203.91,205.14,196.33,202.07,146360000
2023-02-24,196.325,197.6695,192.8,196.88,142228100
2023-02-27,202.03,209.42,201.26,207.63,161028300
2023-02-28,210.59,211.23,203.75,205.71,153144900
2023-03-01,206.21,207.2,198.52,202.77,156852800
2023-03-02,186.74,193.7499,186.01,190.9,181979200
2023-03-03,194.795,200.48,192.88,197.79,154193300
2023-03-06,198.54,198.6,192.3,193.81,128100100
2023-03-07,191.38,194.2,186.1,187.71,148125800
2023-03-08,185.04,186.5,180,182,151897800
2023-03-09,180.25,185.18,172.5124,172.92,170023800
2023-03-10,175.13,178.29,168.44,173.44,191488900
2023-03-13,167.455,177.35,163.91,174.48,167790300
2023-03-14,177.31,183.8,177.1401,183.26,143717900
2023-03-15,180.8,182.34,176.03,180.45,145995600
2023-03-16,180.365,185.81,178.84,184.13,121374500
2023-03-17,184.515,186.2199,177.33,180.13,133197100
2023-03-20,178.08,186.44,176.35,183.25,129684400
2023-03-21,188.28,198,188.04,197.58,153391400
2023-03-22,199.3,200.66,190.95,191.15,150376400
2023-03-23,195.26,199.31,188.65,192.22,144193900
2023-03-24,191.65,192.36,187.15,190.41,116531600
2023-03-27,194.415,197.39,189.94,191.81,120851600
2023-03-28,192,192.35,185.43,189.19,98654640
2023-03-29,193.13,195.29,189.44,193.88,123660000
2023-03-30,195.58,197.33,194.42,195.28,110252200
2023-03-31,197.53,207.79,197.2,207.46,170222100
2023-04-03,199.91,202.6897,192.2,194.77,169545900
2023-04-04,197.32,198.7446,190.32,192.58,126463800
2023-04-05,190.515,190.68,183.76,185.52,133882500
2023-04-06,183.08,186.39,179.74,185.06,123857900
2023-04-10,179.94,185.1,176.11,184.51,142154600
2023-04-11,186.69,189.19,185.6475,186.79,115770900
2023-04-12,190.74,191.5846,180.31,180.54,150256300
2023-04-13,182.955,186.5,180.94,185.9,112933000
2023-04-14,183.95,186.28,182.01,185,96438660
2023-04-17,186.32,189.69,182.69,187.04,116662200
2023-04-18,187.15,187.69,183.5775,184.31,92067020
2023-04-19,179.1,183.5,177.65,180.59,125732700
2023-04-20,166.165,169.7,160.56,162.99,210970800
2023-04-21,164.8,166,161.3208,165.08,123539000
2023-04-24,164.65,165.65,158.61,162.55,140006600
2023-04-25,159.82,163.47,158.75,160.67,121999300
2023-04-26,160.29,160.67,153.14,153.75,153364100
2023-04-27,152.64,160.48,152.37,160.19,127015200
2023-04-28,160.9,165,157.32,164.31,122515800
2023-05-01,163.17,163.28,158.83,161.83,109015000
2023-05-02,161.88,165.49,158.93,160.31,128259700
2023-05-03,160.01,165,159.91,160.61,119728000
2023-05-04,162.71,162.95,159.65,161.2,95108490
2023-05-05,163.97,170.7899,163.51,170.06,107607300
2023-05-08,173.72,173.8,169.19,171.79,112249400
2023-05-09,168.95,169.82,166.56,169.15,88965040
2023-05-10,172.55,174.43,166.68,168.54,119840700
2023-05-11,168.7,173.57,166.79,172.08,103889900
2023-05-12,176.07,177.38,167.23,167.98,157849600
2023-05-15,167.655,169.76,164.5499,166.35,105592500
2023-05-16,165.65,169.5184,164.35,166.52,98288790
2023-05-17,168.41,174.5,167.185,173.86,125473600
2023-05-18,174.22,177.06,172.45,176.89,109520300
2023-05-19,177.17,181.95,176.31,180.14,136196700
2023-05-22,180.7,189.32,180.11,188.87,132001400
2023-05-23,186.2,192.96,185.26,185.77,156952100
2023-05-24,182.23,184.22,178.22,182.9,137605100
2023-05-25,186.54,186.78,180.58,184.47,96870720
2023-05-26,184.62,198.6,184.53,193.17,162061500
2023-05-30,200.1,204.48,197.53,201.16,128818700
2023-05-31,199.78,203.95,195.12,203.93,150711700
2023-06-01,202.59,209.8,199.37,207.52,148029900
2023-06-02,210.15,217.25,209.752,213.97,164398400
2023-06-05,217.8,221.29,214.52,217.61,151143100
2023-06-06,216.14,221.91,212.53,221.31,146911600
2023-06-07,228,230.8296,223.2,224.57,185710800
2023-06-08,224.22,235.23,223.01,234.86,164489700
2023-06-09,249.07,252.42,242.02,244.4,200242400
2023-06-12,247.94,250.97,244.59,249.83,150740500
2023-06-13,253.51,259.68,251.34,258.71,162384300
2023-06-14,260.17,261.57,250.5,256.79,170575500
2023-06-15,248.4,258.95,247.29,255.9,160171200
2023-06-16,258.92,263.6,257.2091,260.54,167915600
2023-06-20,261.5,274.75,261.12,274.45,165611200
2023-06-21,275.13,276.99,257.78,259.46,211797100
2023-06-22,250.77,265,248.25,264.61,166875900
2023-06-23,259.29,262.45,252.8,256.6,177460800
2023-06-26,250.065,258.37,240.7,241.05,179990600
2023-06-27,243.24,250.3899,240.85,250.21,164968200
2023-06-28,249.7,259.88,248.89,256.24,159770800
2023-06-29,258.03,260.74,253.61,257.5,131283400
2023-06-30,260.6,264.45,259.89,261.77,112620800
2023-07-03,276.49,284.25,275.11,279.82,118999000
2023-07-05,278.82,283.85,277.6,282.48,131530900
2023-07-06,278.09,279.97,272.88,276.54,120707400
2023-07-07,278.43,280.78,273.77,274.43,113879200
2023-07-10,276.47,277.52,265.1,269.61,119425400
2023-07-11,268.65,270.9,266.37,269.79,91972360
2023-07-12,276.325,276.52,271.46,271.99,95672140
2023-07-13,274.59,279.45,270.6,277.9,112681500
2023-07-14,277.01,285.3,276.31,281.38,120062400
2023-07-17,286.625,292.23,283.57,290.38,131569600
2023-07-18,290.15,295.26,286.01,293.34,112434700
2023-07-19,296.04,299.29,289.5201,291.26,142355400
2023-07-20,279.56,280.93,261.2,262.9,175158300
2023-07-21,268,268,255.8,260.02,161796100
2023-07-24,255.85,269.85,254.12,269.06,137005000
2023-07-25,272.38,272.9,265,265.28,112757300
2023-07-26,263.25,268.04,261.75,264.35,95856180
2023-07-27,268.31,269.13,255.3,255.71,103697300
2023-07-28,259.86,267.25,258.2312,266.44,111446000
2023-07-31,267.48,269.08,263.78,267.43,84582170
2023-08-01,266.26,266.47,260.25,261.07,83645720
2023-08-02,255.57,259.52,250.49,254.11,101752900
2023-08-03,252.04,260.49,252,259.32,97829550
2023-08-04,260.97,264.77,253.11,253.86,99539910
2023-08-07,251.45,253.6511,242.76,251.45,111097900
2023-08-08,247.45,250.92,245.01,249.7,96642180
2023-08-09,250.87,251.1,241.9,242.19,101596300
2023-08-10,245.4,251.8,243,245.34,109498600
2023-08-11,241.77,243.79,238.02,242.65,99038640
2023-08-14,235.7,240.66,233.75,239.76,98595330
2023-08-15,238.73,240.5,232.61,232.96,88197600
2023-08-16,228.02,233.97,225.38,225.6,112484500
2023-08-17,226.06,226.74,218.83,219.22,120718400
2023-08-18,214.12,217.58,212.36,215.49,136276600
2023-08-21,221.5512,232.1343,220.58,231.28,135702700
2023-08-22,240.25,240.82,229.55,233.19,130597900
2023-08-23,229.34,238.98,229.29,236.86,101077600
2023-08-24,238.66,238.92,228.1801,230.04,99777430
2023-08-25,231.31,239,230.35,238.59,106612200
2023-08-28,242.58,244.38,235.35,238.82,107673700
2023-08-29,238.58,257.48,237.77,257.18,134047600
2023-08-30,254.2,260.51,250.59,256.9,121988400
2023-08-31,255.98,261.18,255.05,258.08,108861700
2023-09-01,257.26,259.0794,242.01,245.01,132541600
2023-09-05,245,258,244.86,256.49,129469600
2023-09-06,255.135,255.39,245.06,251.92,116959800
2023-09-07,245.07,252.81,243.265,251.49,115312900
2023-09-08,251.22,256.52,246.67,248.5,118559600
2023-09-11,264.27,274.85,260.61,273.58,174667900
2023-09-12,270.76,278.39,266.6,267.48,135999900
2023-09-13,270.07,274.98,268.1,271.3,111673700
2023-09-14,271.32,276.7094,270.42,276.04,107709800
2023-09-15,277.55,278.98,271,274.39,133692300
2023-09-18,271.16,271.44,263.7601,265.28,101543300
2023-09-19,264.35,267.85,261.2,266.5,103704000
2023-09-20,267.04,273.93,262.4606,262.59,122514600
2023-09-21,257.85,260.86,254.21,255.7,119951500
2023-09-22,257.4,257.7888,244.48,244.88,127524100
2023-09-25,243.38,247.1,238.31,246.99,104636600
2023-09-26,242.98,249.55,241.6601,244.12,101993600
2023-09-27,244.262,245.33,234.58,240.5,136597200
2023-09-28,240.02,247.55,238.65,246.38,117058900
2023-09-29,250,254.77,246.35,250.22,128522700
2023-10-02,244.81,254.2799,242.62,251.6,123810400
2023-10-03,248.61,250.02,244.45,246.53,101985300
2023-10-04,248.14,261.86,247.6,261.16,129721600
2023-10-05,260,263.6,256.25,260.05,119159200
2023-10-06,253.98,261.65,250.65,260.53,118121800
2023-10-09,255.31,261.36,252.05,259.67,101377900
2023-10-10,257.75,268.94,257.65,263.62,122656000
2023-10-11,266.2,268.6,260.9,262.99,103706300
2023-10-12,262.92,265.41,256.6307,258.87,111508100
2023-10-13,258.9,259.6,250.22,251.12,102296800
2023-10-16,250.05,255.3999,248.48,253.92,88917180
2023-10-17,250.1,257.183,247.08,254.85,93562910
2023-10-18,252.7,254.63,242.08,242.68,125147800
2023-10-19,225.95,230.61,216.78,220.11,170772700
2023-10-20,217.01,218.8606,210.42,211.99,138010100
2023-10-23,210,216.98,202.51,212.08,150683400
2023-10-24,216.5,222.05,214.11,216.52,118231100
2023-10-25,215.88,220.1,212.2,212.42,107065100
2023-10-26,211.32,214.8,204.88,205.76,115112600
2023-10-27,210.6,212.41,205.77,207.3,94881170
2023-10-30,209.28,210.88,194.67,197.36,136448200
2023-10-31,196.12,202.8,194.07,200.84,118068300
2023-11-01,204.04,205.99,197.85,205.66,121661700
2023-11-02,212.97,219.2,211.45,218.51,125987600
2023-11-03,221.15,226.3701,218.4,219.96,119534800
2023-11-06,223.98,226.32,215,219.27,117335800
2023-11-07,219.98,223.12,215.72,222.18,116900100
2023-11-08,223.15,224.15,217.64,222.11,106584800
2023-11-09,219.75,220.8,206.68,209.98,142110500
2023-11-10,210.03,215.38,205.69,214.65,131310100
2023-11-13,215.6,225.4,211.6101,223.71,140447600
2023-11-14,235.03,238.135,230.72,237.41,149771600
2023-11-15,239.29,246.7,236.45,242.84,150354000
2023-11-16,239.49,240.88,230.96,233.59,136816800
2023-11-17,232,237.39,226.54,234.3,142766200
2023-11-20,234.04,237.1,231.02,235.6,116562400
2023-11-21,235.04,243.62,233.34,241.2,122288000
2023-11-22,242.04,244.01,231.4,234.21,118117100
2023-11-24,233.75,238.75,232.33,235.45,65125200
2023-11-27,236.89,238.33,232.1,236.08,112031800
2023-11-28,236.68,247,234.01,246.72,148549900
2023-11-29,249.21,252.75,242.76,244.14,135401300
2023-11-30,245.14,245.22,236.91,240.08,132353200
2023-12-01,233.14,240.19,231.9,238.83,121331700
2023-12-04,235.75,239.3733,233.2902,235.58,104099800
2023-12-05,233.87,246.66,233.7,238.72,137971100
2023-12-06,242.92,246.57,239.1709,239.37,126436200
2023-12-07,241.55,244.08,236.98,242.64,107142300
2023-12-08,240.27,245.27,239.2701,243.84,103126800
2023-12-11,242.74,243.441,237.45,239.74,97913890
2023-12-12,238.55,238.99,233.87,237.01,95328310
2023-12-13,234.19,240.3,228.2,239.29,146286300
2023-12-14,241.22,253.88,240.79,251.05,160829200
2023-12-15,251.21,254.13,248.3,253.5,135932800
2023-12-18,253.78,258.74,251.36,252.08,116416500
2023-12-19,253.48,258.3399,253.01,257.22,106737400
2023-12-20,256.41,259.84,247,247.14,125097000
2023-12-21,251.9,254.7999,248.55,254.5,109594200
2023-12-22,256.76,258.22,251.37,252.54,93370090
2023-12-26,254.49,257.97,252.91,256.61,86892380
2023-12-27,258.35,263.34,257.52,261.44,106494400
2023-12-28,263.66,265.13,252.71,253.18,113619900
2023-12-29,255.1,255.19,247.43,248.48,100891600
2024-01-02,250.08,251.25,244.41,248.42,104654200
2024-01-03,244.98,245.68,236.32,238.45,121082600
2024-01-04,239.25,242.7,237.73,237.93,102629300
2024-01-05,236.86,240.1196,234.9001,237.49,92488940
2024-01-08,236.14,241.25,235.3,240.45,85166580
2024-01-09,238.11,238.9646,232.04,234.96,96705660
2024-01-10,235.1,235.5,231.29,233.94,91628500
2024-01-11,230.57,230.93,225.37,227.22,105873600
2024-01-12,220.08,225.34,217.1501,218.89,123043800
2024-01-16,215.1,223.49,212.18,219.91,115355000
2024-01-17,214.86,215.67,212.01,215.55,103164400
2024-01-18,216.88,217.45,208.74,211.88,108595400
2024-01-19,209.99,213.19,207.56,212.19,102260300
2024-01-22,212.26,217.8,206.27,208.8,117952500
2024-01-23,211.3,215.65,207.7516,209.14,106605900
2024-01-24,211.88,212.73,206.77,207.83,123369900
2024-01-25,189.7,193,180.06,182.63,198076800
2024-01-26,185.5,186.78,182.1,183.25,107343200
2024-01-29,185.63,191.48,183.67,190.93,125013100
2024-01-30,195.33,196.3593,190.61,191.59,109982300
2024-01-31,186.995,193.97,185.8459,187.29,103221400
2024-02-01,188.5,189.88,184.28,188.86,91843280
2024-02-02,185.04,188.69,182,187.91,110612700
2024-02-05,184.26,184.68,175.01,181.06,134294400
2024-02-06,177.21,186.49,177.11,185.1,122676000
2024-02-07,188.18,189.79,182.68,187.58,111535200
2024-02-08,189,191.6171,185.58,189.56,83034040
2024-02-09,190.18,194.12,189.48,193.57,84476350
2024-02-12,192.11,194.73,187.28,188.13,95498600
2024-02-13,183.99,187.26,182.1087,184.02,86759480
2024-02-14,185.3,188.89,183.35,188.71,81202990
2024-02-15,189.16,200.88,188.8595,200.45,120831800
2024-02-16,202.06,203.17,197.4,199.95,111346700
2024-02-20,196.13,198.6,189.13,193.76,104545800
2024-02-21,193.36,199.44,191.95,194.77,103844000
2024-02-22,194,198.32,191.36,197.41,92739460
2024-02-23,195.31,197.57,191.5,191.97,78841920
2024-02-26,192.29,201.78,192,199.4,111747100
2024-02-27,204.04,205.6,198.26,199.73,108645400
2024-02-28,200.42,205.3,198.44,202.04,99806170
2024-02-29,204.18,205.28,198.4463,201.88,85906970
2024-03-01,200.52,204.52,198.5,202.64,82243120
2024-03-04,198.73,199.75,186.72,188.14,134334900
2024-03-05,183.05,184.59,177.57,180.74,119660800
2024-03-06,179.99,181.576,173.7,176.54,107920900
2024-03-07,174.35,180.04,173.7,178.65,102129000
2024-03-08,181.5,182.73,174.7,175.34,85544640
2024-03-11,175.445,182.87,174.8,177.77,85391530
2024-03-12,177.77,179.43,172.4101,177.54,87391680
2024-03-13,173.05,176.05,169.15,169.48,106524500
2024-03-14,167.77,171.17,160.51,162.5,126325700
2024-03-15,163.16,165.1845,160.76,163.57,97146830
2024-03-18,170.02,174.72,165.9,173.8,108214400
2024-03-19,172.36,172.82,167.42,171.32,77271430
2024-03-20,173,176.25,170.82,175.66,83846730
2024-03-21,176.39,178.18,171.8,172.82,73178010
2024-03-22,166.69,171.2,166.3,170.83,75580640
2024-03-25,168.76,175.24,168.73,172.63,74228620
2024-03-26,178.58,184.25,177.38,177.67,113186200
2024-03-27,181.41,181.91,176,179.83,81804040
2024-03-28,177.45,179.57,175.3,175.79,77654840
2024-04-01,176.17,176.75,170.21,175.22,81562130
2024-04-02,164.75,167.69,163.43,166.63,116650600
2024-04-03,164.02,168.82,163.28,168.38,82950140
2024-04-04,170.07,177.19,168.01,171.11,123162000
2024-04-05,169.08,170.86,160.51,164.9,143157600
2024-04-08,169.34,174.5,167.79,172.98,104423300
2024-04-09,172.91,179.22,171.92,176.88,103232700
2024-04-10,173.04,174.93,170.01,171.76,84532410
2024-04-11,172.55,175.88,168.51,174.6,94515990
2024-04-12,172.34,173.8099,170.3644,171.05,64722670
2024-04-15,170.24,170.69,161.38,161.48,100245300
2024-04-16,156.742,158.19,153.75,157.11,96999960
2024-04-17,157.64,158.33,153.78,155.45,82439720
2024-04-18,151.25,152.2,148.7,149.93,96098830
2024-04-19,148.97,150.94,146.22,147.05,87074500
2024-04-22,140.56,144.44,138.8025,142.05,107097600
2024-04-23,143.33,147.26,141.11,144.68,124545100
2024-04-24,162.84,167.97,157.51,162.13,181178000
2024-04-25,158.96,170.88,158.36,170.18,126427500
2024-04-26,168.85,172.12,166.37,168.29,109815700
2024-04-29,188.42,198.87,184.54,194.05,243869700
2024-04-30,186.98,190.95,182.8401,183.28,127031800
2024-05-01,182,185.86,179.01,179.99,92829720
2024-05-02,182.86,184.6,176.02,180.01,89148040
2024-05-03,182.1,184.78,178.42,181.19,75491540
2024-05-06,183.8,187.56,182.2,184.76,84390250
2024-05-07,182.4,183.26,177.4,177.81,75045850
2024-05-08,171.59,176.06,170.15,174.72,79969490
2024-05-09,175.01,175.62,171.37,171.97,65950290
2024-05-10,173.05,173.0599,167.75,168.47,72627180
2024-05-13,170,175.4,169,171.89,67018900
2024-05-14,174.496,179.49,174.07,177.55,86407420
2024-05-15,179.9,180,173.11,173.99,79662990
2024-05-16,174.1,175.79,171.43,174.84,59812220
2024-05-17,173.55,179.63,172.75,177.46,77445850
2024-05-20,177.56,177.754,173.52,174.95,61727430
2024-05-21,175.51,186.875,174.71,186.6,115266500
2024-05-22,182.85,183.8,178.12,180.11,88313480
2024-05-23,181.8,181.9,173.26,173.74,71975500
2024-05-24,174.835,180.08,173.73,179.24,65584480
2024-05-28,176.4,178.25,173.16,176.75,59736620
2024-05-29,174.19,178.15,173.93,176.19,54782650
2024-05-30,178.575,182.67,175.38,178.79,77784760
2024-05-31,178.5,180.32,173.82,178.08,67314600
2024-06-03,178.13,182.6389,174.49,176.29,68568920
2024-06-04,174.775,177.755,174,174.77,60056340
2024-06-05,175.35,176.15,172.13,175,57953760
2024-06-06,174.6,179.73,172.73,177.94,69887020
2024-06-07,176.13,179.35,175.58,177.48,56244930
2024-06-10,176.06,178.57,173.17,173.79,50869680
2024-06-11,173.92,174.75,167.41,170.66,64761930
2024-06-12,171.12,180.55,169.8,177.29,90389450
2024-06-13,188.39,191.08,181.23,182.47,118984100
2024-06-14,185.8,186,176.92,178.01,82038190
2024-06-17,177.92,188.81,177,187.44,109786100
2024-06-18,186.56,187.2,182.37,184.86,68982270
2024-06-20,184.68,185.21,179.66,181.57,55893140
2024-06-21,182.3,183.95,180.69,183.01,63029480
2024-06-24,184.97,188.8,182.55,182.58,61992070
2024-06-25,184.4,187.97,182.01,187.35,63678270
2024-06-26,186.54,197.755,186.36,196.37,95737070
2024-06-27,195.17,198.72,194.05,197.42,72746520
2024-06-28,199.55,203.2,195.26,197.88,95438070
2024-07-01,201.02,213.23,200.85,209.86,135691400
2024-07-02,218.89,231.3,218.06,231.26,205047900
2024-07-03,234.56,248.35,234.25,246.39,166561500
2024-07-05,249.81,252.37,242.4601,251.52,154501200
2024-07-08,247.71,259.439,244.57,252.94,157219600
2024-07-09,251,265.61,250.3,262.33,160742500
2024-07-10,262.8,267.59,257.86,263.26,128519400
2024-07-11,263.3,271,239.65,241.03,221707300
2024-07-12,235.8,251.84,233.0912,248.23,155955800
2024-07-15,255.97,265.6,251.73,252.64,146912900
2024-07-16,255.31,258.62,245.8001,256.56,126332500
2024-07-17,252.73,258.47,246.182,248.5,115584800
2024-07-18,251.09,257.14,247.2,249.23,110869000
2024-07-19,247.79,249.44,236.83,239.2,87403900
2024-07-22,244.21,253.21,243.75,251.51,101225400
2024-07-23,253.6,255.7594,245.63,246.38,111928200
2024-07-24,225.42,225.99,214.71,215.99,167942900
2024-07-25,216.8,226,216.231,220.25,100636500
2024-07-26,221.19,222.2799,215.33,219.8,94604150
2024-07-29,224.9,234.27,224.7,232.1,129201800
2024-07-30,232.25,232.41,220,222.62,100560300
2024-07-31,227.9,234.68,226.7875,232.07,67497010
2024-08-01,227.69,231.867,214.3328,216.86,83861900
2024-08-02,214.88,216.13,205.78,207.67,82880120
2024-08-05,185.22,203.8799,182,198.88,100308800
2024-08-06,200.75,202.9,192.67,200.64,73783940
2024-08-07,200.77,203.49,191.48,191.76,71159780
2024-08-08,195.7,200.7,192.04,198.84,65033870
2024-08-09,197.05,200.88,195.11,200,58648270
2024-08-12,199.02,199.26,194.67,197.49,64044900
2024-08-13,198.47,208.49,197.06,207.83,76247390
2024-08-14,207.39,208.44,198.75,201.38,70250010
2024-08-15,205.02,215.88,204.82,214.14,89848530
2024-08-16,211.15,219.8,210.8,216.12,88765120
2024-08-19,217.07,222.98,214.09,222.72,76435220
2024-08-20,224.88,228.22,219.56,221.1,74001180
2024-08-21,222.67,224.6594,218.86,223.27,70145960
2024-08-22,223.82,224.8,210.32,210.66,79514480
2024-08-23,214.455,221.48,214.21,220.32,81525210
2024-08-26,218.75,219.09,211.01,213.21,59301190
2024-08-27,213.25,215.66,206.94,209.21,62821390
2024-08-28,209.72,211.84,202.59,205.75,64116350
2024-08-29,209.8,214.89,205.97,206.28,62308820
2024-08-30,208.63,214.5701,207.03,214.11,63370610
2024-09-03,215.26,219.9043,209.64,210.6,76714220
2024-09-04,210.59,222.22,210.57,219.41,80651770
2024-09-05,223.49,235,222.25,230.17,119355000
2024-09-06,232.6,233.6,210.51,210.73,112177000
2024-09-09,216.2,219.87,213.67,216.27,67443520
2024-09-10,220.07,226.4,218.6377,226.17,78891140
2024-09-11,224.55,228.47,216.8003,228.13,83548630
2024-09-12,224.66,231.45,223.83,229.81,72020040
2024-09-13,228,232.67,226.32,230.29,59515110
2024-09-16,229.3,229.96,223.53,226.78,54323000
2024-09-17,229.45,234.57,226.5533,227.87,66761640
2024-09-18,230.09,235.68,226.88,227.2,78010200
2024-09-19,234,244.24,232.13,243.92,102694600
2024-09-20,241.52,243.99,235.92,238.25,99879070
2024-09-23,242.61,250,241.92,250,86927190
2024-09-24,254.08,257.19,249.0501,254.27,88491000
2024-09-25,252.54,257.05,252.28,257.02,65034320
2024-09-26,260.6,261.75,251.53,254.22,67142190
2024-09-27,257.375,260.6999,254.12,260.46,70988070
2024-09-30,259.04,264.86,255.77,261.63,80873380
2024-10-01,262.67,263.98,248.53,258.02,87397610
2024-10-02,247.55,251.1585,241.5,249.02,93983930
2024-10-03,244.48,249.79,237.81,240.66,80729240
2024-10-04,246.69,250.96,244.58,250.08,86726290
2024-10-07,249,249.83,240.7,240.83,68113270
2024-10-08,243.56,246.21,240.56,244.5,56303160
2024-10-09,243.82,247.43,239.51,241.05,66289530
2024-10-10,241.81,242.7899,232.34,238.77,83087060
2024-10-11,220.13,223.34,214.38,217.8,142628900
2024-10-14,220.13,221.91,213.74,219.16,86291920
2024-10-15,220.01,224.26,217.12,219.57,62988790
2024-10-16,221.4,222.8199,218.93,221.33,49632820
2024-10-17,221.59,222.08,217.9,220.89,50791780
2024-10-18,220.71,222.28,219.23,220.7,49611870
2024-10-21,218.9,220.48,215.726,218.85,47328990
2024-10-22,217.31,218.22,215.26,217.97,43268740
2024-10-23,217.125,218.72,212.11,213.65,80938890
2024-10-24,244.68,262.1199,242.65,260.48,204491900
2024-10-25,256.01,269.49,255.32,269.19,161611900
2024-10-28,270,273.536,262.24,262.51,107653600
2024-10-29,264.51,264.98,255.51,259.52,80521750
2024-10-30,258.035,263.35,255.8201,257.55,53993580
2024-10-31,257.99,259.75,249.25,249.85,66575290
2024-11-01,252.043,254,246.63,248.98,57544760
2024-11-04,244.56,248.9,238.88,242.84,68802350
2024-11-05,247.34,255.2799,246.2101,251.44,69282510
2024-11-06,284.67,289.59,275.62,288.53,165228700
2024-11-07,288.89,299.75,285.52,296.91,117309200
2024-11-08,299.14,328.71,297.66,321.22,204782800
2024-11-11,346.3,358.64,336,350,210521600
2024-11-12,342.74,345.84,323.31,328.49,155726000
2024-11-13,335.85,344.5999,322.5,330.24,125405600
2024-11-14,327.69,329.98,310.37,311.18,120726100
2024-11-15,310.57,324.6799,309.22,320.72,114440300
2024-11-18,340.73,348.5499,330.01,338.74,126547500
2024-11-19,335.76,347.3799,332.75,346,88852450
2024-11-20,345,346.5999,334.3,342.03,66340650
2024-11-21,343.81,347.9899,335.28,339.64,58011720
2024-11-22,341.085,361.53,337.7,352.56,89140720
2024-11-25,360.14,361.93,338.2,338.59,95890900
2024-11-26,341,346.96,335.66,338.23,62295860
2024-11-27,341.8,342.55,326.59,332.89,57896440
2024-11-29,336.08,345.45,334.6501,345.16,37167620
2024-12-02,352.38,360,351.1501,357.09,77986480
2024-12-03,351.8,355.69,348.2,351.42,58267200
2024-12-04,353,358.1,348.6,357.93,50810870
2024-12-05,359.87,375.43,359.5,369.49,81403570
2024-12-06,377.42,389.49,370.8,389.22,81455830
2024-12-09,397.61,404.8,378.01,389.79,96359170
2024-12-10,392.68,409.73,390.85,400.99,97563580
2024-12-11,409.7,424.88,402.38,424.77,104287600
2024-12-12,424.84,429.3,415,418.1,87752230
2024-12-13,420,436.3,415.71,436.23,89000160
2024-12-16,441.09,463.19,436.15,463.02,114083800
2024-12-17,475.9,483.99,457.5101,479.86,131223000
2024-12-18,466.495,488.5399,427.01,440.13,149340800
2024-12-19,451.88,456.36,420.02,436.17,118566100
2024-12-20,425.505,447.08,417.64,421.06,132216200
2024-12-23,431,434.51,415.4112,430.6,72698060
2024-12-24,435.9,462.78,435.14,462.28,59551750
2024-12-26,465.16,465.3299,451.02,454.13,76651210
2024-12-27,449.52,450,426.5,431.66,82666820
2024-12-30,419.4,427,415.75,417.41,64941010
2024-12-31,423.79,427.93,402.54,403.84,76825120
2025-01-02,390.1,392.7299,373.04,379.28,109710700
2025-01-03,381.48,411.8799,379.45,410.44,95423330
2025-01-06,423.2,426.43,401.7,411.05,85516530
2025-01-07,405.83,414.33,390,394.36,75699530
2025-01-08,392.95,402.4999,387.4,394.94,73038810
2025-01-10,391.4,399.28,377.29,394.74,62287330
2025-01-13,383.21,403.79,380.07,403.31,67580490
2025-01-14,414.34,422.64,394.54,396.36,84565020
2025-01-15,409.9,429.8,405.661,428.22,81375460
2025-01-16,423.49,424,409.13,413.82,68335150
2025-01-17,421.5,439.74,419.75,426.5,94991430
2025-01-21,432.64,433.2,406.31,424.07,87320890
2025-01-22,416.81,428,414.59,415.11,60963340
2025-01-23,416.06,420.73,408.95,412.38,50690590
2025-01-24,414.45,418.88,405.78,406.58,56427150
2025-01-27,394.8,406.69,389,397.15,58125510
2025-01-28,396.91,400.59,386.5,398.09,48910680
2025-01-29,395.21,398.5899,384.48,389.1,68033650
2025-01-30,410.78,412.5,384.41,400.28,98092880
2025-01-31,401.53,419.99,401.34,404.6,83568220
2025-02-03,386.68,389.17,374.36,383.68,93732120
2025-02-04,382.63,394,381.4,392.21,57072240
2025-02-05,387.51,388.39,375.53,378.17,57614720
2025-02-06,373.03,375.4,363.18,374.32,77918230
2025-02-07,370.19,380.5459,360.34,361.62,70298260
2025-02-10,356.21,362.7,350.51,350.73,77514900
2025-02-11,345.8,349.37,325.1,328.5,118543400
2025-02-12,329.94,346.4,329.12,336.51,105382700
2025-02-13,345,358.69,342.85,355.94,89441520
2025-02-14,360.62,362,347.5,355.84,68277280
2025-02-18,355.01,359.1,350.02,354.11,51631700
2025-02-19,354,367.34,353.67,360.56,67094370
2025-02-20,361.51,362.3,348,354.4,45965350
2025-02-21,353.44,354.98,334.42,337.8,74058650
2025-02-24,338.14,342.3973,324.7,330.53,76052320
2025-02-25,327.025,328.89,297.2512,302.8,134228800
2025-02-26,303.715,309,288.04,290.8,100118300
2025-02-27,291.16,297.23,280.88,281.95,101748200
2025-02-28,279.5,293.88,273.6,292.98,115697000
2025-03-03,300.34,303.94,277.3,284.65,115551400
2025-03-04,270.93,284.35,261.8401,272.04,126706600
2025-03-05,272.92,279.55,267.71,279.1,94042910
2025-03-06,272.06,272.65,260.02,263.45,98451570
2025-03-07,259.32,266.2499,250.73,262.67,102369600
2025-03-10,252.535,253.37,220,222.15,189076900
2025-03-11,225.305,237.0649,217.02,230.58,174896400
2025-03-12,247.22,251.84,241.1,248.09,142215700
2025-03-13,248.125,248.29,232.6,240.68,114813500
2025-03-14,247.31,251.58,240.73,249.98,100242300
2025-03-17,245.055,245.4,232.8,238.01,111900600
2025-03-18,228.155,230.1,222.28,225.31,111477600
2025-03-19,231.61,241.41,229.201,235.86,111993800
2025-03-20,233.345,238,230.0501,236.26,99028270
2025-03-21,234.985,249.52,234.55,248.71,132728700
2025-03-24,258.075,278.64,256.33,278.39,169079900
2025-03-25,283.6,288.2,271.28,288.14,150361500
2025-03-26,282.66,284.9,266.51,272.06,156254400
2025-03-27,272.48,291.85,271.8216,273.13,162572100
2025-03-28,275.575,276.1,260.57,263.55,123809400
2025-03-31,249.31,260.56,243.3601,259.16,134008900
2025-04-01,263.8,277.45,259.25,268.46,146486900
2025-04-02,254.6,284.99,251.27,282.76,212787800
2025-04-03,265.29,276.3,261.51,267.28,136174300
2025-04-04,255.38,261,236,239.43,181229400
2025-04-07,223.78,252,214.25,233.29,183453800
2025-04-08,245,250.44,217.8,221.86,171603500
2025-04-09,224.69,274.69,223.88,272.2,219433400
2025-04-10,260,262.49,239.33,252.4,181722600
2025-04-11,251.84,257.74,241.3629,252.31,128948100
2025-04-14,258.36,261.8,245.93,252.35,100135200
2025-04-15,249.91,258.75,247.54,254.11,79594320
2025-04-16,247.61,251.97,233.89,241.55,112378700
2025-04-17,243.47,244.34,237.6833,241.37,83404780
2025-04-21,230.26,232.21,222.79,227.5,97768010
2025-04-22,230.96,242.79,229.8501,237.97,120858500
2025-04-23,254.86,259.4499,244.43,250.74,150381900
2025-04-24,250.5,259.54,249.2,259.51,94464200
2025-04-25,261.69,286.85,259.63,284.95,167560700
2025-04-28,288.98,294.86,272.42,285.88,151731800
2025-04-29,285.5,293.32,279.4695,292.03,108906600
2025-04-30,279.9,284.45,270.78,282.16,128961100
2025-05-01,280.01,290.8688,279.81,280.52,99658970
2025-05-02,284.9,294.78,279.81,287.21,114454700
2025-05-05,284.57,284.849,274.4,280.26,94618880
2025-05-06,273.105,277.73,271.35,275.35,76715790
2025-05-07,276.88,277.92,271,276.22,71882410
2025-05-08,279.63,289.8,279.41,284.82,97539450
2025-05-09,290.21,307.04,290,298.26,132387800
2025-05-12,321.99,322.21,311.5,318.38,112826700
2025-05-13,320,337.5894,316.8,334.07,136992600
2025-05-14,342.5,350,337,347.68,136997300
2025-05-15,340.34,346.1393,334.7153,342.82,97882600
2025-05-16,346.24,351.62,342.33,349.98,95895670
2025-05-19,336.3,343,333.37,342.09,88869850
2025-05-20,347.87,354.9899,341.63,343.82,131715500
2025-05-21,344.43,347.35,332.2,334.62,102354800
2025-05-22,331.9,347.27,331.39,341.04,97113420
2025-05-23,337.92,343.18,333.21,339.34,84654820
2025-05-27,347.35,363.79,347.32,362.89,120146400
2025-05-28,364.84,365,355.91,356.9,91404310
2025-05-29,365.29,367.71,356,358.43,88545670
2025-05-30,355.52,363.68,345.29,346.46,123474900
2025-06-02,343.5,348.02,333.33,342.69,81873830
2025-06-03,346.595,355.4,343.04,344.27,99324540
2025-06-04,345.095,345.6,327.3308,332.05,98912080
2025-06-05,322.49,324.5499,273.21,284.7,292818700
2025-06-06,298.83,305.5,291.14,295.14,164747700
2025-06-09,285.955,309.83,281.85,308.58,140908900
2025-06-10,314.94,327.83,310.667,326.09,151256500
2025-06-11,334.395,335.5,322.5,326.43,122611400
2025-06-12,323.075,332.56,316.86,319.11,105127500
2025-06-13,313.97,332.99,313.3,325.31,128964300
2025-06-16,331.29,332.05,326.41,329.13,83925860
2025-06-17,326.09,327.26,314.74,316.35,88282670
2025-06-18,317.31,329.32,315.45,322.05,95137690
2025-06-20,327.95,332.36,317.78,322.16,108688000
2025-06-23,327.54,357.54,327.48,348.68,190716800
2025-06-24,356.17,356.26,340.44,340.47,114736200
2025-06-25,342.7,343,320.4,327.55,119845100
2025-06-26,324.61,331.05,323.61,325.78,80440910
2025-06-27,324.51,329.3393,317.495,323.63,89067050
2025-06-30,319.9,325.5799,316.6,317.66,76695080
2025-07-01,298.46,305.89,293.21,300.71,145085700
2025-07-02,312.63,316.832,303.82,315.65,119483700
2025-07-03,317.99,318.45,312.76,315.35,58042300
2025-07-07,291.37,296.15,288.7701,293.94,131177900
2025-07-08,297,304.0499,294.35,297.81,103246700
2025-07-09,297.55,300.15,293.55,295.88,75586770
2025-07-10,300.05,310.48,300,309.87,104365300
2025-07-11,307.89,314.09,305.65,313.51,79236440
2025-07-14,317.73,322.5986,312.67,316.9,78043430
2025-07-15,319.675,321.2,310.5,310.78,77556350
2025-07-16,312.8,323.5,312.62,321.67,97284790
2025-07-17,323.15,324.34,317.0601,319.41,73922870
2025-07-18,321.66,330.9,321.42,329.65,94254990
2025-07-21,334.4,338,326.88,328.49,75768800
2025-07-22,329.74,335.4098,321.55,332.11,77370370
2025-07-23,330.9,336.2,328.67,332.56,92553760
2025-07-24,310,310.15,300.41,305.3,156966000
2025-07-25,308.74,323.63,308.01,316.06,148227000
2025-07-28,318.45,330.49,315.69,325.59,112673800
2025-07-29,325.55,326.25,318.25,321.2,87358860
2025-07-30,322.18,324.4499,311.6164,319.04,83931940
2025-07-31,319.605,321.37,306.1,308.27,85270920
2025-08-01,306.205,309.31,297.82,302.63,89121450
2025-08-04,309.08,312.1186,303.0001,309.26,78683910
2025-08-05,308.95,312.4499,305.5,308.72,57961280
2025-08-06,307.89,320.47,306.9345,319.91,78523580
2025-08-07,319.79,322.4,316.16,322.27,66658670
2025-08-08,321.43,335.15,320.98,329.65,91200320
2025-08-11,335,346.64,334.15,339.03,105320200
2025-08-12,345,345.26,332.94,340.84,80690110
2025-08-13,341.5,348.98,338.2,339.38,67838890
2025-08-14,335.76,340.4699,330.4,335.58,75000660
2025-08-15,337.655,339.3,327.02,330.56,74319790
2025-08-18,329.62,336.27,329.59,335.16,56956550
2025-08-19,335.79,340.55,327.85,329.31,75956000
2025-08-20,329.22,331.37,314.6,323.9,77481770
2025-08-21,322.08,324.9,318.68,320.11,55744450
2025-08-22,321.66,340.25,319.69,340.01,94016350
2025-08-25,338.9,349.53,335.03,346.6,86670040
2025-08-26,344.93,351.9,343.72,351.67,76651550
2025-08-27,351.94,355.39,349.156,349.6,65519010
2025-08-28,350.91,353.55,340.26,345.98,67903220
2025-08-29,347.23,348.7499,331.7,333.87,81145660
2025-09-02,328.23,333.33,325.6,329.36,58391950
2025-09-03,335.2,343.33,328.51,334.09,88733290
2025-09-04,336.15,338.89,331.48,338.53,60711030
2025-09-05,348,355.87,344.6801,350.84,108989800
2025-09-08,354.64,358.44,344.84,346.4,75208290
2025-09-09,348.44,350.77,343.82,346.97,53815990
2025-09-10,350.55,356.33,346.07,347.79,72121680
2025-09-11,350.17,368.99,347.6,368.81,103756000
2025-09-12,370.94,396.6899,370.24,395.94,168156400
2025-09-15,423.13,425.7,402.43,410.04,163823700
2025-09-16,414.495,423.25,411.43,421.62,104285700
2025-09-17,415.75,428.3121,409.67,425.86,106133500
2025-09-18,428.865,432.2199,416.56,416.85,90454510
2025-09-19,421.82,429.47,421.72,426.07,93131030
2025-09-22,431.11,444.98,429.13,434.21,97108780
2025-09-23,439.88,440.97,423.72,425.85,83422690
2025-09-24,429.83,444.21,429.0301,442.79,93133570
2025-09-25,435.24,435.35,419.08,423.39,96746430
2025-09-26,428.3,440.47,421.02,440.4,101628200
2025-09-29,444.35,450.98,439.5,443.21,79491510
2025-09-30,441.52,445,433.12,444.72,74357960
