date,open,high,low,close,volume
2019-01-02,30.546663612,31.216663545000003,30.546663612,31.113330222000002,24445784
2019-01-03,31.069996893,31.569996843,30.899996910000002,30.953330238,24960077
2019-01-04,31.069996893,31.219996878,30.896663576999998,31.146663552,23752760
2019-01-07,31.206663546,31.723330161,31.059996894,31.513330182,22899785
2019-01-08,31.686663498,31.918330141499997,31.303330202999998,31.73333016,21465116
2019-01-09,31.903330142999998,32.046663462,31.589996840999998,31.629996837,18780815
2019-01-10,31.293330204,31.659996834,31.040030229329997,31.653330167999997,27608490
2019-01-11,31.663330166999998,31.763330157000002,31.516663514999998,31.613330172,15852167
2019-01-14,31.493330184,31.816663485,31.426663524,31.649996835,21116045
2019-01-15,31.823330151,32.19999678,31.793330154,32.083330125,20718968
2019-01-16,31.976663469000002,32.286663438,31.9416634725,32.116663455,16006247
2019-01-17,32.106663456,32.403330093,32.053330128,32.246663442,14534176
2019-01-18,32.316663435,32.7329967267,32.283330105,32.576663409,18267995
2019-01-22,32.383330095000005,32.809996719000004,32.259996774,32.496663417,22618214
2019-01-23,32.956663371000005,33.116663355,32.509996749,32.903330043,24354716
2019-01-24,32.73333006,32.819996718,32.143330119000005,32.786663388,22821047
2019-01-25,32.916663375,32.969996703,32.249996775,32.313330102,21654602
2019-01-28,32.176663449,32.356663430999994,32.026663464,32.353330098,17369459
2019-01-29,32.256663441,32.386163428050004,32.169996783,32.236663443,15459269
2019-01-30,32.226663444,32.26666344,31.419996858,31.59999684,35435314
2019-01-31,31.543330178999998,32.289996771,31.543330178999998,31.943330139,43995064
2019-02-01,31.973330136,31.999996799999998,31.036663563,31.286663538,37462564
2019-02-04,31.286663538,31.589996840999998,31.116663555,31.589996840999998,21756320
2019-02-05,31.749996825,31.979996802,31.673330166,31.86666348,17817515
2019-02-06,31.809996819000002,32.003330133,31.739996826,31.879996812,12790960
2019-02-07,31.703330163,32.273330105999996,31.6666635,32.243330109,21029645
2019-02-08,32.113330122,32.229996777,31.713330162,31.859996814,15463451
2019-02-11,31.883330145000002,32.116663455,31.879996812,32.06666346,16174031
2019-02-12,32.273330105999996,32.389996761,32.16666345,32.323330100999996,16787855
2019-02-13,32.43333009,32.6666634,32.363330097,32.646663402,16216316
2019-02-14,32.559996744,33.06666336,32.339996766,32.839996716,21587975
2019-02-15,32.993330034,33.33333,32.951663371500004,33.329996666999996,28409988
2019-02-19,34.126663254,34.726663194000004,34.023329931,34.06666326,62041326
2019-02-20,33.936663273,34.11329658867,32.883330045,33.293330004,51890645
2019-02-21,33.219996678,33.306996669300005,32.969996703,33.129996687,19122617
2019-02-22,33.273330005999995,33.386663328,33.046663362,33.183330014999996,24253463
2019-02-25,33.373329996,33.376663328999996,33.016663365,33.039996696,27693969
2019-02-26,33.006663366,33.019996698,32.623330071,32.896663376999996,25396482
2019-02-27,32.706663396,32.796663387,32.529996747,32.703330063,23703938
2019-02-28,32.703330063,33.156663351,32.589996741,32.996663367,33896073
2019-03-01,33.156663351,33.186663348,32.373330096000004,32.643330069,30917283
2019-03-04,32.706663396,32.863330047,32.456663421,32.616663405,23028047
2019-03-05,32.709996729,33.063330027,32.69693006364,32.779996722,17965205
2019-03-06,32.756663391,32.9999967,32.619996738,32.753330058,14089711
2019-03-07,32.569996743,32.73333006,32.4116634255,32.483330085,18045674
2019-03-08,32.516663415,32.806663386000004,32.3333301,32.529996747,16976903
2019-03-11,32.679996732,32.859996714,32.606663405999996,32.826663384,16033517
2019-03-12,32.843330049,32.913330042,32.683330065,32.789996721,15211634
2019-03-13,32.89999671,33.116663355,32.796663387,33.009996699,16365218
2019-03-14,32.803330052999996,32.809996719000004,32.529996747,32.739996726,14777374
2019-03-15,32.759996724,32.83676338299,32.53333008,32.806663386000004,43799974
2019-03-18,32.76666339,33.256663341,32.753330058,33.219996678,16912943
2019-03-19,33.329996666999996,33.496663317,33.189996681,33.283330004999996,16126331
2019-03-20,33.06666336,33.183330014999996,32.846663382,32.879996712,18567827
2019-03-21,32.749996725,33.043330028999996,32.699996729999995,33.019996698,19629224
2019-03-22,32.859996714,33.176663349,32.646663402,32.759996724,19776323
2019-03-25,32.59999674,32.873330046,32.543330079,32.723330061,16063370
2019-03-26,32.786663388,32.949996705,32.676663399,32.773330056,14837593
2019-03-27,32.713330062,32.953330038,32.319996767999996,32.403330093,25253028
2019-03-28,32.529996747,32.623330071,32.176663449,32.376663429,22977347
2019-03-29,32.529996747,32.556663411,32.346663432,32.509996749,22317875
2019-04-01,32.656663401,32.786663388,32.519996748000004,32.606663405999996,24894053
2019-04-02,32.586663408,32.769996723,32.29999677,32.313330102,18817382
2019-04-03,32.373330096000004,32.46666342,32.263330107,32.396663427,16841573
2019-04-04,32.416663425,32.759996724,32.413330091999995,32.703330063,12076486
2019-04-05,32.749996725,33.06666336,32.719996728,32.943330039,13965124
2019-04-08,32.816663385,33.083330025,32.753330058,33.076663359,16265498
2019-04-09,32.93333004,33.076663359,32.716663395000005,32.896663376999996,13094284
2019-04-10,32.836663383,33.239996676,32.83333005,33.19999668,11617726
2019-04-11,33.23333001,33.609996639,33.156663351,33.59999664,16818227
2019-04-12,33.6666633,34.006663266,33.6666633,33.853329948,15481622
2019-04-15,33.76666329,34.303329903,33.753329958,34.143329919,15335333
2019-04-16,34.296663237,34.463329887,34.179996582,34.309996569,14481949
2019-04-17,34.3333299,34.46666322,34.13546325312,34.386663227999996,11187544
2019-04-18,34.369996563,34.59999654,34.296663237,34.393329894000004,11183404
2019-04-22,34.259996574,34.513329882,34.056663261,34.123329921,15238178
2019-04-23,34.176663249,34.429996557,33.9803299353,34.356663231,15123908
2019-04-24,34.379996562,34.616663204999995,34.363329897,34.509996549,14089723
2019-04-25,34.413329892,34.714996528499995,34.276663239,34.506663216,11847778
2019-04-26,33.483329985,34.113329922,33.219996678,33.843329949,24322172
2019-04-29,33.959996604,33.9999966,33.593329974,33.853329948,19136105
2019-04-30,33.923329941,34.306663236,33.816663285000004,34.279996572,18400871
2019-05-01,34.256663241,34.269996573,33.759996624,33.786663288,16011623
2019-05-02,33.809996619,34.019996598,33.41169665883,33.716663295000004,15020921
2019-05-03,34.106663256,34.249996575,33.93332994,34.026663264,15951785
2019-05-06,33.583329975,34.183329915,33.513329982,34.153329918,13841011
2019-05-07,33.93332994,34.056663261,33.58516330815,33.76666329,13726711
2019-05-08,33.416663325,33.6783299655,33.286663338,33.43332999,17646050
2019-05-09,33.089996690999996,33.313330002,32.949996705,33.179996682,18720605
2019-05-10,33.253330008,34.036663263,33.23333001,33.969996603,26228085
2019-05-13,33.483329985,33.716663295000004,33.003330033000005,33.296663337,22084637
2019-05-14,33.379996662,33.6216633045,33.296663337,33.429996657000004,19061090
2019-05-15,33.39999666,33.453329988,33.043330028999996,33.293330004,20220998
2019-05-16,34.276663239,34.653329868,33.613329972,33.769996623,51365945
2019-05-17,33.413329992,33.983329935,33.303330003,33.619996637999996,37113874
2019-05-20,33.463329987,33.993329934,33.416663325,33.839996616,21583337
2019-05-21,33.836663283,33.883329945,33.46666332,33.706663296,20667290
2019-05-22,33.86666328,34.143329919,33.686663298,34.076663259,22022627
2019-05-23,33.939996606,33.976663269,33.64216330245,33.953329938,19363829
2019-05-24,34.059996594000005,34.294996570500004,34.026663264,34.223329911,13449502
2019-05-28,34.186663248,34.523329880999995,34.13332992,34.139996586,30815583
2019-05-29,34.036663263,34.2916632375,33.823329951,34.039996596,19560689
2019-05-30,34.163329917,34.496663217,33.969996603,34.063329927,15058931
2019-05-31,33.783329955,34.006663266,33.53339664666,33.813329952,17782454
2019-06-03,33.876663279,34.226663244,33.79999662,33.986663268,19844492
2019-06-04,34.203329913,34.216663245,33.813329952,34.186663248,17895023
2019-06-05,34.249996575,34.926663174,34.19999658,34.806663186,20708636
2019-06-06,34.829996517,35.219996478,34.73332986,35.036663163,24191177
2019-06-07,35.076663159,35.453329788,35.016663165,35.353329798,20428133
2019-06-10,35.493329784000004,35.926663074,35.456663121,35.839996416,18976958
2019-06-11,35.9999964,36.323329701,35.916663075,35.979996402,20241785
2019-06-12,35.973329736000004,36.303329702999996,35.973329736000004,36.273329706,13905226
2019-06-13,36.3333297,36.526663014,36.056663061,36.216663045000004,16454906
2019-06-14,36.259996374,36.52876301379,36.153329717999995,36.356663031,13577650
2019-06-17,36.373329696,36.516663015,36.086663058,36.386663028,12440989
2019-06-18,36.59999634,36.653329668,36.303329702999996,36.549996345000004,14733499
2019-06-19,36.59999634,36.613329672,36.289996371,36.539996346,11774419
2019-06-20,36.606663006,36.829996316999996,36.426663024,36.773329655999994,15004631
2019-06-21,36.779996322,37.396662927,36.753329658,37.043329629,39535744
2019-06-24,37.163329616999995,37.406662926,37.009996299,37.079996292,18098513
2019-06-25,36.959996304,37.1429962857,36.799996320000005,36.906662976,18316166
2019-06-26,36.949996305,37.0249962975,36.69999633,36.719996328,12485104
2019-06-27,36.686662998,36.836662983000004,36.28686303798,36.69999633,16443932
2019-06-28,36.849996315,37.168329616499996,36.746662992,36.829996316999996,19521074
2019-07-01,37.09999629,37.323329601,36.673329666,36.873329646,16548251
2019-07-02,36.943329639,37.203329613,36.779996322,37.19999628,12189628
2019-07-03,37.059996294,37.466662920000005,36.9999963,37.439996256,9621931
2019-07-05,37.3333296,37.413329592,37.069996292999996,37.326662934,10738252
2019-07-08,37.306662936,37.643329569,37.23332961,37.573329576,14146975
2019-07-09,37.629996237,37.793329553999996,37.53332958,37.626662904,16271099
2019-07-10,37.706662896000005,37.869996213,37.461662920500004,37.659996234000005,13737076
2019-07-11,37.779996222,37.979996202,37.673329566,37.973329536,11689708
2019-07-12,38.029996197,38.256662841,37.873329546,38.19999618,11229997
2019-07-15,38.223329511,38.359996164,38.149996185,38.326662834000004,10038229
2019-07-16,38.443329489,38.496662817,38.01356286531,38.253329508,10464493
2019-07-17,38.269996173,38.389996161,38.06666286,38.19999618,8066083
2019-07-18,38.116662855,38.2583295075,37.91342954199,38.239996176,9674395
2019-07-19,38.3333295,38.436662823,37.953329538,37.96666287,11389483
2019-07-22,38.033329529999996,38.113329522,37.439996256,37.606662906,13562473
2019-07-23,37.706662896000005,37.73332956,37.1883296145,37.363329597,17262890
2019-07-24,37.343329599,37.596662907,37.189996281,37.3333296,12532327
2019-07-25,37.393329594,37.463329587,37.219996277999996,37.406662926,11554627
2019-07-26,37.373329596000005,37.7783295555,37.273329606,37.673329566,14187136
2019-07-29,37.613329572,37.659996234000005,37.253329608,37.423329591,11239786
2019-07-30,37.353329598,37.466662920000005,37.223329611,37.353329598,9105589
2019-07-31,37.303329603,37.446662922,36.543329678999996,36.793329654,18633833
2019-08-01,36.773329655999994,37.3889962611,36.439996355999995,36.459996354,22364903
2019-08-02,36.579996342,36.71196299547,36.049996395,36.46666302,16970129
2019-08-05,35.9999964,35.9999964,35.196663147,35.273329806,22709918
2019-08-06,35.396663127,35.946663072,35.196663147,35.756663091,21049286
2019-08-07,35.673329766,36.213329712,35.306663136,36.06666306,21835442
2019-08-08,36.003329733,36.279996372,35.923329740999996,36.173329716,13124323
2019-08-09,36.019996398,36.153329717999995,35.569996443,35.759996424,12580495
2019-08-12,35.573329776,35.613329772,34.946663172,35.039996496,17605427
2019-08-13,35.083329825,36.036663063,34.949996505,35.803329753,20168456
2019-08-14,35.159996484000004,36.019996398,35.046663162,35.399996460000004,27938457
2019-08-15,37.509996249,37.879996212,36.719996328,37.563329577,59438676
2019-08-16,38.026662864,38.309996169,37.353329598,37.663329567,32895633
2019-08-19,38.116662855,38.259996174,37.86666288,37.936662873,21535391
2019-08-20,37.953329538,38.013329532,37.336662933,37.349996265,18342365
2019-08-21,37.993329534000004,38.02296286437,37.293329604,37.339996266,24472397
2019-08-22,37.39999626,37.596662907,37.116662954999995,37.303329603,17986463
2019-08-23,37.206662946,37.303329603,36.709996329,36.943329639,18711755
2019-08-26,37.186662948,37.4216629245,37.073329625999996,37.329996267,17810240
2019-08-27,37.473329586,37.603329573,37.169996283,37.473329586,17201489
2019-08-28,37.426662924,37.693329564,37.226662944000005,37.573329576,16131191
2019-08-29,38.06666286,38.196662847,37.769996223,38.026662864,15811499
2019-08-30,38.3333295,38.459996153999995,37.96666287,38.086662858000004,17118368
2019-09-03,37.893329544000004,38.436662823,37.829996217,38.213329512,17827976
2019-09-04,38.563329476999996,38.653329467999995,38.273329505999996,38.636662803,17391764
2019-09-05,39.223329411,39.319996067999995,38.423329491,38.479996152,17481854
2019-09-06,38.479996152,38.583329475,38.206662846,38.243329509,13039189
2019-09-09,38.16666285,38.869996113,38.133329520000004,38.776662789,17922026
2019-09-10,38.663329467,38.986662767999995,38.493329484,38.683329465,14572261
2019-09-11,38.6666628,38.899996110000004,38.406662826,38.673329466,15852371
2019-09-12,38.883329445,39.023329431,38.63332947,38.973329436,13422931
2019-09-13,39.053329428,39.396662727,38.983362768330004,39.143329419000004,16915907
2019-09-16,38.846662782,39.056662761,38.459996153999995,38.523329481,18270911
2019-09-17,38.439996156,38.89612944372,38.41679615832,38.836662783,14330842
2019-09-18,38.969996103,39.076662759,38.726662794,39.053329428,12347242
2019-09-19,39.13332942,39.269996073,38.923329441,39.036662763,10187455
2019-09-20,39.116662755,39.21356274531,38.93332944,38.993329434,34762983
2019-09-23,38.869996113,39.469996052999996,38.853329448000004,39.206662746,17718851
2019-09-24,39.416662725,39.953329338,39.336662733000004,39.46666272,23124635
2019-09-25,39.489996051,39.573329376,39.269996073,39.489996051,16019363
2019-09-26,39.59999604,39.849996015,39.396662727,39.43332939,11974234
2019-09-27,39.736662693,39.743329359,39.249996075,39.483329385,10306669
2019-09-30,39.556662711,39.813329352,39.519996048,39.559996044,10811740
2019-10-01,39.616662704999996,39.703329363,39.239996076,39.283329404999996,11224084
2019-10-02,39.13332942,39.183329414999996,38.536662813,38.706662796,18025574
2019-10-03,38.626662804,38.93332944,38.193329514,38.769996123,16108394
2019-10-04,38.79999612,39.43332939,38.729996127,39.386662728,14607904
2019-10-07,39.366662729999994,39.433296056669995,38.959996104,39.076662759,14259382
2019-10-08,38.936662773,39.556662711,38.886662778,39.193329414,16639307
2019-10-09,39.393329394000006,39.76666269,39.339996066,39.643329369,11802274
2019-10-10,39.63332937,39.959996004,39.53332938,39.869996013,13313392
2019-10-11,39.973329336,40.236662642999995,39.573329376,40.079995992,18449537
2019-10-14,39.949996004999996,40.153329318,39.69999603,39.723329361,13804582
2019-10-15,39.776662689,39.996662666999995,39.623329371000004,39.843329349,16155518
2019-10-16,39.769996023,40.036329329699996,39.69999603,39.806662686,12432826
2019-10-17,39.889996011,40.083329325,39.78602935473,39.946662672,11882311
2019-10-18,40.149995985000004,40.19999598,39.709996028999996,39.713329362,16778669
2019-10-21,39.76666269,39.943329339,39.606662705999995,39.913329342,10417540
2019-10-22,39.916662675,40.056662661,39.79622935371,39.859996014,7789549
2019-10-23,39.723329361,39.949996004999996,39.563329377,39.783329355,8606650
2019-10-24,39.716662695000004,39.855829347749996,39.503329383,39.69999603,8767822
2019-10-25,39.6666627,39.77512935582,39.39999606,39.679996032000005,7692973
2019-10-28,39.749996025,39.89999601,39.509996049,39.739996026,10213690
2019-10-29,39.49999605,39.576662709000004,39.026662764,39.049996095000004,14373298
2019-10-30,39.059996094,39.456662721,39.0169960983,39.366662729999994,8988613
2019-10-31,39.309996069,39.426662724,38.943329438999996,39.086662758,14643808
2019-11-01,39.306662736,39.323329401,39.076662759,39.206662746,11287813
2019-11-04,39.46666272,39.703329363,39.056662761,39.189996081,13938124
2019-11-05,39.226662744,39.713329362,39.0249960975,39.619996038,12651298
2019-11-06,39.609996039,39.873329346,39.569996042999996,39.83332935,10843273
2019-11-07,39.999996,40.306662636,39.846662682,40.076662659,13324072
2019-11-08,40.103329323000004,40.293329304,39.646662702,39.813329352,11501188
2019-11-11,39.56666271,39.876662679,39.426662724,39.679996032000005,13323430
2019-11-12,39.86666268,39.999996,39.60319603968,39.706662696,15206396
2019-11-13,39.719996028,40.453329288,39.553329378,40.326662634,24140447
2019-11-14,41.533329179999996,41.793329154,39.836662683,40.216662645,67534057
2019-11-15,40.226662644,40.3333293,39.459996054,39.623329371000004,30439533
2019-11-18,39.483329385,40.2889959711,39.413329392,40.083329325,19648901
2019-11-19,40.036662663,40.119995988,39.903329342999996,39.963329337,11148679
2019-11-20,40.069995993,40.159995984,39.46666272,39.709996028999996,15233270
2019-11-21,39.609996039,39.999996,39.556662711,39.953329338,12908536
2019-11-22,40.049995995,40.09999599,39.756662690999995,39.786662688,11530555
2019-11-25,39.999996,40.006662666,39.29999607,39.639996036,17653439
2019-11-26,39.653329367999994,39.76666269,39.483329385,39.729996027,18880139
2019-11-27,39.796662687,39.93332934,39.576662709000004,39.586662708,10320718
2019-11-29,39.713329362,39.989996001,39.6666627,39.696662697,9471949
2019-12-02,39.716662695000004,39.793329354,39.279996072,39.759996024,17037035
2019-12-03,39.46666272,39.653329367999994,39.256662741,39.556662711,20282129
2019-12-04,39.706662696,39.73332936,39.4346627232,39.563329377,16672550
2019-12-05,39.453329388,39.5916627075,39.139996086000004,39.553329378,13059322
2019-12-06,39.693329364,39.93332934,39.639996036,39.926662674,13027489
2019-12-09,39.856662680999996,39.953329338,39.72812936052,39.786662688,14506423
2019-12-10,39.783329355,39.853329348,39.673329366,39.713329362,12847975
2019-12-11,39.79999602,39.883329345,39.509996049,39.6666627,10519855
2019-12-12,39.6666627,40.036662663,39.559996044,39.919996008,12456331
2019-12-13,39.719996028,40.216662645,39.673329366,40.096662657,16099625
2019-12-16,40.139995986,40.44992928834,40.139995986,40.179995982,16056236
2019-12-17,40.316662635,40.56666261,40.23332931,40.426662624,13727803
2019-12-18,40.503329283,40.559995944,39.946662672,39.953329338,15314954
2019-12-19,39.979996002,40.1683293165,39.926662674,40.026662664,13392922
2019-12-20,40.493329284,40.706662596,40.006662666,40.096662657,23863655
2019-12-23,40.06666266,40.229995977,39.669996033000004,39.676662699,13458826
2019-12-24,39.709996028999996,39.86666268,39.669996033000004,39.836662683,6682270
2019-12-26,39.869996013,39.949996004999996,39.649996035,39.839996016,12684220
2019-12-27,39.979996002,39.979996002,39.7483293585,39.863329347000004,10637425
2019-12-30,39.93332934,39.936662673,39.709996028999996,39.79999602,8837740
2019-12-31,39.83332935,39.93332934,39.396662727,39.613329372,14746732
2020-01-02,39.619996038,39.963329337,39.56719604328,39.646662702,19978967
2020-01-03,39.423329390999996,39.59619604038,39.196662747,39.296662737,16203500
2020-01-06,39.13332942,39.363329397,38.923329441,39.216662745,19339637
2020-01-07,39.086662758,39.1716627495,38.73332946,38.853329448000004,20610143
2020-01-08,38.76666279,38.909996109,38.559996144,38.719996128,17641451
2020-01-09,38.716662795000005,39.123329421,38.69352946398,39.119996088,16696898
2020-01-10,39.079996091999995,39.113329422,38.659996134000004,38.793329453999995,18166106
2020-01-13,38.793329453999995,38.849996114999996,38.456662821,38.626662804,18342296
2020-01-14,38.489996151,38.73662945967,38.376662829,38.726662794,19761965
2020-01-15,38.209996179,38.623329471,38.173329515999995,38.426662824,22362530
2020-01-16,38.49999615,38.643329469,38.426662824,38.63332947,16108292
2020-01-17,38.683329465,38.76666279,38.213329512,38.319996167999996,30135033
2020-01-21,38.196662847,38.563329476999996,38.171696182830004,38.529996147,22061036
2020-01-22,38.406662826,38.843329449,38.393329494,38.699996129999995,14779156
2020-01-23,38.736662793,38.769996123,38.346662832,38.603329473,12915523
2020-01-24,38.6666628,38.676662799,38.049996195,38.123329521,13150285
2020-01-27,37.729996227,38.743329459,37.559996244000004,38.619996138,21055220
2020-01-28,38.659996134000004,38.96666277,38.64986280168,38.86666278,15810908
2020-01-29,38.853329448000004,39.039996096,38.629996137,38.629996137,11333002
2020-01-30,38.536662813,38.906662776,38.44379615562,38.859996114,13744777
2020-01-31,38.59999614,38.75329612467,37.96666287,38.163329517,23327363
2020-02-03,38.29999617,38.463329487,38.033329529999996,38.089996191,13055587
2020-02-04,38.413329491999995,38.746662791999995,38.296662837,38.423329491,15696668
2020-02-05,38.53332948,38.983329435,38.283329505,38.936662773,17048660
2020-02-06,38.943329438999996,39.076662759,38.686662798,38.769996123,16058768
2020-02-07,38.703329463,38.919996108,38.586662808,38.816662785,11069917
2020-02-10,38.583329475,38.993329434,38.3483294985,38.416662825,18434606
2020-02-11,38.476662819000005,38.49999615,38.146662852,38.46666282,17391605
2020-02-12,38.49999615,38.806662786000004,38.469996153,38.616662805,14206654
2020-02-13,38.616662805,39.1783294155,38.52696281397,39.146662752,15999563
2020-02-14,39.223329411,39.523329380999996,39.0516627615,39.296662737,24391946
2020-02-18,39.489996051,39.983329335,39.119996088,39.876662679,34548363
2020-02-19,39.83332935,39.979996002,39.226662744,39.226662744,21563315
2020-02-20,39.069996093,39.369996063,38.953329438,39.229996076999996,15069983
2020-02-21,39.146662752,39.583329375,39.103329423,39.526662714,18727580
2020-02-24,39.153329418,39.486662718,38.6506628016,38.773329456,19848116
2020-02-25,38.783329455,39.023329431,38.016662865,38.129996187,23293031
2020-02-26,38.233329510000004,38.389996161,37.883329545,37.926662874,20021132
2020-02-27,37.519996248,38.023329530999995,36.783329654999996,36.799996320000005,28476792
2020-02-28,35.896663077,36.173329716,34.789996521,35.893329744,52512245
2020-03-02,35.866663079999995,38.79909612009,35.763329757,38.626662804,51222725
2020-03-03,38.693329464,39.176662749,37.446662922,37.636662903,33340923
2020-03-04,38.079996191999996,38.946662772,37.823329551,38.923329441,24625268
2020-03-05,38.133329520000004,39.083329425,37.969996203,38.639996136,25639518
2020-03-06,37.956662871,39.303329403,37.669996233,39.076662759,29411136
2020-03-09,37.939996206,40.209995979,37.576662909,39.053329428,59243526
2020-03-10,39.366662729999994,40.226662644,38.306662836,39.929996007,37797184
2020-03-11,39.169996083,39.676662699,37.599996239999996,38.143329519000005,31629003
2020-03-12,35.339996465999995,37.163329616999995,34.326663234,34.683329865,56323356
2020-03-13,36.079996392,38.196662847,34.626663203999996,38.033329529999996,42962134
2020-03-16,35.06666316,37.10972962236,33.9999966,35.586663108,36753904
2020-03-17,37.589996241,39.756662690999995,36.819996318,39.753329358,52806095
2020-03-18,38.3333295,42.693329064000004,38.16666285,40.859995914,77355848
2020-03-19,41.486662517999996,42.3333291,39.209996079,39.816662685000004,57100446
2020-03-20,39.83332935,40.929995907,37.296662937,37.989996201,55423566
2020-03-23,38.056662861,39.179996082,37.403329592999995,38.093329524,39365884
2020-03-24,38.623329471,39.123329421,37.103329623,38.343329499,42705154
2020-03-25,37.656662901,37.9999962,36.016663064999996,36.46666302,53287505
2020-03-26,36.46666302,36.956662971,35.61552977178,36.606663006,58293966
2020-03-27,36.703329663,37.426662924,36.20022971331,36.526663014,36160354
2020-03-30,37.286662938,38.59999614,36.979062968760005,38.396662827,29212623
2020-03-31,38.103329523,38.729996127,37.546662912,37.873329546,26271543
2020-04-01,37.383329595,38.509996149,37.266662939999996,38.046662862,28269516
2020-04-02,37.726662894,39.703329363,37.4449962555,39.549996045,29515476
2020-04-03,39.069996093,39.969996003,39.009996099,39.826662684,28624992
2020-04-06,39.686662698,42.129995787,39.646662702,42.023329131,47768705
2020-04-07,41.326662534,42.163329116999996,40.546662612,40.663329267,41369734
2020-04-08,41.229995877,41.269995873,40.196662647000004,40.613329272,27876537
2020-04-09,39.406662726,40.956662571,39.219996078,40.59999594,32833203
2020-04-13,40.423329291,41.889995811,40.389995961000004,41.76666249,24193991
2020-04-14,42.36666243,43.263329006999996,42.01172913216,42.9999957,34098933
2020-04-15,42.9999957,43.293329004,42.373329096,42.919995707999995,22435295
2020-04-16,42.9999957,44.306662235999994,42.749995725,44.10999558900001,31882353
2020-04-17,43.826662283999994,44.323328901,43.2416623425,44.039995596000004,30915273
2020-04-20,44.129995586999996,44.459995553999995,43.253329007999994,43.283329005,24401825
2020-04-21,43.356662330999995,43.676662299,42.719995728,43.069995693,27900720
2020-04-22,43.333329,44.126662253999996,42.96666237,43.863328947,19455110
2020-04-23,43.283329005,43.69649563034999,42.576662409,42.843329049,28839894
2020-04-24,43.116662354999995,43.296662336999994,42.853329048,43.146662352,17348285
2020-04-27,43.333329,43.43586232308,42.723329060999994,42.76666239,17923817
2020-04-28,42.759995724,43.413328992000004,42.56666241,42.6666624,20732084
2020-04-29,41.856662481,41.919995808,40.849995915,41.199995879999996,44611984
2020-04-30,41.026662564,41.14539588546,40.346662632000005,40.516662615,40497784
2020-05-01,40.493329284,41.229995877,40.259995974,40.973329236,31144053
2020-05-04,41.279995872,41.46666252,40.569995942999995,41.23332921,17807639
2020-05-05,41.26666254,41.753329158,41.086662558,41.576662509,19337252
2020-05-06,41.736662493,41.829995817,40.9483292385,41.09999589,17309177
2020-05-07,41.153329217999996,41.326662534,40.49999595,40.629995937,27348543
2020-05-08,40.916662575,41.003329233,40.539995946000005,40.979995902,20833058
2020-05-11,41.013329232000004,41.436662523,41.003329233,41.223329211,25341918
2020-05-12,41.493329184000004,41.886662478,41.259995874,41.259995874,19100177
2020-05-13,41.16666255,42.079995792,41.029995897,41.236662543,29175168
2020-05-14,41.616662505,41.709995829,40.43336262333,41.139995886,22233020
2020-05-15,41.156662551,41.979995802,41.029995897,41.979995802,31770123
2020-05-18,42.49999575,42.8516623815,42.03332913,42.553329078,39107704
2020-05-19,43.916662275,43.996662267000005,41.603329173,41.649995835,74746327
2020-05-20,42.163329116999996,42.196662447,41.543329179,41.816662485,32246403
2020-05-21,41.629995837,42.046662462,41.416662525,41.663329167,22448222
2020-05-22,41.69999583,41.783329155,41.256662541,41.443329188999996,22359488
2020-05-26,41.446662522000004,41.836662483000005,41.209995879,41.286662538,23730548
2020-05-27,41.323329201,41.496662517,40.343329299,40.826662584000005,31073703
2020-05-28,41.239995876,41.649995835,41.053329227999996,41.229995877,24437921
2020-05-29,41.413329192,41.5683291765,40.643329269,41.353329198,29317296
2020-06-01,41.146662552,41.469995853,40.786662588,41.319995868,20567258
2020-06-02,41.196662547,41.38416252825,40.936662573,41.313329202,19187807
2020-06-03,41.299995870000004,41.329995867,40.886662578,41.156662551,20263001
2020-06-04,40.93332924,41.2956625371,40.606662606,40.703329263,24014891
2020-06-05,40.856662580999995,40.893329244,39.969996003,40.519995948,39337174
2020-06-08,39.859996014,40.413329292,39.819996018,40.413329292,28344195
2020-06-09,40.53332928,40.6666626,40.186662648,40.449995955,20746313
2020-06-10,40.519995948,40.83332925,40.37669596233,40.386662627999996,28141650
2020-06-11,40.329995966999995,40.859995914,39.826662684,40.029995997,34162953
2020-06-12,40.169995983,40.249995975,39.019996098,39.246662742,32359323
2020-06-15,39.46666272,39.559996044,39.003329433000005,39.359996064,32703183
2020-06-16,39.93332934,40.07662932567,39.513329382,39.883329345,25185633
2020-06-17,39.953329338,40.043329328999995,39.46666272,39.676662699,20167013
2020-06-18,39.513329382,39.686662698,39.219996078,39.329996066999996,20069924
2020-06-19,39.629996037,40.09999599,39.249996075,39.949996004999996,40028764
2020-06-22,40.323329301,40.696662597,40.13332932,40.559995944,27338544
2020-06-23,40.916662575,40.949995905,40.32019596798,40.356662631,19727747
2020-06-24,40.246662642,40.37176262949,39.859996014,40.09999599,20614832
2020-06-25,39.919996008,40.053329328,39.459996054,39.903329342999996,20569847
2020-06-26,39.86666268,40.279995972,39.339996066,39.439996056,26991513
2020-06-29,39.49999605,39.893329344,39.4049960595,39.686662698,16511354
2020-06-30,39.739996026,40.043329328999995,39.513329382,39.926662674,20509076
2020-07-01,39.816662685000004,39.973329336,39.553329378,39.896662677,19733765
2020-07-02,40.029995997,40.293329304,39.619996038,39.736662693,17695679
2020-07-06,39.93332934,39.956662671000004,39.406662726,39.629996037,21694994
2020-07-07,39.483329385,42.516662415,39.406662726,42.316662435,93458049
2020-07-08,42.6666624,42.709995729,41.46666252,41.479995852,52217135
2020-07-09,41.869995813,42.726662394,41.649995835,42.583329075,42771724
2020-07-10,42.91166237550001,43.789995621,42.419995758,43.559995644000004,44236894
2020-07-13,43.776662289,44.543328879,42.963329036999994,43.173329016000004,42338344
2020-07-14,43.093329024,44.16666225,43.00866236580001,44.003328933,26455668
2020-07-15,44.089995591000005,44.709995529,43.59999564,43.9999956,31731363
2020-07-16,44.016662265,44.243328909,43.746662292,44.066662259999994,17676497
2020-07-17,44.456662221,44.456662221,43.823328951,43.913328942,18189509
2020-07-20,43.986662268,44.246662242000006,43.713328962,43.823328951,18342551
2020-07-21,43.853328948,44.663328867000004,43.816662285,44.10999558900001,21721205
2020-07-22,44.189995581,44.343328899,43.729995627,44.219995577999995,16164533
2020-07-23,44.3333289,44.383328895,43.769995623,43.879995611999995,16796258
2020-07-24,43.649995634999996,44.133328920000004,43.503328982999996,43.746662292,13037350
2020-07-27,43.619995638000006,43.993328934,43.619995638000006,43.736662293,14045551
2020-07-28,43.83332895,44.126662253999996,43.639995635999995,43.919995607999994,14414164
2020-07-29,43.853328948,43.953328938000006,43.283329005,43.563328977,14223328
2020-07-30,43.139995686,43.473328986,42.906662376,43.373328996,13788364
2020-07-31,43.216662345,43.363328997,42.539995746,43.133329020000005,21634607
2020-08-03,43.303329003,43.371662329500005,42.75709572429,43.09999569000001,14976265
2020-08-04,43.216662345,43.903328943000005,42.979995702,43.879995611999995,18219677
2020-08-05,43.48332898499999,43.583328975,42.943329039000005,43.269995673000004,25510722
2020-08-06,43.043329029,43.409995658999996,43.00996236567,43.116662354999995,14496421
2020-08-07,43.19332901400001,43.486662318,43.036662363000005,43.323329001,16558463
2020-08-10,43.413328992000004,44.113328922,43.216662345,43.959995604,17683064
2020-08-11,44.196662247,44.289995571,43.24342900899,43.399995659999995,25360068
2020-08-12,43.489995651,44.076662258999995,43.026662364,43.96332893699999,19116338
2020-08-13,43.736662293,43.986662268,43.576662309,43.949995605,19867334
2020-08-14,44.113328922,44.323328901,43.876662279,44.19999558,20106263
2020-08-17,44.783328855,45.376662128999996,44.616662205,45.19999548,39465004
2020-08-18,45.389995461,45.877428745589995,44.389995561,44.903328843000004,80232548
2020-08-19,44.736662193,44.886662178,43.9516622715,44.136662253,38155204
2020-08-20,43.736662293,44.023328930999995,43.349995665,43.523328981,26810649
2020-08-21,43.516662315000005,44.223328910999996,43.36666233,43.876662279,24863984
2020-08-24,44.083328924999996,44.159995583999994,43.443328989,43.776662289,19813652
2020-08-25,43.59999564,43.74556229211,43.223329011,43.543328979,21722459
2020-08-26,43.403328993,43.626662304,43.23332901,43.56666231,18814670
2020-08-27,43.693328964,46.449995355,43.63332897,45.543328779,119018742
2020-08-28,46.9999953,47.023328631,45.946662072,46.76666199,64050936
2020-08-31,45.826662084,46.296662037,45.176662149,46.283328704999995,45236345
2020-09-01,47.06666196,49.863328347,46.683328665000005,49.196661747,107124641
2020-09-02,50.416661625,50.44332828900001,48.536661813,49.226661744000005,51665975
2020-09-03,48.89999511,49.86666168,47.269995273,48.179995182,48015005
2020-09-04,48.006661866,48.346061832059995,46.69999533,47.60999523900001,33982083
2020-09-08,47.136661953,47.299995270000004,46.086662057999995,46.149995385,33966753
2020-09-09,46.696661997,47.536661913,46.483328685,46.629995337,33669093
2020-09-10,46.686661998,46.8449953155,45.528562113810004,45.603328773,33709263
2020-09-11,45.683328765000006,46.146662051999996,45.183328815,45.566662109999996,28879734
2020-09-14,45.379995462,47.03332863,45.293328804,45.773328756,45733955
2020-09-15,46.07666205899999,46.359962030670005,45.559995444,45.78666208800001,30427863
2020-09-16,46.136662053,46.22749537725,45.349995465000006,45.419995457999995,27877950
2020-09-17,45.143328819000004,45.856662080999996,45.006662166000005,45.563328777,37245094
2020-09-18,45.479995452,45.843328749,44.916662175,45.096662157,54709055
2020-09-21,45.49999545,45.746662092,45.096662157,45.689995431,47275505
2020-09-22,45.689995431,46.329995367,45.523328781,46.103328723000004,33102063
2020-09-23,46.3333287,46.413328692,45.27309547269,45.329995467,23133326
2020-09-24,45.243328809,45.93166207349999,45.023328831,45.566662109999996,29453085
2020-09-25,45.506662116,45.8449954155,45.319995468,45.756662091,22618790
2020-09-28,45.719995428,46.016662065000006,45.573328776,45.749995425,21196979
2020-09-29,45.749995425,46.046662061999996,45.463328786999995,45.713328761999996,27722727
2020-09-30,45.796662086999994,47.246661942,45.73379542662,46.636662003,34826463
2020-10-01,46.933328640000006,48.126628520669996,46.753328657999994,47.693328564000005,43290994
2020-10-02,47.446661922000004,47.69999523,46.70989532901,46.83332865,24584924
2020-10-05,47.096661956999995,47.396628593669995,47.0216619645,47.266661940000006,14259118
2020-10-06,47.289995271,47.646628568669996,46.749995325,46.876661979,21475445
2020-10-07,47.08666195799999,47.183328615,46.749995325,46.963328637,16949198
2020-10-08,47.169995283,47.363328597,47.039995296,47.119995288000005,14676871
2020-10-09,47.219995278,47.779995222000004,47.186661948,47.593328574,14494807
2020-10-12,47.673328566,48.463328487,47.673328566,48.083328525,18402449
2020-10-13,48.226661844,48.868328446499994,48.119995188000004,48.743328459,23800349
2020-10-14,48.79999512,48.841661782500005,47.92002854133,47.979995202,19722329
2020-10-15,47.696661897,48.319995168000005,47.61246190542,48.176661849,13705426
2020-10-16,48.46666182,48.716661795,48.156661851,48.236661843,16942025
2020-10-19,48.36666183,48.456661821000004,47.5836619083,47.649995235,14643211
2020-10-20,48.036661863000006,48.509995149,47.873328546,47.96666187,14529637
2020-10-21,47.946661872,48.57529514247,47.946661872,48.13332852,13114282
2020-10-22,48.063328526999996,48.186661848,47.563328577,47.84999521500001,13354732
2020-10-23,47.989995201,48.04666186199999,47.616661905,47.949995205,10540468
2020-10-26,47.613328572,47.7079952292,46.979995302,47.386661927999995,16111793
2020-10-27,47.349995265000004,47.89999520999999,47.323328601,47.623328571,11830954
2020-10-28,46.986661968,47.376661929,46.626662003999996,46.679995332,16849325
2020-10-29,46.666662,47.03666196300001,46.233328709999995,46.639995336,15154046
2020-10-30,46.393328694000004,46.696661997,45.789995421,46.249995375,18608219
2020-11-02,46.863328647,46.936661973,46.343328699,46.79999532,16575656
2020-11-03,47.216661945,48.053328528,47.189995280999995,47.593328574,15413225
2020-11-04,47.189995280999995,48.129995187,47.11202862213,47.319995268,17927483
2020-11-05,47.9999952,48.076661859,47.646661902,47.823328551,14202706
2020-11-06,48.119995188000004,48.739995126,47.84999521500001,48.589995141,16198466
2020-11-09,49.3333284,49.39972839336,47.826661883999996,47.846661882,28198575
2020-11-10,47.916661875,48.81236178542999,47.84336188233,48.519995148,18199334
2020-11-11,48.973328435999996,49.651661701500004,48.79999512,49.326661734,18805823
2020-11-12,49.493328383999994,49.57019504298,49.03332843,49.409995058999996,12576994
2020-11-13,49.646661701999996,50.3116616355,49.173328416000004,50.179994982,19811516
2020-11-16,50.176661649,51.13332822,49.759995024,50.813328252,34560423
2020-11-17,50.16666165,51.08159489184,49.726661694,49.789995021,42711634
2020-11-18,49.953328338000006,50.556661610999996,49.683328365,49.696661697,24936869
2020-11-19,49.819995018,50.816661585,49.773328356,50.706661596000004,18590606
2020-11-20,50.38999496099999,50.919994908,49.936661673,50.079994992,21962567
2020-11-23,50.123328321,50.46666162,49.789995021,50.309994969,18557144
2020-11-24,50.579994942000006,50.659994934,50.089994991000005,50.453328288,17168771
2020-11-25,50.416661625,50.796661586999996,50.403328293,50.609994939,13833322
2020-11-27,50.716661595000005,50.906661576,50.366661629999996,50.53332828,10999582
2020-11-30,50.53332828,50.983328234999995,50.033328329999996,50.929994906999994,32695563
2020-12-01,51.19999488,51.219894878009995,50.553328278,50.879994911999994,22941275
2020-12-02,50.6666616,50.873328246,49.8439950156,50.173328316,23547050
2020-12-03,50.093328324,50.093328324,49.463328387,49.76666169000001,25725852
2020-12-04,49.836661682999996,49.836661682999996,49.19332841400001,49.636661703,20889206
2020-12-07,49.486661718,49.663328367000005,49.053328428,49.369995063000005,18479216
2020-12-08,49.119995088,49.949995005,49.059995094,49.81666168499999,20716364
2020-12-09,49.999995,49.999995,49.296661736999994,49.423328391000005,20139695
2020-12-10,49.249995075,49.383328395,48.856661781,49.013328431999994,20652356
2020-12-11,48.973328435999996,49.16936174973,48.646661802,48.9999951,16860788
2020-12-14,49.23332841,49.239995076,48.46666182,48.549995145000004,25087959
2020-12-15,48.506661816000005,48.786661788,48.28666183800001,48.526661814,31894503
2020-12-16,48.746661792000005,48.963328436999994,48.359995164000004,48.476661819,25651047
2020-12-17,48.686661798,48.813328452,48.383328495,48.69999513,30679383
2020-12-18,48.8716617795,49.059995094,48.386661828,48.649995135,41384224
2020-12-21,48.49999515,48.889995111,48.354595164539994,48.656661801,25553007
2020-12-22,48.383328495,48.743328459,47.713328561999994,48.066661859999996,37662184
2020-12-23,47.846661882,48.073328526,47.43332859,47.739995226,20430452
2020-12-24,47.846661882,48.129995187,47.726661894,47.83332855,9054472
2020-12-28,48.013328531999996,48.43332849,47.776661889,48.406661826,19344977
2020-12-29,48.546661811999996,48.6149951385,47.863328547,48.09999519,17938142
2020-12-30,48.293328504,48.383328495,47.979995202,48.059995194,18751157
2020-12-31,48.066661859999996,48.089995191,47.616661905,48.049995195,17814056
2021-01-04,48.09999519,48.963328436999994,48.093328524,48.843328449,32182233
2021-01-05,48.86666178,49.023328430999996,48.163328517000004,48.583328475,26497962
2021-01-06,48.363328497,49.36666173,48.33702849963,48.886661778,21918908
2021-01-07,49.206661746,49.253328407999994,48.679995131999995,48.883328445000004,20537915
2021-01-08,48.959995104,48.9999951,48.603328473,48.876661778999996,24478202
2021-01-11,48.6666618,49.329995067000006,48.6666618,49.096661757,26347245
2021-01-12,49.6666617,49.976661669,49.439995056,49.656661701,23373431
2021-01-13,49.583328375,49.689995030999995,49.143328419,49.14999508499999,16069625
2021-01-14,49.273328406,49.3333284,48.6783284655,48.989995101,23017100
2021-01-15,48.37999516199999,48.63332847,47.8903285443,48.213328512,35920474
2021-01-19,48.213328512,48.356661831,47.556661911,47.79666188699999,24123461
2021-01-20,47.863328547,48.553328478,47.629995236999996,48.503328483,23775713
2021-01-21,48.453328488000004,48.576661808999994,48.069995193000004,48.283328505,14349856
2021-01-22,48.533328479999994,49.113328422,48.373328496,48.776661789,19219358
2021-01-25,48.453328488000004,48.749995125,48.089995191,48.733328459999996,19031165
2021-01-26,48.543328478999996,49.269995073000004,48.489995151,49.169995082999996,15031487
2021-01-27,48.986661768000005,49.28666173800001,47.84999521500001,47.946661872,29910345
2021-01-28,48.153328518,48.753328458,47.876661879,47.916661875,22301624
2021-01-29,47.726661894,47.916661875,46.783328655,46.829995317000005,32509113
2021-02-01,46.969995303,47.163328617000005,46.396662027,46.423328691,25945092
2021-02-02,46.586662008,47.383328595,46.48002868533,46.923328641000005,27002367
2021-02-03,46.886661978,47.349995265000004,46.876661979,47.06666196,14966797
2021-02-04,47.263328607,47.726661894,47.08666195799999,47.509995249,17346269
2021-02-05,47.819995218,48.283328505,47.509995249,48.119995188000004,20451749
2021-02-08,48.269995173,48.526661814,48.153328518,48.343328499,15825353
2021-02-09,48.193328514,48.773328455999994,48.193328514,48.609995139000006,15907010
2021-02-10,48.609995139000006,48.63332847,47.846261882040004,48.043328529,18576959
2021-02-11,48.04666186199999,48.316661835,47.903328543,48.006661866,12791461
2021-02-12,48.053328528,48.203328513,47.889995211,48.156661851,13423594
2021-02-16,48.646661802,48.796661787,48.309995169000004,48.553328478,27891090
2021-02-17,48.216661845000004,49.16666175,48.16666185,49.066661759999995,26026698
2021-02-18,46.3333287,46.899995309999994,45.83332875,45.886662078,96927400
2021-02-19,45.93332874,46.473328685999995,45.889995410999994,46.113328722,36605974
2021-02-22,45.913328742000004,46.113328722,45.416662125,45.896662077,32106633
2021-02-23,45.703328763,45.796662086999994,45.019995498,45.156662151,31300203
2021-02-24,45.289995471000005,45.386662128,44.349995565,44.403328893,46565735
2021-02-25,44.366662229999996,44.669995533,43.8279956172,43.983328934999996,33324693
2021-02-26,43.826662283999994,43.936662273,43.286662338000006,43.306662335999995,42470794
2021-03-01,43.859995614000006,44.189995581,43.709995629,43.789995621,34634553
2021-03-02,43.836662282999995,44.249995575,43.336662333,43.369995663000005,29230701
2021-03-03,43.16666235,43.309995669,42.516662415,42.529995747,41837284
2021-03-04,42.619995738,43.19332901400001,42.093329124,42.509995749,45347915
2021-03-05,42.276662439,43.248629008470004,42.249995775,43.039995696,34073583
2021-03-08,43.109995689,43.279995672,42.603329073,42.626662404,40988404
2021-03-09,42.933329040000004,43.293329004,42.773329055999994,42.963329036999994,31988643
2021-03-10,42.95332903800001,44.349995565,42.823329051,44.059995594,44929354
2021-03-11,44.453328888,44.496662217,43.843328949,44.043328929,35489674
2021-03-12,44.173328916,44.839995516,44.02669559733,44.706662196,28437564
2021-03-15,44.913328842000006,44.916662175,44.274995572499996,44.476662219000005,25098078
2021-03-16,44.273328905999996,44.759995524,44.273328905999996,44.463328886999996,19880861
2021-03-17,44.16666225,44.379995562,43.993328934,44.093328924,24156182
2021-03-18,43.719995628,43.983328934999996,43.309995669,43.336662333,29815416
2021-03-19,43.376662329,44.16666225,43.29999567,43.913328942,57703566
2021-03-22,43.6666623,44.149995585,43.663328967000005,44.123328921,24653852
2021-03-23,43.903328943000005,44.766662190000005,43.876662279,44.646662202,29154789
2021-03-24,44.809995519000005,44.809995519000005,44.349995565,44.369995563,23547434
2021-03-25,44.419995558,44.843362182330004,44.289995571,44.669995533,28126005
2021-03-26,44.6666622,45.06666215999999,44.473662219299996,45.043328829,28653507
2021-03-29,44.9999955,45.669995433,44.86666218,45.556662110999994,30146523
2021-03-30,45.443328789000006,45.863328747000004,45.156662151,45.246662142000005,27230181
2021-03-31,45.183328815,45.619995438000004,44.986662168,45.276662139,24546038
2021-04-01,45.313328802,45.629995437,45.109995489000006,45.206662146,25595157
2021-04-05,45.573328776,46.719995327999996,45.39999546,46.476662019,40043164
2021-04-06,46.369995363,46.982728635060006,46.173328716,46.69999533,31044693
2021-04-07,46.76666199,46.916661975,46.549995345,46.59999534000001,20361578
2021-04-08,46.816661984999996,47.039995296,46.553328678,46.569995343,19095461
2021-04-09,46.543328679,46.696661997,46.23792870954,46.593328674,20676485
2021-04-12,46.689995331,46.793328654,46.446662022,46.59999534000001,18723125
2021-04-13,46.59999534000001,46.666662,46.289995371,46.456662021,17397995
2021-04-14,46.373328696,46.486662018000004,46.139995385999995,46.439995356,21924494
2021-04-15,46.46666202,46.823328651,46.39999536,46.719995327999996,21710333
2021-04-16,46.963328637,46.986661968,46.569995343,46.869995313000004,26488386
2021-04-19,46.763328656999995,46.856661980999995,46.536662013000004,46.569995343,19280975
2021-04-20,46.473328685999995,47.256661941000004,46.273328706,46.929995307,24451979
2021-04-21,46.923328641000005,47.233328609999994,46.843328649,47.06666196,17335091
2021-04-22,47.026661964000006,47.149995284999996,46.473328685999995,46.55666201099999,19705115
2021-04-23,46.36666203,46.7806619886,46.343328699,46.633328670000004,22983998
2021-04-26,46.636662003,46.666662,45.87999541199999,45.969995403,22846235
2021-04-27,45.9999954,46.3149953685,45.849995415,46.126662054,16151441
2021-04-28,46.116662055,46.196662047000004,45.9549954045,45.963328737,14286589
2021-04-29,45.966662070000005,46.666662,45.966662070000005,46.543328679,19595960
2021-04-30,46.569995343,46.663328667,46.369995363,46.636662003,19680023
2021-05-03,46.559995344,47.579995242,46.559995344,47.373328596,27139608
2021-05-04,47.179995282,47.343328599,46.69999533,46.906661976,19084073
2021-05-05,46.903328643,47.06666196,46.749995325,46.866661979999996,11895556
2021-05-06,46.666662,47.1189952881,46.483328685,47.016661965000004,16301858
2021-05-07,47.209995279,47.239995276,46.439995356,46.73332866,23408417
2021-05-10,46.816661984999996,47.359995264000005,46.769995323,46.939995306,26307738
2021-05-11,46.956661971,46.956661971,46.106662056,46.516662015,26464140
2021-05-12,46.289995371,46.326662033999995,45.303328803,45.313328802,25998435
2021-05-13,45.409995458999994,46.326662033999995,45.253328808,46.079995392,21480161
2021-05-14,46.269995373,46.746661992,46.143328719,46.506662016,16091687
2021-05-17,46.666662,46.79999532,46.256662041000006,46.296662037,19473530
2021-05-18,47.836661883,48.193328514,47.069995293000005,47.303328603,58183686
2021-05-19,46.903328643,47.906661876,46.83332865,47.306661936,34874763
2021-05-20,47.16666195,47.623328571,46.899995309999994,47.473328585999994,30540753
2021-05-21,47.506661916000006,47.693328564000005,47.199995279999996,47.249995275,22927457
2021-05-24,47.253328608,47.473328585999994,47.119995288000005,47.253328608,18945950
2021-05-25,47.266661940000006,47.546661912,47.023328631,47.446661922000004,21505094
2021-05-26,47.46332858699999,47.626661903999995,47.253328608,47.389995260999996,19294112
2021-05-27,47.783328555,47.893328544,47.229995277,47.229995277,56576916
2021-05-28,47.309995269000005,47.483328584999995,47.213328612,47.343328599,21189911
2021-06-01,47.403328593000005,47.599995240000005,47.089995291,47.219995278,20767628
2021-06-02,47.12999528699999,47.23662860967,46.696661997,47.116661955,23297981
2021-06-03,47.12999528699999,47.283328605,46.916661975,47.199995279999996,18374474
2021-06-04,47.153328618,47.429995256999995,47.083328625,47.283328605,13635817
2021-06-07,47.283328605,47.323328601,46.79666198699999,46.966661970000004,16630886
2021-06-08,46.836661983,46.966661970000004,46.603328673,46.609995339,20120570
2021-06-09,46.446662022,46.669995332999996,46.343328699,46.35999536400001,17085383
2021-06-10,46.35999536400001,46.729995327,46.35999536400001,46.626662003999996,16378379
2021-06-11,46.743328659,46.949995304999995,46.619995338,46.916661975,25232475
2021-06-14,46.976661969000006,46.976661969000006,46.67669533233,46.853328648,15140690
2021-06-15,46.946661972,46.969995303,46.553328678,46.666662,19327178
2021-06-16,46.616662004999995,46.679995332,45.656662101,45.716662095000004,28795032
2021-06-17,45.666662099999996,46.116662055,45.569995443,45.906662075999996,19341839
2021-06-18,45.146662152,45.462662120400005,44.79999552,45.056662161,44812744
2021-06-21,45.219995478,45.583328775,45.116662155,45.46666212,20775071
2021-06-22,45.409995458999994,45.906662075999996,45.409995458999994,45.676662099,19106864
2021-06-23,45.49999545,45.663328767,45.309995469,45.319995468,19390553
2021-06-24,45.389995461,45.746662092,45.366662129999995,45.636662103,23443961
2021-06-25,45.709995428999996,46.286662038,45.63999543599999,46.176662049,28640811
2021-06-28,46.013328732,46.21332871199999,45.53332878,46.03332873,15549068
2021-06-29,45.966662070000005,46.156662051,45.74332875899999,45.766662090000004,35962474
2021-06-30,46.519995348,47.526661914,46.229995377,47.006661966,45511055
2021-07-01,46.803328653,47.083328625,46.336662032999996,46.439995356,26348553
2021-07-02,46.449995355,47.026661964000006,46.449995355,46.70332866300001,26287710
2021-07-06,46.633328670000004,46.916661975,46.50499534949999,46.646662002,18279176
2021-07-07,46.586662008,47.063328627,46.453328688000006,46.569995343,25607460
2021-07-08,46.113328722,46.883328645,46.07362872597,46.529995347,21267143
2021-07-09,46.803328653,46.946661972,46.643328669,46.76666199,15185291
2021-07-12,46.896661977,46.929995307,46.443328689000005,46.683328665000005,19514930
2021-07-13,46.663328667,47.059995294000004,46.646662002,46.859995314,18947606
2021-07-14,46.903328643,47.266661940000006,46.609995339,47.183328615,18812015
2021-07-15,47.3333286,47.546661912,47.029995297,47.219995278,17974838
2021-07-16,47.233328609999994,47.376661929,46.983328635,47.186661948,18095417
2021-07-19,47.136661953,47.65999523399999,46.589995341000005,47.076661959,27383163
2021-07-20,46.989995301,47.489995250999996,46.925661974099995,47.289995271,19020302
2021-07-21,47.49999525,47.513328582,46.9016619765,47.056661960999996,18591899
2021-07-22,47.043328629,47.37236192943,46.933328640000006,47.089995291,13013296
2021-07-23,47.173328616000006,47.573328576,47.003328632999995,47.476661919,15947510
2021-07-26,47.453328588000005,47.953328538,47.153328618,47.543328579,18517337
2021-07-27,47.6666619,47.6666619,47.319995268,47.546661912,15395717
2021-07-28,47.493328584,47.749995225,47.219995278,47.353328598,14071462
2021-07-29,47.546661912,47.616661905,47.340961932569996,47.413328592000006,11063068
2021-07-30,47.06666196,47.651661901500006,47.06666196,47.516661915,16332185
2021-08-02,47.60999523900001,47.623328571,47.22332861099999,47.406661926,19958525
2021-08-03,47.479995252,47.96666187,47.453328588000005,47.939995206,18915356
2021-08-04,47.793328554,47.979995202,47.579995242,47.613328572,15301586
2021-08-05,48.076661859,48.513328482,47.996661867,48.496661817,27005445
2021-08-06,48.736661793,48.823328451,48.316661835,48.409995159,19263692
2021-08-09,48.636661802999996,48.826661783999995,48.46666182,48.526661814,15811775
2021-08-10,48.989995101,49.649995034999996,48.749995125,49.559995044000004,38262154
2021-08-11,49.836661682999996,50.526661614000005,49.719995028,50.003328333,41455684
2021-08-12,49.6666617,50.069994993,49.603328373000004,49.686661698,18277274
2021-08-13,49.793328353999996,50.119994988,49.719995028,49.843328349000004,15981212
2021-08-16,49.893328344000004,50.576661609,49.679995031999994,50.249994975,47926955
2021-08-17,50.133328320000004,50.83332825,49.69999503,50.23332831,50950085
2021-08-18,50.183328315000004,50.856661581,49.673328366,49.69999503,28211838
2021-08-19,49.443328389,50.219994977999995,49.3333284,50.036661663000004,22630373
2021-08-20,50.159994983999994,50.573328276,49.916661675,50.483328285,19400390
2021-08-23,50.509994949,50.5956616071,50.136661653,50.149994985,16166090
2021-08-24,50.16666165,50.16666165,49.56666171,49.63332837,18828821
2021-08-25,49.469995053,49.759995024,49.3416617325,49.653328368000004,21921167
2021-08-26,49.156661751,49.423328391000005,48.889995111,49.116661754999996,23466854
2021-08-27,49.169995082999996,49.229995077,48.726661794,48.839995116000004,23088458
2021-08-30,48.80666178599999,49.33329506667,48.673328466,49.23332841,16440638
2021-08-31,49.329995067000006,49.479995052,49.079995092000004,49.36666173,25078554
2021-09-01,49.186661748,49.31082840225,48.856661781,49.259995074,19056680
2021-09-02,49.373328396,49.594995040499995,49.229995077,49.519995048,20022194
2021-09-03,49.399995059999995,49.88242834509,49.29999507,49.749995025,17213711
2021-09-07,49.656661701,49.72332836099999,49.019995098,49.089995091000006,25355952
2021-09-08,48.983328435,49.439995056,48.90999510899999,49.153328418,19508354
2021-09-09,49.153328418,49.203328413,48.613328472,48.80666178599999,22328609
2021-09-10,49.066661759999995,49.079995092000004,48.47499515250001,48.629995136999995,15775205
2021-09-13,48.839995116000004,49.049995095,48.211995178799995,48.353328498,19529297
2021-09-14,48.493328483999996,48.626661804,47.973328536,48.09999519,16533752
2021-09-15,48.023328531,48.249995175,47.929995207,48.18332851500001,14849959
2021-09-16,48.146661852,48.43602848973,47.89669521033,48.343328499,18428270
2021-09-17,48.04666186199999,48.719995128,48.006661866,48.243328508999994,73039117
2021-09-20,47.83332855,48.3949951605,47.206661946000004,47.579995242,25054404
2021-09-21,47.56666190999999,48.193328514,47.556661911,47.673328566,17437472
2021-09-22,47.823328551,47.866661879999995,47.429995256999995,47.563328577,15044531
2021-09-23,47.739995226,47.876661879,47.483328584999995,47.589995241000004,15585422
2021-09-24,47.49999525,47.896661877,47.496661917000004,47.723328560999995,13360621
2021-09-27,47.623328571,47.84999521500001,47.279995272,47.416661925,21250664
2021-09-28,47.293328603999996,47.35826193084,46.663328667,46.83332865,20580764
2021-09-29,46.883328645,47.27666193900001,46.773328656,46.813328651999996,21375491
2021-09-30,46.879995312,47.243328608999995,46.416662025,46.459995354,22470707
2021-10-01,46.419995357999994,46.543328679,45.306695469329995,45.683328765000006,30014553
2021-10-04,45.696662097,46.07666205899999,44.901662176500004,45.243328809,29970255
2021-10-05,45.316662134999994,45.903328743,45.29999547,45.539995446,20597417
2021-10-06,45.413328792,45.929995407,45.376662128999996,45.873328746,19376666
2021-10-07,46.259995374,46.899995309999994,46.253328708,46.413328692,21068129
2021-10-08,46.553328678,46.696661997,46.336662032999996,46.553328678,13847284
2021-10-11,46.506662016,46.926661974,46.479995351999996,46.509995349,13048282
2021-10-12,46.446662022,46.803328653,46.3583286975,46.459995354,15789299
2021-10-13,46.49999535,46.669995332999996,46.043328728999995,46.123328721,17944505
2021-10-14,46.16666205,46.6916619975,46.16666205,46.623328671,19791614
2021-10-15,46.873328646000004,47.0316619635,46.653328668,46.849995315,20737163
2021-10-18,46.666662,47.3349952665,46.609995339,47.226661944,19886900
2021-10-19,48.209995178999996,48.536661813,47.886661878,48.229995177,33444303
2021-10-20,48.296661836999995,48.829995117,48.296661836999995,48.6666618,17453600
2021-10-21,48.85999511400001,48.971661769499995,48.603328473,48.936661773,13954390
2021-10-22,49.03332843,49.896661677,49.03332843,49.446661722,21195728
2021-10-25,49.593328374,50.173328316,49.336661733,50.019994998,19287989
2021-10-26,49.999995,50.183328315000004,49.486661718,49.583328375,17418716
2021-10-27,49.653328368000004,49.673328366,49.129995087,49.176661749,14565676
2021-10-28,49.446661722,49.659995034,49.236661743,49.48332838499999,12598414
2021-10-29,49.303328403,50.0329949967,49.18686174798,49.806661686,22022786
2021-11-01,49.993328334,50.249994975,49.783328354999995,49.929995006999995,12549475
2021-11-02,49.989995001,50.05832832750001,49.759995024,49.906661676,13639042
2021-11-03,49.86666168,50.096661657,49.676661699,50.059994994,14209594
2021-11-04,50.059994994,50.61599493840001,49.943328339000004,50.426661624,15149219
2021-11-05,50.6666616,50.6666616,49.8716616795,50.076661658999996,15081884
2021-11-08,50.073328326,50.169994982999995,49.576661709,49.756661691000005,15373268
2021-11-09,49.839995016,49.956661671,49.621661704500006,49.929995006999995,15001775
2021-11-10,49.576661709,49.873328346,49.326661734,49.479995052,16803635
2021-11-11,49.589995041,49.663328367000005,49.396661727,49.49999505,13603150
2021-11-12,49.6666617,49.746661692,49.179995082,49.253328407999994,18313679
2021-11-15,49.383328395,49.48332838499999,48.79999512,48.969995103,28895967
2021-11-16,48.36666183,48.893328444000005,47.43332859,47.723328560999995,73986697
2021-11-17,47.719995228,48.239995176,47.273328606,47.313328602,33116223
2021-11-18,47.379995261999994,47.763328556999994,46.953328638,47.719995228,24407474
2021-11-19,47.873328546,47.9999952,47.313328602,47.46332858699999,28142187
2021-11-22,47.553328578,48.453328488000004,47.3333286,48.259995174000004,29150367
2021-11-23,48.083328525,48.659995134,47.749995225,48.603328473,29917347
2021-11-24,48.576661808999994,49.019995098,48.546661811999996,48.846661782,18089342
2021-11-26,48.813328452,49.293328404,48.13999518599999,48.29999517,21039716
2021-11-29,48.3333285,48.416661825,47.409995259,47.543328579,33039513
2021-11-30,47.159995284,47.49999525,46.669995332999996,46.876661979,64819056
2021-12-01,46.836661983,46.9049953095,45.679995432,45.713328761999996,36687124
2021-12-02,45.876662079,46.146662051999996,45.079995492,45.156662151,39805684
2021-12-03,45.286662138000004,45.959995404,45.096662157,45.836662083,44142604
2021-12-06,45.853328748,46.453328688000006,45.69999543,46.3333287,32589393
2021-12-07,46.53332868,46.609995339,46.029995397,46.183328715,37739014
2021-12-08,46.019995398,46.16666205,45.336662133,45.716662095000004,34496253
2021-12-09,45.543328779,46.189995380999996,45.236662143000004,46.16666205,32351703
2021-12-10,46.113328722,47.09999529,45.856662080999996,47.009995299,38575624
2021-12-13,46.746661992,47.91662854167,46.669995332999996,47.856661881,54039365
2021-12-14,47.76666189,48.426661824,47.383361928330004,48.313328502,46721285
2021-12-15,48.403328493000004,48.823328451,47.79999522,48.589995141,33489933
2021-12-16,48.589995141,48.8419951158,47.629995236999996,47.779995222000004,39069484
2021-12-17,47.583328575,47.983328535,46.129995386999994,46.249995375,78711818
2021-12-20,46.039995396,46.583328675,45.86666208,46.39999536,31017873
2021-12-21,46.299995370000005,46.619995338,46.003328733,46.539995346000005,24620438
2021-12-22,46.633328670000004,46.663328667,46.176662049,46.59999534000001,17027852
2021-12-23,46.59999534000001,46.719995327999996,46.283328704999995,46.496662017000006,17592650
2021-12-27,46.53332868,46.956661971,46.523328680999995,46.919995308,16053377
2021-12-28,46.866661979999996,47.656661901,46.866661979999996,47.593328574,15789050
2021-12-29,47.553328578,47.843328549,47.439995255999996,47.569995243,13045261
2021-12-30,47.753328558,47.8983285435,47.493328584,47.723328560999995,14948992
2021-12-31,47.73332856,48.348328498499995,47.639995236,48.229995177,17947787
2022-01-03,47.9999952,48.263295173669995,47.669995232999995,48.216661845000004,20709788
2022-01-04,48.013328531999996,48.379961828670005,47.253328608,47.3333286,33930033
2022-01-05,47.616661905,48.649995135,47.57996190867,47.973328536,35417914
2022-01-06,47.873328546,48.213328512,47.46666192,47.839995216000005,21828833
2022-01-07,47.83332855,48.453328488000004,47.653328568,48.296661836999995,19723592
2022-01-10,48.479995152,48.529995147,47.706661896,48.203328513,22731569
2022-01-11,48.069995193000004,48.206661846,47.7249952275,48.066661859999996,21668717
2022-01-12,47.893328544,47.98669520133,47.6666619,47.813328552,18946817
2022-01-13,47.809995219,48.559995144000005,47.70332856300001,48.489995151,24252596
2022-01-14,48.073328526,48.876661778999996,48.073328526,48.353328498,26867361
2022-01-18,48.136661853,48.23332850999999,47.376661929,47.506661916000006,21134756
2022-01-19,47.513328582,48.329995167,47.306661936,47.979995202,22673984
2022-01-20,47.449995255,48.153328518,47.023328631,47.073328626,22387127
2022-01-21,47.073328626,47.42052859128,46.686661998,46.729995327,27508179
2022-01-24,46.356662031,46.84429531557,45.769995423,46.73332866,28711377
2022-01-25,46.663328667,46.789995321,45.603328773,45.716662095000004,29479437
2022-01-26,45.779995422,46.263328707,45.053328828,45.249995475,26185494
2022-01-27,45.63999543599999,46.35999536400001,45.123328821,45.279995472,27783801
2022-01-28,45.3333288,45.856662080999996,44.649995534999995,45.839995416,25132026
2022-01-31,45.696662097,46.679995332,45.566662109999996,46.603328673,20193476
2022-02-01,46.403328693000006,47.04996196167,46.329995367,46.969995303,20323100
2022-02-02,46.9999953,47.213328612,46.716661995,46.949995304999995,18149783
2022-02-03,46.753328657999994,47.329995267,46.589995341000005,46.996661967,20741204
2022-02-04,46.963328637,46.9999953,46.116662055,46.443328689000005,22036523
2022-02-07,46.686661998,46.689995331,45.869995413000005,45.986662068,20010362
2022-02-08,46.106662056,46.413328692,45.836662083,45.996662067,19458881
2022-02-09,46.16666205,46.263328707,45.823328751,45.896662077,21473771
2022-02-10,45.516662115,45.6716620995,45.153328818000006,45.359995464,27810600
2022-02-11,45.606662105999995,45.726662094000005,44.7216621945,45.109995489000006,23733407
2022-02-14,45.109995489000006,45.319995468,44.236662243000005,44.649995534999995,29363511
2022-02-15,44.913328842000006,45.223328810999995,44.596662206999994,44.789995521,21848549
2022-02-16,44.77666218900001,44.959995504,44.23332891,44.509995549,28490589
2022-02-17,44.6666622,46.489995351,44.593328874,46.293328704,53831555
2022-02-18,46.03332873,46.52996201367,45.72022876131,45.996662067,31103463
2022-02-22,45.923328741000006,46.079995392,45.313328802,45.483328785,25380930
2022-02-23,45.619995438000004,45.729995427,44.946662172,45.01666216500001,21030941
2022-02-24,44.636662203,45.003328833,44.003328933,44.843328849,31717443
2022-02-25,44.936662173,45.593328774,44.696662197,45.459995454,24997772
2022-02-28,44.9999955,45.356662131,44.589995541,45.053328828,26286684
2022-03-01,45.289995471000005,45.963328737,45.006662166000005,45.329995467,24025043
2022-03-02,45.219995478,45.609995439,45.059995494,45.386662128,23864255
2022-03-03,45.763328757,46.823328651,45.516662115,46.429995356999996,29885211
2022-03-04,45.936662073,47.646661902,45.863328747000004,47.606661906,35580664
2022-03-07,47.09999529,47.876661879,46.816661984999996,47.22332861099999,45870095
2022-03-08,47.16666195,47.486661918,46.193328714,46.246662042000004,28305531
2022-03-09,46.666662,46.746661992,46.046662061999996,46.486662018000004,22122938
2022-03-10,46.496662017000006,47.6666619,46.336662032999996,47.543328579,27512790
2022-03-11,47.43332859,48.016661865,47.293328603999996,47.356661931,19162262
2022-03-14,47.339995266,48.283328505,47.329995267,48.016661865,22646297
2022-03-15,48.176661849,48.716661795,47.949995205,48.593328474,22872485
2022-03-16,48.463328487,48.979995102,47.89999520999999,48.449995154999996,24615959
2022-03-17,48.149995184999995,48.43332849,47.549995245000005,48.336661832999994,19023020
2022-03-18,48.393328494,48.523328481,48.0359951964,48.479995152,31233423
2022-03-21,48.476661819,49.096661757,47.873328546,48.076661859,21350630
2022-03-22,48.203328513,48.323328501,47.65999523399999,47.933328540000005,20235125
2022-03-23,47.713328561999994,47.909995208999995,47.173328616000006,47.316661935,19625537
2022-03-24,47.46332858699999,47.969995202999996,47.2916619375,47.60999523900001,13440886
2022-03-25,47.816661884999995,47.976661869000004,47.42166192449999,47.816661884999995,14088247
2022-03-28,47.83332855,48.686661798,47.76666189,48.6666618,20105645
2022-03-29,48.86666178,49.36666173,48.749995125,49.076661759,19934441
2022-03-30,49.043328429,50.059994994,49.013328431999994,49.956661671,24991574
2022-03-31,49.596661706999996,50.179994982,49.393328394,49.639995035999995,27163881
2022-04-01,49.886661677999996,50.423328291000004,49.61322837201,50.336661633,20939801
2022-04-04,50.303328303,51.06666155999999,50.026661664,50.346661632,25337490
2022-04-05,50.293328304,51.109994889000006,50.293328304,50.489994951,18657809
2022-04-06,50.339994966000006,51.806661485999996,50.16609498339,51.663328167,28018434
2022-04-07,51.69999483,52.513328081999994,51.479994852,52.179994781999994,27088065
2022-04-08,52.303328103,52.803328053,52.069994793,52.469994753,23294537
2022-04-11,52.323328101,52.746661392,51.209994879,51.429994857,24712757
2022-04-12,51.413328192,51.79999482,50.849994915,51.076661558999994,26761203
2022-04-13,51.149994885,52.596661407,51.116661555,52.406661426,29284599
2022-04-14,52.369994763,52.763328056999995,52.143328119,52.35999476400001,22360481
2022-04-18,52.249994775,52.659994733999994,51.736661493,51.959994804,14671816
2022-04-19,52.223328110999994,52.64999473499999,52.013328132,52.549994745,15854921
2022-04-20,52.783328055,53.449994655,52.764994723499996,53.209994679,19821515
2022-04-21,53.306661336,53.589994641000004,53.023328031,53.289994671,18168302
2022-04-22,53.416661325,53.453327988000005,52.219994778,52.286661438,21046319
2022-04-25,52.123328121,52.489994751,51.449994855,52.313328102,18057539
2022-04-26,52.123328121,52.709994729,51.73332816,51.766661490000004,19601033
2022-04-27,51.843328149,52.06666146,51.339994866000005,51.413328192,17496782
2022-04-28,51.743328158999994,52.326661433999995,51.366661529999995,52.069994793,14971030
2022-04-29,51.936661473,52.073328126,50.903328243000004,50.996661567000004,21088661
2022-05-02,51.653328168,51.663328167,50.106661656,50.659994934,20016005
2022-05-03,50.809994919000005,51.4249948575,50.593328274,50.836661582999994,17951057
2022-05-04,50.676661599,51.606661505999995,50.503328282999995,51.539994846,20022671
2022-05-05,51.21332821199999,51.276661539,50.46666162,50.913328242000006,23234321
2022-05-06,50.569994943000005,51.316661534999994,49.423328391000005,49.853328348,34258083
2022-05-09,49.489995051,51.033328229999995,49.396661727,50.436661623,28207080
2022-05-10,50.476661619000005,50.763328257,49.519995048,49.726661694,24861320
2022-05-11,49.799995020000004,50.249994975,48.969995103,49.206661746,27878736
2022-05-12,49.28666173800001,50.049994995,48.839995116000004,49.159995083999995,25244526
2022-05-13,49.236661743,49.459995054,48.71332846199999,49.349995065,19962170
2022-05-16,49.793328353999996,49.91059500894,48.819995118,49.403328393,21448997
2022-05-17,45.476662119000004,45.813328752,43.546662311999995,43.783328954999995,132940183
2022-05-18,42.676662399,42.756662391000006,40.509995949,40.809995919,104253130
2022-05-19,40.289995971,40.596629273670004,39.53332938,39.689996031,71008507
2022-05-20,39.879996012,40.279995972,39.089996090999996,39.73332936,49355945
2022-05-23,39.973329336,41.256662541,39.953329338,40.866662579999996,43680844
2022-05-24,40.403329293,41.516662515,40.36012929732,41.376662529,34584843
2022-05-25,41.3333292,41.556662511,40.866662579999996,41.123329221,27121884
2022-05-26,41.76666249,42.13332912,41.46666252,41.9999958,28197711
2022-05-27,41.829995817,42.873329046,41.769995823,42.826662383999995,25299801
2022-05-31,42.486662417999995,43.29999567,42.473329086,42.876662378999995,36912424
2022-06-01,42.83332905,42.973329035999996,41.559995844,41.816662485,28534689
2022-06-02,41.856662481,42.509995749,41.443329188999996,42.503329083000004,23214395
2022-06-03,42.223329111,42.473329086,41.696662497,41.773329155999996,18302723
2022-06-06,41.939995806,42.09999579,41.528329180499995,41.623329171,19855475
2022-06-07,40.413329292,41.163329217,40.292462637419995,41.123329221,47707895
2022-06-08,40.783329255,41.303329203,40.649995935,40.766662589999996,22522673
2022-06-09,40.6666626,41.449995855,40.329995966999995,40.339995966,19886216
2022-06-10,39.916662675,40.913329241999996,39.779996022,40.56666261,25246827
2022-06-13,39.913329342,40.413329292,39.696662697,39.803329353,24897884
2022-06-14,39.709996028999996,39.999996,39.389996061,39.819996018,21544343
2022-06-15,39.989996001,40.136662653,39.30096273657,39.793329354,25913856
2022-06-16,39.449996055,40.586662608000005,39.409996059,40.206662646,30706893
2022-06-17,40.006662666,40.293329304,39.323329401,39.429996057000004,36838894
2022-06-21,39.43332939,40.926662574,39.406662726,40.723329261,23916521
2022-06-22,40.69999593,41.083329225,40.196662647000004,40.229995977,20245157
2022-06-23,40.583329275,41.319995868,40.39999596,41.206662546000004,18040931
2022-06-24,41.363329197,41.769995823,41.053329227999996,41.239995876,31845963
2022-06-27,41.259995874,41.579995841999995,40.929995907,41.373329196,19889054
2022-06-28,41.553329178,41.856662481,40.763329257,40.789995921,15401576
2022-06-29,40.963329237,41.116662555,40.323329301,40.639995936,19111622
2022-06-30,40.293329304,40.686662598,39.963329337,40.526662614,19166237
2022-07-01,40.646662602,40.973329236,40.386662627999996,40.876662579,17460971
2022-07-05,40.736662593,41.503329183,40.536662613,41.416662525,18219713
2022-07-06,41.493329184000004,42.093329124,41.43332919,41.709995829,21300125
2022-07-07,41.729995826999996,41.8416624825,41.373329196,41.773329155999996,17487290
2022-07-08,41.939995806,42.203329113,41.716662495,41.79999582,14751070
2022-07-11,41.673329166,42.109995789,41.539995846000004,41.816662485,11533879
2022-07-12,41.703329163,42.376662429,41.573329176,41.689995831,13732270
2022-07-13,41.479995852,42.153329117999995,41.303329203,41.789995821,12689119
2022-07-14,41.386662528,42.773329055999994,41.379995862,42.606662406,20905391
2022-07-15,42.933329040000004,43.423328991000005,42.683329065,43.023329030999996,21184253
2022-07-18,42.883329045,43.43332899000001,42.753329058,42.923329041,14243737
2022-07-19,43.129995687,43.319995668000004,42.86666238,43.186662348,16995257
2022-07-20,43.503328982999996,43.769995623,43.16666235,43.546662311999995,18564818
2022-07-21,43.559995644000004,44.186662248,43.49999565,44.183328915000004,18764654
2022-07-22,44.179995582,44.463328886999996,43.7436622923,44.069995593,13616302
2022-07-25,44.129995586999996,44.23326224334,43.81939561806,44.006662266000006,20535164
2022-07-26,40.376662629,40.896662577,40.019995998,40.659995934,95391550
2022-07-27,40.413329292,42.2549957745,40.34222929911,42.196662447,42159694
2022-07-28,42.089995791,43.503328982999996,42.089995791,43.249995675,33262323
2022-07-29,42.773329055999994,44.0883289245,42.67082906624999,44.016662265,30141843
2022-08-01,43.686662298,44.743328858999995,43.6666623,44.179995582,24996278
2022-08-02,44.383328895,44.569995543000005,43.799995620000004,44.226662244,19695020
2022-08-03,44.053328928,44.313328902,43.286662338000006,43.49999565,32003103
2022-08-04,43.556662311,43.59999564,41.776662488999996,41.856662481,53106005
2022-08-05,41.836662483000005,42.269995773,41.706662496,42.193329114,32006883
2022-08-08,42.216662445000004,42.73749572625,42.203329113,42.536662413,18183332
2022-08-09,42.629995737,42.989995701,42.403329092999996,42.956662371,19325012
2022-08-10,43.333329,43.381662328500006,42.796662387,43.04666236199999,25250985
2022-08-11,43.23332901,43.456662321,42.86666238,43.273329006,23854484
2022-08-12,43.333329,44.279995572000004,43.273329006,44.073328926,26624901
2022-08-15,43.876662279,44.523328881,43.78556228810999,44.19999558,26516127
2022-08-16,46.299995370000005,46.976661969000006,46.063328727,46.456662021,91773339
2022-08-17,46.189995380999996,47.573328576,46.13332872,46.506662016,41792104
2022-08-18,46.509995349,46.806661985999995,46.16666205,46.356662031,19197536
2022-08-19,46.306662036,46.356662031,45.636662103,45.673328766000004,22918676
2022-08-22,45.39999546,45.57329544267,44.813328852,44.856662181,18667223
2022-08-23,44.869995513000006,44.986662168,44.403328893,44.6666622,16955090
2022-08-24,44.783328855,45.0983288235,44.53332888,44.989995501,15766538
2022-08-25,45.093328824,45.329995467,45.009995499,45.289995471000005,19414604
2022-08-26,45.369995463,45.609995439,43.838328949499996,43.86666228,21331847
2022-08-29,43.609995639000005,44.621662204500005,43.529995647,44.293328904,17381567
2022-08-30,44.446662222,44.549995545,43.913328942,44.159995583999994,14468032
2022-08-31,44.259995574,44.596662206999994,43.976662269,44.183328915000004,22460750
2022-09-01,44.179995582,45.046662162,44.133328920000004,44.826662184,21741803
2022-09-02,44.949995505,45.223328810999995,44.143328919000005,44.3333289,17234543
2022-09-06,44.349995565,44.539995546,43.573328976,44.113328922,21899612
2022-09-07,44.353328898,45.3216621345,44.246662242000006,45.246662142000005,17058974
2022-09-08,45.13332882,45.623328771000004,44.959995504,45.476662119000004,16956026
2022-09-09,45.433328790000004,45.83332875,45.376662128999996,45.613328772,16145288
2022-09-12,45.69332876400001,46.082995391699995,45.6549954345,46.023328731,14284519
2022-09-13,45.619995438000004,45.98332873499999,44.936662173,45.073328826,17687327
2022-09-14,45.209995479,45.509995449,44.699995529999995,44.97332883599999,19934696
2022-09-15,45.01666216500001,45.049995495000005,44.323328901,44.489995551,20189336
2022-09-16,43.9999956,44.849995515,43.759995624,44.396662227,41874394
2022-09-19,44.273328905999996,44.919995508,44.156662251,44.77666218900001,16853183
2022-09-20,44.49332888399999,44.626662204,44.178328915499996,44.516662215000004,13963450
2022-09-21,45.146662152,45.816662085,44.873328846,44.923328841,24903572
2022-09-22,44.856662181,44.906662176,44.279995572000004,44.463328886999996,16744376
2022-09-23,44.289995571,44.39166222750001,42.923329041,43.353328998,27195396
2022-09-26,42.916662375,44.046662262,42.756662391000006,43.769995623,23011085
2022-09-27,44.076662258999995,44.476662219000005,43.434495656550006,43.649995634999996,16979582
2022-09-28,43.803328953,44.549995545,43.239995676,44.369995563,16838285
2022-09-29,44.49999555,44.706662196,43.876662279,44.083328924999996,15241601
2022-09-30,44.079995592,44.119995588,43.23332901,43.23332901,19602185
2022-10-03,43.413328992000004,44.263328906999995,43.336662333,44.176662249,17574779
2022-10-04,44.619995538000005,45.06666215999999,44.456662221,44.749995525,16134368
2022-10-05,44.586662208,44.873328846,44.169995582999995,44.306662235999994,14553829
2022-10-06,44.359995564,44.826662184,43.859995614000006,43.893328944000004,14200465
2022-10-07,43.769995623,43.883328945,42.689995730999996,42.853329048,17080391
2022-10-10,43.176662349,43.309995669,42.76056239061,43.106662356,11411557
2022-10-11,43.169995682999996,44.59999554,43.1516623515,44.223328910999996,21276125
2022-10-12,44.336662233,44.92309550768999,43.656662301,43.72332896099999,16947581
2022-10-13,43.093329024,44.313328902,42.789995721000004,44.093328924,20545508
2022-10-14,44.146662252,44.406662226,43.349995665,43.476662319,16642667
2022-10-17,43.653328968000004,44.27502890583,43.5283289805,43.789995621,17812397
2022-10-18,44.476662219000005,45.033328829999995,44.44332888900001,44.713328862,16842167
2022-10-19,44.77666218900001,44.91079550892,44.323328901,44.586662208,11339482
2022-10-20,44.659995534,45.13332882,44.5483288785,44.696662197,12754939
2022-10-21,44.936662173,45.803328752999995,44.6666622,45.59999544,18134693
2022-10-24,45.816662085,46.8249953175,45.709995428999996,46.469995353,18806639
2022-10-25,46.363328697,46.813328651999996,46.106662056,46.689995331,15051197
2022-10-26,46.786661988000006,47.346661931999996,46.606662006,47.046661961999995,20763179
2022-10-27,47.003328632999995,47.36666193,46.764995323499996,46.909995308999996,16602932
2022-10-28,46.683328665000005,47.63332857,46.679995332,47.503328583,13648171
2022-10-31,47.446661922000004,47.689995231,47.256661941000004,47.443328589000004,22572074
2022-11-01,47.656661901,47.84999521500001,47.16666195,47.229995277,14814982
2022-11-02,47.053328627999996,47.8549952145,46.899995309999994,46.916661975,15528068
2022-11-03,46.503328683,47.238228609509996,46.35999536400001,46.906661976,10976365
2022-11-04,47.343328599,47.403328593000005,46.26499537349999,46.989995301,14669305
2022-11-07,47.08666195799999,47.6563285677,47.08666195799999,47.483328584999995,11364109
2022-11-08,47.526661914,48.0249951975,47.169995283,47.596661907,15068513
2022-11-09,47.586661907999996,47.719995228,46.403328693000006,46.489995351,15932171
2022-11-10,47.503328583,47.563328577,46.83332865,47.453328588000005,20310614
2022-11-11,47.556661911,47.706661896,46.663328667,47.526661914,19270922
2022-11-14,47.213328612,47.773328555999996,46.089995391,46.129995386999994,37525924
2022-11-15,48.536661813,50.089994991000005,48.18332851500001,49.146661752,76548698
2022-11-16,49.293328404,50.066661659999994,49.039995096,49.49999505,32593233
2022-11-17,49.003328433,49.576661709,48.903328443,49.3333284,24797810
2022-11-18,49.889995010999996,50.079994992,49.589995041,50.076661658999996,18986852
2022-11-21,50.20332831300001,50.713328262,50.063328327,50.383328295,21157079
2022-11-22,50.6666616,50.816628251670004,50.373328296000004,50.563328277,16898543
2022-11-23,50.693328264,51.1216615545,50.626661604,50.806661586,16920677
2022-11-25,50.706661596000004,51.029994897,50.620894937909995,51.023328231,8777422
2022-11-28,50.906661576,51.54666151199999,50.906661576,51.169994882999994,17679965
2022-11-29,51.009994899,51.236661543000004,50.849994915,50.989994901,13842154
2022-11-30,50.869994913000006,50.923328241,50.399994959999994,50.806661586,31337973
2022-12-01,50.683328265,51.203328213000006,50.243328309,51.123328221,22732169
2022-12-02,50.49332828399999,51.0783282255,50.49332828399999,51.073328226,20733134
2022-12-05,50.916661575,50.9999949,50.169994982999995,50.549994945,23608274
2022-12-06,50.399994959999994,50.6349949365,49.736661693,49.96332833699999,20625608
2022-12-07,50.16666165,50.403328293,49.606661706,49.703328363000004,17550212
2022-12-08,49.719995028,49.758328357500005,49.37999506199999,49.593328374,13512643
2022-12-09,49.156661751,49.2383284095,48.406661826,48.436661823,27929457
2022-12-12,48.63332847,49.36666173,48.519995148,49.339995066,19432331
2022-12-13,49.999995,50.066661659999994,48.913328442,49.163328417,23408669
2022-12-14,49.029995097000004,49.509995049,48.653328468000005,48.889995111,20334626
2022-12-15,48.526661814,48.80666178599999,47.876661879,48.453328488000004,17517971
2022-12-16,48.159995183999996,48.239995176,47.523328580999994,47.583328575,40343224
2022-12-19,47.669995232999995,47.853328548,47.242428609090005,47.599995240000005,15067457
2022-12-20,47.639995236,48.213328512,47.416661925,48.016661865,17009303
2022-12-21,48.106661855999995,48.646661802,48.086661858,48.393328494,13726522
2022-12-22,48.256661841,48.326661834,47.309995269000005,47.826661883999996,13086199
2022-12-23,47.683328565000004,47.933328540000005,47.426661924,47.923328541000004,9547705
2022-12-27,48.013328531999996,48.149995184999995,47.729995226999996,47.936661873,10045219
2022-12-28,47.823328551,47.889995211,46.969995303,47.096661956999995,15246188
2022-12-29,47.379995261999994,47.673328566,47.249995275,47.383328595,9172237
2022-12-30,47.186661948,47.33082860025,46.936661973,47.263328607,11505949
2023-01-03,47.516661915,47.903328543,47.363328597,47.866661879999995,17249687
2023-01-04,47.80666188599999,48.016661865,47.356661931,47.919995207999996,13338910
2023-01-05,47.819995218,48.043328529,47.549995245000005,47.756661891,13274422
2023-01-06,48.199995179999995,49.183328415000005,48.079995192000005,48.926661774,21231809
2023-01-09,48.773328455999994,49.28666173800001,48.266661840000005,48.316661835,17756621
2023-01-10,48.313328502,48.483328484999994,47.909995208999995,48.28666183800001,11970658
2023-01-11,48.579995142,48.726661794,48.243328508999994,48.709995129,14834599
2023-01-12,48.803328453,48.80666178599999,48.129995187,48.269995173,12472780
2023-01-13,48.509995149,48.606661806,47.953361871329996,48.429995157,13700188
2023-01-17,48.429995157,48.569995143,48.064995193499996,48.136661853,15122435
2023-01-18,48.066661859999996,48.083328525,46.8249953175,46.946661972,22674425
2023-01-19,47.12999528699999,47.1749952825,46.263328707,46.276662039,17342102
2023-01-20,46.46666202,46.926661974,46.056662061,46.846661982,29542986
2023-01-23,46.819995318000004,47.669995232999995,46.73332866,47.546661912,13149814
2023-01-24,48.849995115000006,53.293328003999996,46.9999953,47.673328566,13669351
2023-01-25,47.413328592000006,47.6116619055,46.79666198699999,47.446661922000004,12491737
2023-01-26,47.676661899,47.916661875,47.253328608,47.403328593000005,15819098
2023-01-27,47.533328579999996,48.156661851,47.249995275,47.76666189,18412748
2023-01-30,47.373328596,47.483328584999995,47.089995291,47.383328595,15897470
2023-01-31,47.439995255999996,47.959995203999995,47.219995278,47.956661871,14103472
2023-02-01,47.886661878,48.536661813,47.56666190999999,48.223328511,12849178
2023-02-02,48.136661853,48.28666183800001,47.645195235479996,47.873328546,17806775
2023-02-03,47.786661888000005,47.986661868000006,46.953328638,47.236661943,17155505
2023-02-06,47.273328606,47.36666193,46.676661999000004,46.893328644,17453915
2023-02-07,46.589995341000005,47.09999529,46.229995377,46.993328633999994,16341350
2023-02-08,46.776661989000004,47.03332863,46.6616620005,46.739995326,11691175
2023-02-09,46.956661971,47.313328602,46.855995314400005,47.173328616000006,13064938
2023-02-10,47.696661897,47.979995202,47.389995260999996,47.906661876,15002843
2023-02-13,48.236661843,48.706661796,48.169995183,48.636661802999996,16015907
2023-02-14,48.576661808999994,49.04356176231,48.186661848,48.496661817,13831891
2023-02-15,48.319995168000005,48.86666178,48.186661848,48.856661781,14678053
2023-02-16,48.493328483999996,48.663328467,48.059995194,48.089995191,16312160
2023-02-17,48.369995163000006,48.896661777,48.189995181,48.813328452,24770822
2023-02-21,47.626661903999995,49.446661722,47.383328595,49.109995089,54393845
2023-02-22,48.923328441,49.189995081,47.586661907999996,48.079995192000005,29843958
2023-02-23,48.123328521000005,48.123328521000005,46.903328643,47.363328597,22021259
2023-02-24,46.946661972,47.579995242,46.509995349,47.489995250999996,20623595
2023-02-27,47.569995243,47.696661897,46.886661978,47.146661952,16647299
2023-02-28,46.9999953,47.549995245000005,46.983328635,47.376661929,18054110
2023-03-01,47.019995298,47.093328624,46.45669535433,46.716661995,14180197
2023-03-02,46.613328672,46.913328642,46.49999535,46.83332865,14788546
2023-03-03,47.013328632,47.063328627,46.589995341000005,46.88999531099999,16888679
2023-03-06,46.83332865,46.993328633999994,46.673328666,46.883328645,16720838
2023-03-07,47.059995294000004,47.226661944,46.263328707,46.416662025,17387516
2023-03-08,46.186662048,46.306662036,45.759995424,46.03332873,19090724
2023-03-09,46.276662039,46.326662033999995,45.63999543599999,45.723328761,15415691
2023-03-10,45.673328766000004,46.093328724,45.363328797,45.656662101,20065085
2023-03-13,45.559995444,46.16666205,45.526662114000004,45.789995421,28142073
2023-03-14,45.896662077,46.089995391,45.666662099999996,46.03332873,25542663
2023-03-15,45.629995437,46.603328673,45.569995443,46.546662012,33133623
2023-03-16,46.476662019,46.549995345,45.959995404,46.093328724,28912413
2023-03-17,46.063328727,46.496662017000006,45.863328747000004,46.46666202,43081204
2023-03-20,46.69999533,47.306661936,46.603328673,46.966661970000004,33928593
2023-03-21,47.12999528699999,47.12999528699999,46.509995349,46.806661985999995,19013345
2023-03-22,46.879995312,47.073328626,46.486662018000004,46.506662016,18548423
2023-03-23,46.73332866,47.203328613000004,46.496662017000006,46.883328645,22044203
2023-03-24,47.003328632999995,47.489995250999996,46.866661979999996,47.266661940000006,22752818
2023-03-27,47.596661907,48.3249951675,47.593328574,48.056661860999995,26775519
2023-03-28,47.883328545000005,48.136661853,47.683328565000004,47.869995213,21282848
2023-03-29,48.123328521000005,48.319995168000005,47.816661884999995,48.076661859,24217400
2023-03-30,48.49999515,48.86666178,48.339995166,48.556661811,21878999
2023-03-31,48.85999511400001,49.479995052,48.823328451,49.14999508499999,20867990
2023-04-03,49.24332840899999,49.649995034999996,49.16666175,49.563328377,19766648
2023-04-04,49.509995049,49.596661706999996,49.006661766,49.076661759,18113663
2023-04-05,49.056661760999994,49.959995004,49.04666176199999,49.889995010999996,26540694
2023-04-06,49.59999504,50.34586163208,49.506661716,50.26666164,17891615
2023-04-10,50.119994988,50.373328296000004,49.923328341,50.169994982999995,14519098
2023-04-11,50.3333283,50.3333283,49.873328346,50.023328330999995,18370430
2023-04-12,49.929995006999995,50.323328301,49.72332836099999,49.779995022,11209699
2023-04-13,49.883328345,49.999995,49.399995059999995,49.829995017,13272691
2023-04-14,49.676661699,49.96332833699999,49.381661728500006,49.493328383999994,10465522
2023-04-17,49.546661711999995,49.889995010999996,49.49999505,49.839995016,16166816
2023-04-18,49.926661674,50.113328322,49.813328352,49.949995005,13482952
2023-04-19,50.279994972000004,50.469994953,49.923328341,50.003328333,12433546
2023-04-20,50.069994993,50.463328286999996,49.86666168,50.323328301,13641976
2023-04-21,50.653328268,50.766661590000005,50.39166162750001,50.576661609,25335735
2023-04-24,50.569994943000005,50.983328234999995,50.569994943000005,50.919994908,13579507
2023-04-25,51.096661557,51.249994875,50.44332828900001,50.523328281,17246600
2023-04-26,50.326661634,50.469994953,50.073328326,50.303328303,12910231
2023-04-27,50.259994974,50.646661602,50.259994974,50.459994953999995,12860971
2023-04-28,50.429994957,50.723328261,50.059994994,50.323328301,14088580
2023-05-01,50.346661632,50.846661581999996,50.309994969,50.529994947,11410150
2023-05-02,50.489994951,50.496661617,49.819995018,50.393328294,11330155
2023-05-03,50.519994948,50.699994929999995,50.089994991000005,50.206661646,12334354
2023-05-04,50.183328315000004,50.329994967000005,49.829995017,50.156661651,14011339
2023-05-05,50.099994990000006,50.669994933,49.943328339000004,50.589994941,14555911
2023-05-08,50.423328291000004,50.983328234999995,50.353328298,50.906661576,14926699
2023-05-09,50.906661576,51.059994894,50.779994922,50.993328233999996,15209744
2023-05-10,51.229994876999996,51.449994855,50.409994958999995,50.849994915,15827606
2023-05-11,50.849994915,51.089994891,50.6666616,51.039994896,11926861
2023-05-12,51.19999488,51.356661531,50.903328243000004,51.023328231,16119260
2023-05-15,51.16666155,51.283328205,50.459994953999995,50.626661604,16114031
2023-05-16,50.283328305,50.509994949,49.85759501424,49.926661674,15540011
2023-05-17,50.379994962,50.383328295,49.569995043000006,49.843328349000004,26985939
2023-05-18,50.59999494,51.429994857,49.983328334999996,50.489994951,46768565
2023-05-19,50.46666162,50.486661618,49.7039950296,49.969995003,27594114
2023-05-22,49.89999501,50.026661664,49.4283283905,49.529995047,16117796
2023-05-23,49.336661733,49.61992837134,49.026661764,49.436661723,16302236
2023-05-24,49.503328382999996,49.513328382,48.76666179,49.209995078999995,20515151
2023-05-25,48.959995104,49.146661752,48.363328497,48.719995128,21299744
2023-05-26,48.56666181,48.9383284395,48.489995151,48.80666178599999,15720857
2023-05-30,48.76666179,49.096661757,48.533328479999994,48.686661798,15742598
2023-05-31,48.47332848599999,49.103328423,48.336661832999994,48.956661771,30130803
2023-06-01,48.736661793,49.29999507,48.646661802,49.136661753,20239181
2023-06-02,49.073328425999996,49.67166169949999,49.03332843,49.606661706,19178246
2023-06-05,49.789995021,50.416661625,49.879995011999995,49.93332834,15553175
2023-06-06,49.89999501,50.063328327,49.503328382999996,49.926661674,15015680
2023-06-07,49.749995025,50.119994988,49.679995031999994,49.999995,24256640
2023-06-08,50.129994986999996,50.809994919000005,49.929995006999995,50.723328261,18875318
2023-06-09,50.719994928,51.239994876,50.53332828,51.029994897,15605603
2023-06-12,51.143328219000004,51.433328190000005,51.0549948945,51.366661529999995,14715667
2023-06-13,51.506661516,51.836661483,51.356661531,51.766661490000004,15738887
2023-06-14,51.969994803,52.443328089000005,51.869994813000005,52.289994771,21103118
2023-06-15,52.3333281,52.743328059,52.326661433999995,52.576661408999996,18160355
2023-06-16,52.693328064000006,52.716661395,51.759994824,51.843328149,34675743
2023-06-20,51.566661509999996,51.816661485,51.293328204,51.386661528,20007770
2023-06-21,51.403328193,51.778328155500006,51.11999488800001,51.486661518000005,19251428
2023-06-22,51.659994833999995,52.02666146400001,51.493328184,51.916661475,13307704
2023-06-23,51.959994804,52.096661456999996,51.673328166000005,51.819994818000005,18974999
2023-06-26,51.883328145,51.926661474,51.439994856,51.683328165000006,14106418
2023-06-27,51.383328195000004,51.949994804999996,51.353328198,51.496661517,12093574
2023-06-28,51.576661509,51.893328144,51.5449948455,51.776661489000006,18889895
2023-06-29,51.503328182999994,51.583328175,51.046661562,51.426661524000004,21530279
2023-06-30,51.656661501,52.509994749,51.593328174,52.393328094000005,19073060
2023-07-03,52.269994773,52.813328051999996,52.109994789000005,52.73332806,8647450
2023-07-05,52.719994727999996,53.039994696,52.446661422,52.70332806300001,17585798
2023-07-06,52.643328069,52.726661394000004,52.289994771,52.369994763,14427685
2023-07-07,51.936661473,52.096661456999996,51.149994885,51.163328217,19774712
2023-07-10,51.519994848,51.83332815,51.439994856,51.626661504,12967723
2023-07-11,51.589994841000006,51.836661483,51.286661538000004,51.549994845,11463184
2023-07-12,51.769994823,51.963328137,51.606661505999995,51.679994832,16509965
2023-07-13,51.809994819,51.86666148,51.229994876999996,51.376661528999996,11859649
2023-07-14,51.373328196,51.556661510999994,51.193328214000005,51.553328178,10427467
2023-07-17,51.46666152,51.659994833999995,51.273328205999995,51.616661504999996,10135843
2023-07-18,51.556661510999994,51.886661478,51.286661538000004,51.523328181,13440202
2023-07-19,51.59999484,51.73332816,51.249994875,51.539994846,12372811
2023-07-20,51.643328169,52.516661415,51.63332817,52.493328084,14987809
2023-07-21,52.633328070000005,52.926661374,52.479994751999996,52.789994721,16960394
2023-07-24,52.816661384999996,53.159994684,52.519994748,53.09999469,12529870
2023-07-25,53.486661318,53.5049946495,52.759994724,53.056661360999996,15553925
2023-07-26,53.079994692,53.563327977,52.97872803546,53.246661342,15094082
2023-07-27,53.359994664000006,53.546661312,53.043328029,53.053328027999996,13400308
2023-07-28,53.096661356999995,53.646661302,53.096661356999995,53.303328003,11021866
2023-07-31,53.319994668,53.546661312,52.969994703,53.286661338,13034035
2023-08-01,53.316661335,53.483327984999995,52.986661368,53.03666136300001,11783536
2023-08-02,52.843328049,53.476661319,52.843328049,53.073328026,12661981
2023-08-03,53.006661366,53.166028016729996,52.83832804949999,53.08666135799999,13204036
2023-08-04,53.253328008,53.416661325,52.653328068,52.779994722,14263099
2023-08-07,53.16666135,53.736661293000004,53.03666136300001,53.496661317000004,14269615
2023-08-08,53.663327967,53.873327946,53.169994683,53.549994645000005,11018116
2023-08-09,53.636661303,54.03332793,53.569994643,53.636661303,13209616
2023-08-10,53.596661307,53.916661275,53.343327999,53.419994658,15169490
2023-08-11,53.516661315,53.94332793900001,53.36666133,53.73332796,14195203
2023-08-14,53.9999946,54.259994574,53.059994694000004,53.333328,20813672
2023-08-15,53.179994682,53.596661307,52.973328036,53.059994694000004,14559448
2023-08-16,53.293328003999996,53.656661301,52.789994721,53.08666135799999,26980944
2023-08-17,53.63332797,53.713327961999994,51.673328166000005,51.896661477,53614295
2023-08-18,51.769994823,53.22332801099999,51.769994823,52.643328069,27954783
2023-08-21,52.543328079,52.946661372,52.346661432,52.503328083,15679268
2023-08-22,52.323328101,52.436661423000004,52.079994792,52.336661432999996,16672511
2023-08-23,52.203328113000005,52.79999472,52.169994783,52.69999473,14210353
2023-08-24,52.709994729,53.076661359,52.273328106,52.296661437,14033095
2023-08-25,52.393328094000005,52.679994732,52.179994781999994,52.606661406,12267406
2023-08-28,52.619994738,52.943328039,52.619994738,52.906661376,11871124
2023-08-29,52.9999947,53.4083279925,52.953328038,53.349994665000004,12702205
2023-08-30,53.46666132,53.76329462367,53.306661336,53.73332796,10967761
2023-08-31,53.706661296,54.329994567,53.653327968,54.203327913,19582898
2023-09-01,54.289994571,54.319994568000006,53.383327995,53.856661281,12553369
2023-09-05,53.949994605,54.266661240000005,53.393327994,53.423327991,15209360
2023-09-06,53.46666132,54.056661260999995,53.303328003,53.823327950999996,14594563
2023-09-07,53.9999946,54.493327883999996,53.829994617000004,54.489994551,19120889
2023-09-08,54.493327883999996,54.61999453800001,54.356661231,54.589994541,12668965
2023-09-11,54.6666612,54.82686118398,54.553327878,54.779994522,11912119
2023-09-12,54.833327849999996,54.97769450223,54.679994531999995,54.839994516000004,11757358
2023-09-13,54.976661169,55.28329447167,54.789994521000004,54.853327848,14364271
2023-09-14,54.9999945,55.246661142,54.803327853,55.083327825,14923708
2023-09-15,55.069994493,55.219994478,54.589994541,54.879994511999996,63925086
2023-09-18,54.893327844000005,55.066661159999995,54.416661225,54.47332788599999,12997693
2023-09-19,54.459994554,54.593327874,54.1183279215,54.459994554,14020486
2023-09-20,54.533327879999995,54.903327843,54.32002790133,54.636661202999996,10124650
2023-09-21,54.753327858,54.833327849999996,53.929994607,53.973327936,18787490
2023-09-22,54.076661259,54.409994559,53.973327936,54.116661255,13216918
2023-09-25,54.123327921000005,54.369994563000006,53.95539460446,54.356661231,10459423
2023-09-26,54.313327902,54.514227881909996,54.116661255,54.16666125,14435815
2023-09-27,53.9999946,54.076661259,53.429994656999995,53.906661276,15711104
2023-09-28,53.9999946,54.276661239000006,53.863361280330004,54.179994582,11617117
2023-09-29,54.343327899,54.376661229,53.061661360500004,53.309994669000005,18842441
2023-10-02,53.163328017000005,53.423327991,52.769994723,53.36666133,12992842
2023-10-03,53.229994677,53.58249464175,52.89336137733,53.029994697,11253175
2023-10-04,53.216661345,53.683327965000004,53.003328032999995,53.6666613,15755840
2023-10-05,53.483327984999995,53.653327968,52.9999947,53.026661364000006,14269606
2023-10-06,52.883328045,52.996661367,50.549994945,52.136661453,42616174
2023-10-09,51.69332816400001,51.951661471499996,51.086661557999996,51.946661472,21022544
2023-10-10,52.07666145899999,52.693328064000006,51.886661478,52.53332808,16014446
2023-10-11,52.753328057999994,53.163328017000005,52.346661432,52.743328059,12026776
2023-10-12,52.843328049,53.103328023,52.589994741000005,52.983328035,13514677
2023-10-13,53.08666135799999,53.486661318,52.966661370000004,53.27666133900001,13810885
2023-10-16,53.513327982,54.026661264000005,53.439994655999996,53.736661293000004,14348011
2023-10-17,53.579994642,53.90366127630001,53.46332798699999,53.80666128599999,10893373
2023-10-18,53.959994603999995,54.119994588000004,53.573327976,53.846661282,10559725
2023-10-19,53.809994619,53.94069460593,53.406661326,53.589994641000004,11745898
2023-10-20,53.60999463900001,53.7016612965,52.903328043,52.919994708,15057245
2023-10-23,52.909994708999996,53.783327955,52.673328066,53.669994632999995,17097110
2023-10-24,53.79999462,54.493327883999996,53.79666128699999,54.416661225,17535068
2023-10-25,54.386661228,54.776661189,54.156661251,54.253327907999996,16621781
2023-10-26,54.236661243,54.616661205,53.869994613,53.923327941000004,16220075
2023-10-27,53.826661284,53.989994601,53.516661315,53.723327960999995,13830214
2023-10-30,53.819994618,54.419994558,53.5949946405,54.339994566,12653653
2023-10-31,54.3333279,54.539994546,53.983327935,54.469994553,14168347
2023-11-01,54.736661193,55.126661154,54.326661234,54.956661171,14899390
2023-11-02,54.793327854,55.396661127,54.5416612125,55.173327816000004,15492203
2023-11-03,55.293327804,55.43166112349999,54.833327849999996,54.886661178,17240225
2023-11-06,54.833327849999996,55.209994478999995,54.689994530999996,54.959994504,14529238
2023-11-07,55.256661141,55.536661113,55.109994489,55.216661145,15023504
2023-11-08,55.279994472,55.426661124,54.526661214,54.76666119,15591833
2023-11-09,54.789994521000004,54.839994516000004,54.4149945585,54.639994535999996,15080699
2023-11-10,54.849994515000006,55.479994452,54.63332787,55.396661127,14321158
2023-11-13,55.459994454,55.956494404349996,55.348327798499994,55.893327744000004,15408845
2023-11-14,56.05666106099999,56.3819943618,55.749994425,55.883327745,19792520
2023-11-15,56.126661053999996,56.646661002,55.836661082999996,56.593327674,35769964
2023-11-16,52.916661375,53.149994684999996,51.83332815,52.013328132,97658590
2023-11-17,51.983328134999994,52.513328081999994,51.669994833,51.783328155,42533404
2023-11-20,51.846661481999995,52.003328133,51.669994833,51.766661490000004,26703846
2023-11-21,51.819994818000005,52.283328104999995,51.376661528999996,51.953328138,29382198
2023-11-22,51.906661476,52.016661465000006,51.459994854,51.556661510999994,26433525
2023-11-24,51.716661495000004,52.043328128999995,51.566661509999996,52.019994798,13975171
2023-11-27,51.983328134999994,52.453328088000006,51.983328134999994,52.256661441000006,23393648
2023-11-28,52.219994778,52.97462803587,52.219994778,52.879994712,23535029
2023-11-29,52.923328041000005,52.923328041000005,51.869994813000005,52.02666146400001,29896488
2023-11-30,52.006661466000004,52.116661455,51.50329484967,51.896661477,29925789
2023-12-01,51.793328154,51.869994813000005,50.876661579,51.446661522,39273664
2023-12-04,51.106661556,51.643328169,51.103328223,51.433328190000005,24883190
2023-12-05,51.483328185,51.949994804999996,51.246661542000005,51.909994809,21883832
2023-12-06,51.849994815,51.943328139,51.216661545,51.346661532,26447400
2023-12-07,51.449994855,51.513328181999995,50.741661592499995,50.819994918,25362582
2023-12-08,50.6666616,50.736661593,50.079994992,50.286661638000005,34069473
2023-12-11,50.379994962,50.483328285,49.846661682,50.413328292,31883253
2023-12-12,50.406661626,50.56666161,50.076661658999996,50.453328288,21382022
2023-12-13,50.516661615000004,51.349994865000006,50.213328311999994,51.349994865000006,35348674
2023-12-14,51.173328216,51.313328202,50.643328269,50.723328261,30891273
2023-12-15,50.593328274,51.153328218000006,50.513328281999996,50.913328242000006,70003597
2023-12-18,51.116661555,51.689994831,51.043328229,51.656661501,26316015
2023-12-19,51.613328172,51.896661477,51.363328197,51.843328149,24417095
2023-12-20,51.806661485999996,52.046661461999996,51.206661546,51.236661543000004,21967703
2023-12-21,51.3333282,51.686661498,51.3016615365,51.59999484,20087786
2023-12-22,51.816661485,52.383328095,51.71839482816,52.216661445,19405643
2023-12-26,52.216661445,52.329994767,52.036661463,52.136661453,11679964
2023-12-27,52.103328123,52.6483280685,52.053328128,52.626661404,19895966
2023-12-28,52.589994741000005,52.776661389000004,52.49999475,52.523328080999995,16776068
2023-12-29,52.509994749,52.693328064000006,52.386661428,52.549994745,21948200
2024-01-02,52.416661425,53.1783280155,52.396661427,53.096661356999995,23539679
2024-01-03,53.256661341000004,53.43332799,52.976661369000006,53.09999469,18756062
2024-01-04,53.069994693000005,53.179994682,52.496661417000006,52.586661408,19282472
2024-01-05,52.639994736,52.69999473,51.86666148,52.236661443,21709505
2024-01-08,52.233328109999995,52.764994723499996,52.2249947775,52.749994725,20680880
2024-01-09,52.643328069,53.113328022,52.576661408999996,53.103328023,23322380
2024-01-10,53.186661348,53.83336128333,53.186661348,53.763327956999994,20122040
2024-01-11,53.783327955,53.963327936999995,53.389994660999996,53.70332796300001,14355208
2024-01-12,53.789994621,53.84832794849999,53.459994654,53.773327955999996,13628968
2024-01-16,53.813327952,54.13332792,53.743327959,53.94332793900001,17032592
2024-01-17,53.793327954,53.99499460050001,53.543327979,53.689994631,14827663
2024-01-18,53.719994628,54.463327887,53.559994644,54.413327892000005,18190613
2024-01-19,54.476661219,54.523327881,53.813327952,54.126661254,19175297
2024-01-22,54.263327907,54.316661235,53.83332795,54.129994587,13938382
2024-01-23,54.039994596,54.283327905,53.923327941000004,54.266661240000005,12066517
2024-01-24,54.29999457,54.3549945645,53.439994655999996,53.49999465,22932863
2024-01-25,53.79999462,54.289994571,53.473327985999994,54.279994572,16369604
2024-01-26,54.349994565,54.793327854,54.219994578,54.756661191000006,15746312
2024-01-29,54.783327854999996,55.1349944865,54.506661216000005,55.013327831999995,18240314
2024-01-30,54.89999451,55.268327806500004,54.539994546,55.196661147,15270014
2024-01-31,55.93332774,55.93332774,55.036661163000005,55.083327825,26134878
2024-02-01,55.23332781,56.1179943882,55.059994494,56.103327723,20792555
2024-02-02,56.049994395,56.8583276475,55.973327735999995,56.523327681,21670688
2024-02-05,56.669994333,56.669994333,56.023327730999995,56.219994377999996,19145072
2024-02-06,56.263327706999995,56.649994334999995,56.113327722,56.603327673,14189785
2024-02-07,56.756660991000004,56.886660978,56.399994359999994,56.459994353999996,17082467
2024-02-08,56.459994353999996,56.849994315000004,56.379994362,56.456661021,14427928
2024-02-09,56.463327686999996,56.576661009,56.306661035999994,56.426661024,14329867
2024-02-12,56.409994358999995,56.786660988,56.349994365,56.766660990000005,14795041
2024-02-13,56.873327646,57.023327631,56.089994391000005,56.379994362,18574217
2024-02-14,56.249994375,56.2916610375,55.846661082,56.19999438,18484604
2024-02-15,56.59999434,56.616661005,55.989994401,56.429994357,16948859
2024-02-16,56.763327657,57.309994269,56.429994357,56.786660988,22373543
2024-02-20,59.493327384,60.449993955,58.40999415899999,58.619994138,71788627
2024-02-21,58.3333275,58.526660814,57.59999424,57.899994209999996,40551544
2024-02-22,57.959994204,58.489994151,57.769994223,58.469994153,29512938
2024-02-23,58.696660797,59.216660745,58.436660823000004,58.519994148,74365777
2024-02-26,59.12,59.84,58.18,59.6,32154770
2024-02-27,59.64,59.8,59.22,59.59,18012750
2024-02-28,59.55,59.76,59.31,59.62,14803290
2024-02-29,59.45,59.49,58.59,58.61,29245140
2024-03-01,58.8,58.85,58.2,58.76,19030920
2024-03-04,58.5,59.39,58.4,59.3,16033300
2024-03-05,59.87,60.34,59.575,60.04,19676880
2024-03-06,60.12,60.62,60.04,60.57,12698710
2024-03-07,61,61.0699,60.345,60.36,16195300
2024-03-08,60,60.28,59.73,60.12,12143650
2024-03-11,60.1,60.71,59.87,60.66,14153970
2024-03-12,60.95,61.565,60.645,61.41,16613060
2024-03-13,61.26,61.455,60.88,61.28,15935190
2024-03-14,61.28,61.44,60.595,61.02,16584660
2024-03-15,60.68,61.15,60.46,60.68,50946330
2024-03-18,60.69,60.9,60.39,60.86,16801660
2024-03-19,60.97,61.07,60.6,60.87,12353620
2024-03-20,60.84,61.28,60.74,61.25,12007590
2024-03-21,61.28,61.655,61.05,61.45,14265870
2024-03-22,61.32,61.526,60.85,60.87,14029440
2024-03-25,60.87,60.985,60.36,60.57,14186630
2024-03-26,60.46,60.83,60.23,60.51,13738340
2024-03-27,60.87,61.05,60.38,60.72,14363410
2024-03-28,60.66,60.77,60.16,60.17,17535100
2024-04-01,60.31,60.76,59.93,60,13837600
2024-04-02,59.9,60.1,58.88,59.16,19510120
2024-04-03,59.38,59.5,58.94,59.43,14615100
2024-04-04,59.54,59.81,59.29,59.5,14436130
2024-04-05,59.55,60.04,59.49,59.85,10335910
2024-04-08,59.6,60.04,59.42,59.78,11070120
2024-04-09,59.87,59.97,59.3,59.79,10015920
2024-04-10,59.62,60.76,59.39,60.62,15097560
2024-04-11,60.75,60.89,60.07,60.09,10987600
2024-04-12,60,60.72,59.95,60.14,12280570
2024-04-15,60.51,60.7,59.91,59.93,10557180
2024-04-16,60.03,60.29,59.78,59.84,14726260
2024-04-17,60.15,60.43,59.57,59.65,15329690
2024-04-18,59.83,59.935,59.22,59.26,12061540
2024-04-19,59.45,59.67,58.97,59.53,14165800
2024-04-22,59.56,60.395,59.04,60.14,14909980
2024-04-23,60.25,60.35,58.555,59.09,17963950
2024-04-24,58.975,60.04,58.81,59.87,18529140
2024-04-25,60.05,60.53,59.8325,60.21,19262950
2024-04-26,60.11,60.39,60,60.16,11045220
2024-04-29,60.18,60.39,59.94,60.24,9788575
2024-04-30,60.2,60.3,59.16,59.35,14209160
2024-05-01,59.31,59.41,58.72,58.85,15470980
2024-05-02,58.94,59.885,58.58,59.71,17574120
2024-05-03,59.62,59.98,59.14,59.82,14207400
2024-05-06,60,60,59.39,59.87,11119400
2024-05-07,60.17,60.8,60.05,60.62,14520240
2024-05-08,60.63,60.845,60.22,60.3,11015700
2024-05-09,60.2,60.5799,59.95,60.44,14550460
2024-05-10,60.41,60.58,60.16,60.48,12356610
2024-05-13,60.62,61.345,60.29,60.41,19260520
2024-05-14,60.52,60.55,59.435,59.86,18780140
2024-05-15,59.83,59.94,59.47,59.83,22240560
2024-05-16,64.22,64.415,62.94,64.01,60545610
2024-05-17,64.24,64.88,63.63,64.65,29330380
2024-05-20,64.42,64.76,63.87,64.18,15001390
2024-05-21,64.53,65.19,64.45,65.15,17131690
2024-05-22,64.98,65.69,64.73,65.25,14879430
2024-05-23,65.17,65.515,64.56,64.84,16222950
2024-05-24,65.13,65.69,65.01,65.38,11795020
2024-05-28,65.22,65.47,64.74,65.04,13349620
2024-05-29,64.75,65.21,64.65,64.92,11538550
2024-05-30,64.93,65.1711,64.77,64.89,13053480
2024-05-31,64.67,65.9,64.16,65.76,27632220
2024-06-03,65.51,65.84,65.1603,65.82,11578710
2024-06-04,65.99,66.635,65.835,66.6,14780760
2024-06-05,66.57,67.15,66.28,67.09,14982670
2024-06-06,67.06,67.44,66.77,67.15,13256010
2024-06-07,67.4,67.565,65.635,65.88,20213210
2024-06-10,67.19,67.33,66.27,66.96,21667420
2024-06-11,66.95,66.96,66.35,66.73,13367510
2024-06-12,66.85,66.94,65.898,66.31,11704700
2024-06-13,66.3,66.76,65.9491,66.7,11196600
2024-06-14,66.54,67.11,66.3,67.02,12590150
2024-06-17,66.92,67.44,66.4125,67.42,12103040
2024-06-18,67.63,67.87,67.295,67.6,12093550
2024-06-20,67.35,68.13,67.3,68.01,13860760
2024-06-21,68.26,68.55,67.83,67.91,25891530
2024-06-24,68.05,69.04,67.9,68.9,12470450
2024-06-25,67.17,67.59,66.55,67.42,20904040
2024-06-26,67.4,68.5999,67.21,68.29,14177520
2024-06-27,68.29,68.58,67.665,67.88,12899190
2024-06-28,67.87,68.0981,67.32,67.71,18816720
2024-07-01,67.89,68.24,67.25,67.48,8666021
2024-07-02,67.44,68.085,67.26,68.07,9436487
2024-07-03,67.81,68.25,67.62,68.24,6287545
2024-07-05,68.16,70.15,68.1,70.04,21586100
2024-07-08,69.9,70.14,69.35,69.68,12077680
2024-07-09,69.9,70.25,69.67,69.9,9781831
2024-07-10,70.1,70.44,69.72,70.41,10803410
2024-07-11,70.18,70.45,69.26,69.8,15624800
2024-07-12,69.9,70.0299,69.17,69.24,12145320
2024-07-15,69.3,69.975,69.3,69.61,10171140
2024-07-16,69.82,70.24,69.58,69.99,9836824
2024-07-17,70.18,71.1,69.95,71.03,13533790
2024-07-18,70.68,71.19,70.43,70.82,10682740
2024-07-19,71.2,71.33,70.65,70.75,11665530
2024-07-22,70.86,71.26,70.2301,70.38,12666130
2024-07-23,70.47,70.7,70.11,70.65,9263561
2024-07-24,70.52,70.84,70.34,70.6,22490780
2024-07-25,70.6,70.77,69.95,70.02,18821200
2024-07-26,70.23,70.235,68.83,69.78,16789310
2024-07-29,69.85,69.9,69.13,69.62,10315310
2024-07-30,69.55,69.845,68.98,69.19,12522470
2024-07-31,69.18,69.25,68.29,68.64,22908760
2024-08-01,68.91,69.8,68.52,69.79,17275530
2024-08-02,69.6,70.235,67.74,68.46,23578660
2024-08-05,68.1,68.58,66.91,67.59,20770460
2024-08-06,67.84,68.63,67.68,67.74,14815070
2024-08-07,67.87,68.01,66.81,66.91,18499200
2024-08-08,66.84,67.9199,66.67,67.66,12489820
2024-08-09,67.85,68.22,67.33,67.95,13805580
2024-08-12,68.34,69.225,68.07,68.7,17385280
2024-08-13,68.43,68.61,67.14,68.13,26557900
2024-08-14,67.92,68.79,67.85,68.66,22928550
2024-08-15,74.12,74.44,72.78,73.18,49567500
2024-08-16,72.7,73.605,72.52,73.45,19872140
2024-08-19,73.39,73.98,73.34,73.72,13709270
2024-08-20,73.75,74.75,73.72,74.54,14433990
2024-08-21,75.3,75.58,74.59,75.24,14831990
2024-08-22,75.37,76.22,75.15,75.58,16511140
2024-08-23,75.6,75.81,75.0077,75.7,12299090
2024-08-26,75.9,76.205,75.57,76.03,9508215
2024-08-27,76.45,76.45,75.77,76.13,11557760
2024-08-28,76.28,76.43,75.805,76.08,9814264
2024-08-29,75.99,76.47,75.67,76.42,11856790
2024-08-30,76.44,77.475,76.22,77.23,23229980
2024-09-03,77.33,77.81,76.795,77.17,22666140
2024-09-04,77.33,77.48,76.73,77.24,18442780
2024-09-05,77.25,77.45,76.39,76.96,13082890
2024-09-06,76.9,77.32,76.3,76.64,14548590
2024-09-09,76.85,77.47,76.49,77.34,22260230
2024-09-10,77.35,78.9,77.28,78.81,17686280
2024-09-11,78.38,78.92,77.565,78.84,19518760
2024-09-12,78.99,79.905,78.6221,79.66,14884850
2024-09-13,79.82,80.685,79.69,80.6,12994100
2024-09-16,80.84,81.02,80.14,80.56,15346370
2024-09-17,79.76,80.26,78.26,78.6,21065940
2024-09-18,78.64,79.41,78.28,79.03,15684880
2024-09-19,79.05,79.09,77.49,78.04,21525690
2024-09-20,78.23,79.61,78.11,79.06,39534250
2024-09-23,79.07,80.4374,79.07,80.33,12147260
2024-09-24,80.48,80.91,80.24,80.67,14651130
2024-09-25,80.89,81.6,80.68,81.4,14163790
2024-09-26,81.04,81.2,79.26,79.92,17061130
2024-09-27,79.9,80.2875,79.6,79.78,11899050
2024-09-30,79.89,80.94,79.86,80.75,19008190
2024-10-01,80.68,81.53,80.435,81.27,16054250
2024-10-02,80.99,80.99,80.12,80.43,16618270
2024-10-03,80.3,80.575,79.85,80.43,11640420
2024-10-04,80.05,81.115,79.85,80.94,11591390
2024-10-07,80.69,80.94,78.98,79.1,16791650
2024-10-08,79.62,79.82,79.07,79.71,15269960
2024-10-09,79.82,80.5,79.75,80.4,12413030
2024-10-10,80.31,80.32,79.46,79.61,10812700
2024-10-11,79.7,80.13,79.37,80.1,9570734
2024-10-14,80.05,80.51,79.76,80.29,9914477
2024-10-15,80.67,81.8201,80.51,81.65,13276220
2024-10-16,81.53,81.66,80.62,81.22,11123250
2024-10-17,81.27,81.5,80.645,80.89,9424705
2024-10-18,80.87,81.69,80.66,81.31,12324150
2024-10-21,81.23,81.5496,80.72,80.81,9750376
2024-10-22,81.11,82.225,80.825,82.02,12240150
2024-10-23,81.89,83.34,81.8,83.27,13058240
2024-10-24,82.96,83.315,82.58,83.04,11645860
2024-10-25,83.2,83.3,82.435,82.51,8959412
2024-10-28,82.75,83.08,82.47,82.75,7990186
2024-10-29,82.67,82.86,81.665,81.7,9682403
2024-10-30,81.6,81.83,81.3,81.39,9268824
2024-10-31,81.29,82.44,81.22,81.95,15538970
2024-11-01,82.53,82.53,81.54,82.19,12181830
2024-11-04,82.2,82.905,82,82.45,11731040
2024-11-05,82.68,83.77,82.51,83.68,10612490
2024-11-06,85.14,85.54,82.06,83.44,19974040
2024-11-07,83.72,84.39,83.42,83.85,12665780
2024-11-08,84.28,85.42,84.23,84.83,14396540
2024-11-11,84.95,85.41,84.12,84.21,10433170
2024-11-12,84.5,85.53,84.5,84.99,12860190
2024-11-13,84.99,85.79,84.77,85.5,12802620
2024-11-14,85.03,85.76,84.34,84.47,15740730
2024-11-15,84.53,84.78,83.942,84.25,17370600
2024-11-18,84.82,84.85,83.66,84.08,25278120
2024-11-19,86.23,88.29,85.91,86.6,36340860
2024-11-20,86.6,87.2,85.91,87.18,18183190
2024-11-21,87.45,88.64,86.93,88.39,18729220
2024-11-22,89.41,90.91,88.93,90.44,23990650
2024-11-25,90.5,90.95,89.06,89.5,25078630
2024-11-26,89.89,91.88,89.84,91.31,16657020
2024-11-27,92,92.25,91.31,91.88,14358860
2024-11-29,92.26,92.64,91.82,92.5,11041180
2024-12-02,92.82,92.9887,91.95,92.64,17172950
2024-12-03,92.78,93.59,92.26,93.51,17775230
2024-12-04,93.45,94.515,93.05,94.45,17312580
2024-12-05,94.89,95.6,94.34,95.3,21932330
2024-12-06,95.54,96.18,95.33,95.7,18803500
2024-12-09,95.66,95.94,93.602,93.83,20931080
2024-12-10,94.05,95.24,93.77,94.55,13164490
2024-12-11,94.54,95.69,94.5,94.96,19682090
2024-12-12,95.68,95.715,94.09,94.09,14298630
2024-12-13,93.8,94.68,93.04,94.25,11495850
2024-12-16,94.42,95.705,94.1048,94.87,16741990
2024-12-17,95.14,95.49,94.32,95.42,23560820
2024-12-18,95.34,95.895,93.1304,93.55,24665600
2024-12-19,94.48,94.565,93.36,93.4,16606500
2024-12-20,93.01,93.7486,91.63,92.24,49350590
2024-12-23,91.5,91.5,88.91,90.35,26205380
2024-12-24,90.37,92.68,90.35,92.68,8992427
2024-12-26,92.54,92.875,92.17,92.79,10997610
2024-12-27,92.13,92.35,91.03,91.66,11384360
2024-12-30,90.73,91.07,90.13,90.57,9790196
2024-12-31,90.57,90.94,90.055,90.35,11267650
2025-01-02,89.98,90.6,89.52,90,14820440
2025-01-03,90.15,91.3,90.14,90.78,10834630
2025-01-06,90.83,92.47,90.67,91.43,14519860
2025-01-07,91.7,91.94,90.45,90.81,11238040
2025-01-08,91.11,91.845,90.82,91.8,13453630
2025-01-10,92.49,93.575,92.2,93,18140860
2025-01-13,92.12,92.43,91.1,91.53,18617080
2025-01-14,91.86,91.98,90.565,90.79,13549160
2025-01-15,91.065,91.725,90.81,91.34,17348170
2025-01-16,91.5,91.72,90.12,91.3,13267720
2025-01-17,92.07,92.26,91.05,91.94,15868210
2025-01-21,92.48,94.24,92.31,93.08,23247450
2025-01-22,93.77,94,92.52,93.23,15567060
2025-01-23,92.96,93.81,92.32,93.81,14198440
2025-01-24,93.54,95.01,93.455,94.76,14973770
2025-01-27,95.9,97.46,94.82,97.4,18880610
2025-01-28,97.23,97.84,96.7251,97.29,14641620
2025-01-29,97.425,98.17,97.22,97.5,11261440
2025-01-30,97.69,98.93,97.42,98.65,11012220
2025-01-31,99,99,97.7,98.16,16413890
2025-02-03,96.77,99.79,96.47,99.54,20484150
2025-02-04,99.97,100.95,99.69,100.77,15201190
2025-02-05,100.65,102.58,100.54,102.46,15926720
2025-02-06,102.53,103.02,101.94,102.85,13088470
2025-02-07,103,103.11,101.11,101.15,12451070
2025-02-10,101.95,102.93,101.25,102.92,15274640
2025-02-11,102.62,102.85,101.85,102.47,11953630
2025-02-12,102.12,103.9,102.04,103.61,15162130
2025-02-13,104,105.24,103.53,105.05,12604410
2025-02-14,105.3,105.3,103.6,104.04,14109460
2025-02-18,103.72,103.99,102.51,103.78,18247310
2025-02-19,103.85,104.2,102.55,104,18507980
2025-02-20,98.78,100.12,96.6808,97.21,55450920
2025-02-21,96.53,96.85,94.115,94.78,35014810
2025-02-24,94.18,94.64,92.12,93.67,29755880
2025-02-25,94.35,97.91,94.24,97.69,29331190
2025-02-26,97.7,98.725,96.07,96.2,19069720
2025-02-27,95.9,98.0399,95.8092,96.79,16431470
2025-02-28,97.79,98.86,97.17,98.61,25451260
2025-03-03,97.98,99.49,96.825,97.59,18372190
2025-03-04,95.76,97.05,94.46,94.97,25227670
2025-03-05,94.97,96.39,94.75,95.98,17638960
2025-03-06,94.8,96.19,94.1833,94.64,19957800
2025-03-07,93.94,93.95,90.76,91.72,35913160
2025-03-10,89.76,90.23,86.61,87.82,35148840
2025-03-11,87.29,89.345,87.14,87.44,28687590
2025-03-12,87.88,89.1,84.88,85.2,33301610
2025-03-13,84.94,85.45,83.87,84.5,31507750
2025-03-14,84.96,85.37,84.06,85.35,35500650
2025-03-17,85.13,87.985,84.98,87.46,26297770
2025-03-18,87.44,87.675,85.5,85.59,17850930
2025-03-19,85.95,86.785,85.62,86.33,24555860
2025-03-20,85.81,87.08,85.515,85.81,18185510
2025-03-21,85.28,86.23,84.78,85.98,26797180
2025-03-24,86.47,87.65,86.35,87.49,17900730
2025-03-25,86.76,87.305,84.62,84.76,27908570
2025-03-26,85.19,85.56,84.57,85.21,27241500
2025-03-27,84.775,86.11,84.775,85.63,16782810
2025-03-28,85.43,85.83,84.7,85.15,14790570
2025-03-31,84.76,88.2,84.37,87.79,30269310
2025-04-01,87.535,89.11,87.37,88.83,22080250
2025-04-02,88.2,90.145,88.1175,89.76,19384140
2025-04-03,86.28,89.88,86.28,87.26,33012930
2025-04-04,85.64,87.39,82.65,83.19,36209020
2025-04-07,80.24,86.26,79.81,83.83,36884940
2025-04-08,85.85,86.965,81.03,81.79,34351740
2025-04-09,83.325,90.8,83.02,89.6,46632760
2025-04-10,88.73,91.87,88.1634,90.61,34735320
2025-04-11,90.68,93.35,90.01,92.8,25508140
2025-04-14,93.27,95.44,92.9,94.73,27742920
2025-04-15,94.82,96.03,93.87,93.97,21871210
2025-04-16,94,94.3,90.61,91.19,22229110
2025-04-17,91.83,93.87,91.62,93.22,21393920
2025-04-21,93.02,94.08,91.34,92.41,18361210
2025-04-22,92.88,95.29,92.88,94.85,15407770
2025-04-23,95.0164,96.6,94.1619,94.96,18046890
2025-04-24,94.71,96.215,93.6601,95.84,13444530
2025-04-25,95.8,96.47,94.36,95.09,15317220
2025-04-28,95.1,96,94.34,95.22,12950000
2025-04-29,94.84,96.18,94.42,96.04,12679030
2025-04-30,95.94,97.78,94.93,97.25,21639860
2025-05-01,97.015,97.9,96.59,97.41,13171780
2025-05-02,97.95,99.22,97.85,98.75,16031370
2025-05-05,98.94,99.74,98.53,99.33,12439130
2025-05-06,98.74,99.47,98.41,98.55,10626000
2025-05-07,98.55,99.2308,98.31,98.83,11310190
2025-05-08,98.75,99.33,97.355,97.43,14461120
2025-05-09,96.75,97.2,96.29,96.72,13697820
2025-05-12,97.67,97.97,95.62,96.75,26783930
2025-05-13,96.5,97.32,95.225,95.88,19746660
2025-05-14,96.025,97.33,95.83,96.83,25620110
2025-05-15,94.3,96.72,91.89,96.35,44026130
2025-05-16,96.14,99.1946,95.995,98.24,33746190
2025-05-19,96.65,98.28,95.81,98.12,20041570
2025-05-20,98.555,98.8183,96.52,97.8,15609610
2025-05-21,97.125,97.7556,95.975,96.43,15742340
2025-05-22,96.54,96.96,95.815,95.93,13712160
2025-05-23,95.34,96.54,95,96.34,13668620
2025-05-27,97.3,97.795,96.58,97.58,17180940
2025-05-28,97.52,98.24,97.06,97.24,11220100
2025-05-29,97.63,97.77,96.8509,97.1,14343740
2025-05-30,96.96,98.93,96.6,98.72,29980070
2025-06-02,98.84,99.905,98.05,99.77,16999210
2025-06-03,99.565,100.89,98.57,99.98,15598640
2025-06-04,99.79,100.13,99.32,99.35,11115650
2025-06-05,99.295,99.59,97.605,97.96,15825280
2025-06-06,98.37,98.56,96.97,97.47,15599290
2025-06-09,97.4,97.85,96.77,97.45,13655700
2025-06-10,97.29,98.0892,96.48,97.32,17162470
2025-06-11,97.29,97.29,95.35,95.8,16389620
2025-06-12,94.89,95.26,93.43,94.83,17845700
2025-06-13,94.52,95.32,94.005,94.44,18694740
2025-06-16,94.75,95.78,94.095,94.29,14881660
2025-06-17,93.95,94.82,93.62,94.25,14935630
2025-06-18,94.57,95.49,94.09,95.09,11333690
2025-06-20,95.24,96.31,95.2,96.12,20604920
2025-06-23,95.92,97.93,95.67,97.87,20432350
2025-06-24,97.73,99.105,97.25,98,22403660
2025-06-25,98.31,98.56,97.15,97.26,11154680
2025-06-26,96.9,97.34,95.915,96.02,19361420
2025-06-27,96.32,97.76,96.16,97.27,31431910
2025-06-30,97.23,98.14,96.31,97.78,17803030
2025-07-01,97.6,99.1899,97.4238,98.24,15635850
2025-07-02,98.125,98.3817,97.055,97.61,12501970
2025-07-03,97.7,98.48,97.42,98.36,7686204
2025-07-07,98.23,99.35,97.62,99.35,12930910
2025-07-08,98.82,99.17,96.51,97.09,16874950
2025-07-09,97.15,97.29,96.38,96.81,13702620
2025-07-10,96.66,96.78,94.735,94.86,18894790
2025-07-11,95.005,95.5344,94.23,94.4,14595050
2025-07-14,94.51,95.84,94.38,95.78,13779080
2025-07-15,95.6,95.78,94.935,95.39,10450760
2025-07-16,95.415,95.8296,94.605,95.15,11181550
2025-07-17,95.075,95.63,94.89,95.09,11165130
2025-07-18,95.085,95.4801,94.43,95.05,14636290
2025-07-21,95.255,96.64,95.1,95.67,13450360
2025-07-22,95.84,96.67,95.74,95.85,9049130
2025-07-23,96.01,96.29,95.29,95.68,9729672
2025-07-24,95.57,96.955,95.35,96.6,14991520
2025-07-25,96.84,97.65,96.53,97.47,12868470
2025-07-28,97.28,98.125,97.075,97.61,12293060
2025-07-29,97.78,98.72,97.34,98.33,14034270
2025-07-30,98.61,98.88,97.29,97.59,13864100
2025-07-31,97.44,98.63,97.31,97.98,15651350
2025-08-01,98,98.83,97.6705,98.49,16750410
2025-08-04,98.2,99.91,98.2,99.59,19050210
2025-08-05,99.67,100.47,98.91,99.31,17977010
2025-08-06,99.46,103.685,99.46,103.36,23738420
2025-08-07,103.46,103.9,102.11,103.12,12509480
2025-08-08,103.37,104.72,103.15,103.73,12394720
2025-08-11,103.9,104.33,103.11,103.93,12856710
2025-08-12,104.25,104.31,103.37,103.62,17919330
2025-08-13,102.15,102.805,100.85,100.99,19398500
2025-08-14,101.22,101.44,100.72,100.85,10858450
2025-08-15,100.63,100.77,99.5402,100,13604940
2025-08-18,100,100.875,99.915,100.7,11656140
2025-08-19,100.96,102.43,100.8,101.29,16999000
2025-08-20,101.15,102.65,100.93,102.57,18655030
2025-08-21,99.41,99.45,96.95,97.96,51825050
2025-08-22,98.065,99.05,96.76,96.83,32695180
2025-08-25,97,97.58,96.07,96.07,18956140
2025-08-26,96.275,96.47,95.42,96.05,22270350
2025-08-27,95.9,96.315,95.6,96.08,12925660
2025-08-28,96,96.57,95.7,96.11,19241630
2025-08-29,96.1,97.025,95.795,96.98,15600270
2025-09-02,97.23,97.85,96.51,97.85,15351290
2025-09-03,97.85,99.44,97.5,99.44,18995910
2025-09-04,99.91,101.35,99.65,100.93,15640900
2025-09-05,101.08,101.48,99.55,100.51,13748450
2025-09-08,100.85,102.36,100.42,102.28,13685740
2025-09-09,102,102.49,101.55,102.29,11819660
2025-09-10,101.95,102.4499,100.39,100.41,17934870
2025-09-11,100.99,102.775,100.28,102.65,15900790
2025-09-12,102.535,103.975,102.36,103.49,11641930
2025-09-15,103.65,103.98,103.405,103.69,10756880
2025-09-16,103.85,104.21,103.13,103.42,14481860
2025-09-17,103.73,106.11,103.73,104.27,25382020
2025-09-18,103.78,104.635,102.12,103.6,14869390
2025-09-19,103.81,103.94,102.09,102.33,34791570
2025-09-22,102.45,103.2,101.9211,102.82,12861950
2025-09-23,102.41,102.68,101.33,102.52,13158660
2025-09-24,103.04,103.47,102.475,102.73,11391830
2025-09-25,103.215,103.51,102.58,103.05,13366750
2025-09-26,102.875,103.49,102.47,103.16,11859270
2025-09-29,103.05,103.31,102.075,103.08,15477160
2025-09-30,103,103.935,102.72,103.06,13873390
